⚠ [1865/1965] Replayed M5QuotientFinite
warning: M5QuotientFinite.lean:6:2: Try this: 
  letI̵

The goal is a proposition, so `let` is preferred over `letI`.
The difference between `let` and `letI` is that `letI` inlines the value.
But this is not relevant for proofs because of proof irrelevance.

Note: This linter can be disabled with `set_option linter.style.haveILetI false`
warning: M5QuotientFinite.lean:4:2: Unused tactic linter: `change ∀ (F : M5.BinaryPolynomial), F.Monic → Finite (AdjoinRoot F)` does nothing

Note: This linter can be disabled with `set_option linter.unusedTactic false`
⚠ [1880/1965] Replayed M5StageOne
warning: M5StageOne.lean:4:2: Unused tactic linter: `change ∀ (w T : ℕ), 2 ≤ w → 0 < T → T < M5.packingCutoff w T` does nothing

Note: This linter can be disabled with `set_option linter.unusedTactic false`
warning: M5StageOne.lean:25:40: This simp argument is unused:
  Nat.mul_mod

Hint: Omit it from the simp argument list.
  [apply] simp [M5.packedExponent, Nat.add_mod, Nat.mod_eq_of_lt hr]

Note: This linter can be disabled with `set_option linter.unusedSimpArgs false`
warning: M5StageOne.lean:23:2: Unused tactic linter: `change ∀ (T r j : ℕ), r < T → M5.packedExponent T r j % T = r` does nothing

Note: This linter can be disabled with `set_option linter.unusedTactic false`
warning: M5StageOne.lean:28:2: Unused tactic linter: `change ∀ (T E j : ℕ), T ∣ E → T ∣ T + j * E` does nothing

Note: This linter can be disabled with `set_option linter.unusedTactic false`
warning: M5StageOne.lean:33:2: Unused tactic linter: `change
  ∀ (total excluded included : ℕ), total = excluded + included → 0 < total → excluded = 0 → 0 < included` does nothing

Note: This linter can be disabled with `set_option linter.unusedTactic false`
warning: M5StageOne.lean:38:2: Unused tactic linter: `change ∀ (w T e k : ℕ), 0 < T → w ≤ k → w * T ≤ e + k * T` does nothing

Note: This linter can be disabled with `set_option linter.unusedTactic false`
warning: M5StageOne.lean:43:2: Unused tactic linter: `change
  ∀ (w T E N : ℕ), N < M5.packingCutoff w T + E → E ≤ 2 ^ (w * T) → N < M5.birthBound w T` does nothing

Note: This linter can be disabled with `set_option linter.unusedTactic false`
warning: M5StageOne.lean:50:2: Unused tactic linter: `change
  ∀ (T r s j k : ℕ), r < T → s < T → M5.packedExponent T r j = M5.packedExponent T s k → r = s ∧ j = k` does nothing

Note: This linter can be disabled with `set_option linter.unusedTactic false`
warning: M5StageOne.lean:65:2: Unused tactic linter: `change
  ∀ (w T r j e k : ℕ), r < T → j < w → w ≤ k → M5.packedExponent T r j ≠ e + k * T` does nothing

Note: This linter can be disabled with `set_option linter.unusedTactic false`
⚠ [1883/1965] Replayed M5PackingInjective
warning: M5PackingInjective.lean:18:4: Try `simp at hi` instead of `simpa using hi`

Note: This linter can be disabled with `set_option linter.unnecessarySimpa false`
warning: M5PackingInjective.lean:4:2: Unused tactic linter: `change
  ∀ (w T : ℕ) (r : Fin w → Fin T) (i j : Fin w),
    i < j → r i = r j → M5.Packing.occurrenceTag r i < M5.Packing.occurrenceTag r j` does nothing

Note: This linter can be disabled with `set_option linter.unusedTactic false`
warning: M5PackingInjective.lean:23:45: This simp argument is unused:
  Nat.mul_mod

Hint: Omit it from the simp argument list.
  [apply] simp [M5.Packing.packedValue, Nat.add_mod, Nat.mod_eq_of_lt (r i).isLt]

Note: This linter can be disabled with `set_option linter.unusedSimpArgs false`
warning: M5PackingInjective.lean:21:2: Unused tactic linter: `change
  ∀ (w T : ℕ) (r : Fin w → Fin T) (i : Fin w), M5.Packing.packedValue r i % T = (r i).val` does nothing

Note: This linter can be disabled with `set_option linter.unusedTactic false`
warning: M5PackingInjective.lean:26:2: Unused tactic linter: `change
  ∀ (w T : ℕ) (r : Fin w → Fin T), Function.Injective (M5.Packing.packedValue r)` does nothing

Note: This linter can be disabled with `set_option linter.unusedTactic false`
⚠ [1885/1965] Replayed M5Accepted
warning: M5Accepted.lean:15:2: Unused tactic linter: `change ∀ T E L : ℕ, 0 < E → T < L → ∃ j : ℕ, L ≤ T + j * E ∧ T + j * E < L + E` does nothing

Note: This linter can be disabled with `set_option linter.unusedTactic false`
warning: M5Accepted.lean:29:2: Unused tactic linter: `change ∀ N : ℕ, M5.cyclicModulus N = (Polynomial.X : M5.BinaryPolynomial) ^ N - 1` does nothing

Note: This linter can be disabled with `set_option linter.unusedTactic false`
warning: M5Accepted.lean:34:2: Unused tactic linter: `change
  ∀ w T E : ℕ,
    2 ≤ w →
      0 < T →
        0 < E →
          E ≤ 2 ^ (w * T) → ∃ j : ℕ, M5.packingCutoff w T ≤ T + j * E ∧ T + j * E < M5.birthBound w T` does nothing

Note: This linter can be disabled with `set_option linter.unusedTactic false`
warning: M5Accepted.lean:43:2: Unused tactic linter: `change ∀ E N : ℕ, E ∣ N → M5.cyclicModulus E ∣ M5.cyclicModulus N` does nothing

Note: This linter can be disabled with `set_option linter.unusedTactic false`
warning: M5Accepted.lean:50:2: Unused tactic linter: `change
  ∀ T E j : ℕ,
    M5.cyclicModulus (T + j * E) - M5.cyclicModulus T =
      (Polynomial.X : M5.BinaryPolynomial) ^ T * M5.cyclicModulus (j * E)` does nothing

Note: This linter can be disabled with `set_option linter.unusedTactic false`
warning: M5Accepted.lean:56:2: Unused tactic linter: `change
  ∀ (G : M5.BinaryPolynomial) (T E j : ℕ),
    G ∣ M5.cyclicModulus E → G ∣ M5.cyclicModulus (T + j * E) - M5.cyclicModulus T` does nothing

Note: This linter can be disabled with `set_option linter.unusedTactic false`
warning: M5Accepted.lean:67:2: Unused tactic linter: `change
  ∀ (G D : M5.BinaryPolynomial) (T E j : ℕ),
    G ∣ M5.cyclicModulus E → D ∣ G → (D ∣ M5.cyclicModulus (T + j * E) ↔ D ∣ M5.cyclicModulus T)` does nothing

Note: This linter can be disabled with `set_option linter.unusedTactic false`
warning: M5Accepted.lean:78:2: Unused tactic linter: `change
  ∀ (a b D : M5.BinaryPolynomial) (T E j : ℕ),
    EuclideanDomain.gcd a b ∣ M5.cyclicModulus E →
      ((D ∣ a ∧ D ∣ b ∧ D ∣ M5.cyclicModulus (T + j * E)) ↔ (D ∣ a ∧ D ∣ b ∧ D ∣ M5.cyclicModulus T))` does nothing

Note: This linter can be disabled with `set_option linter.unusedTactic false`
warning: M5Accepted.lean:89:2: Unused tactic linter: `change
  ∀ (F : M5.BinaryPolynomial) (N : ℕ), F ∣ M5.cyclicModulus N ↔ (AdjoinRoot.root F) ^ N = 1` does nothing

Note: This linter can be disabled with `set_option linter.unusedTactic false`
warning: M5Accepted.lean:99:2: Unused tactic linter: `change ∀ (F : M5.BinaryPolynomial), F.coeff 0 = 1 → IsUnit (AdjoinRoot.root F)` does nothing

Note: This linter can be disabled with `set_option linter.unusedTactic false`
warning: M5Accepted.lean:113:2: Try this: 
  letI̵

The goal is a proposition, so `let` is preferred over `letI`.
The difference between `let` and `letI` is that `letI` inlines the value.
But this is not relevant for proofs because of proof irrelevance.

Note: This linter can be disabled with `set_option linter.style.haveILetI false`
warning: M5Accepted.lean:111:2: Unused tactic linter: `change
  ∀ (F : M5.BinaryPolynomial),
    F.Monic →
      F.coeff 0 = 1 →
        0 < M5.signaturePeriod F ∧ ∀ N : ℕ, F ∣ M5.cyclicModulus N ↔ M5.signaturePeriod F ∣ N` does nothing

Note: This linter can be disabled with `set_option linter.unusedTactic false`
warning: M5Accepted.lean:121:2: Unused tactic linter: `change
  ∀ (F G : M5.BinaryPolynomial),
    F.Monic →
      F.coeff 0 = 1 → G.Monic → G.coeff 0 = 1 → F ∣ G → M5.signaturePeriod F ∣ M5.signaturePeriod G` does nothing

Note: This linter can be disabled with `set_option linter.unusedTactic false`
warning: M5Accepted.lean:128:2: Unused tactic linter: `change M5.signaturePeriod (1 : M5.BinaryPolynomial) = 1` does nothing

Note: This linter can be disabled with `set_option linter.unusedTactic false`
warning: M5Accepted.lean:134:2: Unused tactic linter: `change
  ∀ F : M5.BinaryPolynomial, F.Monic → Nat.card (AdjoinRoot F) = 2 ^ F.natDegree` does nothing

Note: This linter can be disabled with `set_option linter.unusedTactic false`
warning: M5Accepted.lean:146:2: Try this: 
  letI̵

The goal is a proposition, so `let` is preferred over `letI`.
The difference between `let` and `letI` is that `letI` inlines the value.
But this is not relevant for proofs because of proof irrelevance.

Note: This linter can be disabled with `set_option linter.style.haveILetI false`
warning: M5Accepted.lean:144:2: Unused tactic linter: `change
  ∀ F : M5.BinaryPolynomial, F.Monic → F.coeff 0 = 1 → M5.signaturePeriod F ≤ 2 ^ F.natDegree` does nothing

Note: This linter can be disabled with `set_option linter.unusedTactic false`
warning: M5Accepted.lean:153:2: Unused tactic linter: `change ∀ R r w : ℕ, 0 < R → ∃ k : ℕ, w ≤ k ∧ k < w + R ∧ Nat.ModEq R k r` does nothing

Note: This linter can be disabled with `set_option linter.unusedTactic false`
warning: M5Accepted.lean:166:22: Used `tac1 <;> tac2` where `(tac1; tac2)` would suffice

Note: This linter can be disabled with `set_option linter.unnecessarySeqFocus false`
warning: M5Accepted.lean:170:2: Unused tactic linter: `change
  ∀ δ e : ℕ,
    0 < δ →
      ∃ r : ℕ, r < M5.CRT.primeProduct δ ∧ ∀ p ∈ δ.primeFactors, Nat.ModEq p r (M5.CRT.repairResidue e p)` does nothing

Note: This linter can be disabled with `set_option linter.unusedTactic false`
warning: M5Accepted.lean:194:4: try 'simp' instead of 'simpa'

Note: This linter can be disabled with `set_option linter.unnecessarySimpa false`
warning: M5Accepted.lean:183:2: Unused tactic linter: `change
  ∀ p δ T e : ℕ, p.Prime → p ∣ δ → Nat.gcd (Nat.gcd T δ) e = 1 → ¬p ∣ e + M5.CRT.repairResidue e p * T` does nothing

Note: This linter can be disabled with `set_option linter.unusedTactic false`
warning: M5Accepted.lean:197:2: Unused tactic linter: `change
  ∀ δ T e k : ℕ,
    0 < δ →
      Nat.gcd (Nat.gcd T δ) e = 1 →
        (∀ p ∈ δ.primeFactors, Nat.ModEq p k (M5.CRT.repairResidue e p)) → Nat.gcd δ (e + k * T) = 1` does nothing

Note: This linter can be disabled with `set_option linter.unusedTactic false`
warning: M5Accepted.lean:208:2: Unused tactic linter: `change
  ∀ δ T e w : ℕ,
    0 < δ → 0 < T → Nat.gcd (Nat.gcd T δ) e = 1 → ∃ k : ℕ, w ≤ k ∧ k < w + δ ∧ Nat.gcd δ (e + k * T) = 1` does nothing

Note: This linter can be disabled with `set_option linter.unusedTactic false`
warning: M5Accepted.lean:219:6: Unused tactic linter: `exact hkr.of_dvd hpδ` does nothing

Note: This linter can be disabled with `set_option linter.unusedTactic false`
warning: M5Accepted.lean:219:6: this tactic is never executed

Note: This linter can be disabled with `set_option linter.unreachableTactic false`
warning: M5Accepted.lean:223:2: Unused tactic linter: `change
  ∀ (w T : ℕ) (r : Fin w → Fin T) (hw : 0 < w), (r ⟨0, hw⟩).val = 0 → 0 ∈ M5.Packing.packedSupport r` does nothing

Note: This linter can be disabled with `set_option linter.unusedTactic false`
warning: M5Accepted.lean:242:4: Try `simp at hi` instead of `simpa using hi`

Note: This linter can be disabled with `set_option linter.unnecessarySimpa false`
warning: M5Accepted.lean:231:2: Unused tactic linter: `change
  ∀ (w T : ℕ) (r : Fin w → Fin T) (i : Fin w), M5.Packing.occurrenceTag r i < w` does nothing

Note: This linter can be disabled with `set_option linter.unusedTactic false`
warning: M5Accepted.lean:246:2: Unused tactic linter: `change
  ∀ (w T : ℕ) (r : Fin w → Fin T) (e : ℕ), e ∈ M5.Packing.packedSupport r → e < w * T` does nothing

Note: This linter can be disabled with `set_option linter.unusedTactic false`
warning: M5Accepted.lean:258:2: Unused tactic linter: `change ∀ (w T : ℕ) (r : Fin w → Fin T), (M5.Packing.packedSupport r).card = w` does nothing

Note: This linter can be disabled with `set_option linter.unusedTactic false`
warning: M5Accepted.lean:266:2: Unused tactic linter: `change
  ∀ a b c : ZMod 2, M5.Character.bitSign a (b + c) = M5.Character.bitSign a b * M5.Character.bitSign a c` does nothing

Note: This linter can be disabled with `set_option linter.unusedTactic false`
warning: M5Accepted.lean:270:2: Unused tactic linter: `change
  ∀ b : ZMod 2, (∑ a : ZMod 2, M5.Character.bitSign a b) = if b = 0 then 2 else 0` does nothing

Note: This linter can be disabled with `set_option linter.unusedTactic false`
warning: M5Accepted.lean:274:2: Unused tactic linter: `change
  ∀ (D : ℕ) (lam z u : M5.Character.BinaryVector D),
    M5.Character.value lam (z + u) = M5.Character.value lam z * M5.Character.value lam u` does nothing

Note: This linter can be disabled with `set_option linter.unusedTactic false`
warning: M5Accepted.lean:288:8: `if_neg` has been deprecated: Use `ite_eq_right` instead
warning: M5Accepted.lean:296:51: `if_neg` has been deprecated: Use `ite_eq_right` instead
warning: M5Accepted.lean:279:2: Unused tactic linter: `change
  ∀ (D : ℕ) (z : M5.Character.BinaryVector D),
    (∑ lam : M5.Character.BinaryVector D, M5.Character.value lam z) = if z = 0 then (2 : ℤ) ^ D else 0` does nothing

Note: This linter can be disabled with `set_option linter.unusedTactic false`
warning: M5Accepted.lean:299:2: Unused tactic linter: `change
  ∀ (D n : ℕ) (f : Fin n → M5.Character.BinaryVector D) (z : M5.Character.BinaryVector D),
    (∑ lam : M5.Character.BinaryVector D, M5.Character.value lam z * ∑ u : Fin n, M5.Character.value lam (f u)) =
      (2 : ℤ) ^ D * ((Finset.univ.filter (fun u : Fin n => f u = z)).card : ℤ)` does nothing

Note: This linter can be disabled with `set_option linter.unusedTactic false`
warning: M5Accepted.lean:319:2: Unused tactic linter: `change
  ∀ (w T : ℕ) (r : Fin w → Fin T),
    Function.Injective (M5.Packing.packedValue r) →
      M5.SupportPolynomial.ofSupport (M5.Packing.packedSupport r) =
        ∑ i : Fin w, (Polynomial.X : M5.BinaryPolynomial) ^ M5.Packing.packedValue r i` does nothing

Note: This linter can be disabled with `set_option linter.unusedTactic false`
warning: M5Accepted.lean:328:2: Unused tactic linter: `change
  ∀ T a j : ℕ,
    AdjoinRoot.mk (M5.cyclicModulus T) ((Polynomial.X : M5.BinaryPolynomial) ^ (a + j * T)) =
      AdjoinRoot.mk (M5.cyclicModulus T) ((Polynomial.X : M5.BinaryPolynomial) ^ a)` does nothing

Note: This linter can be disabled with `set_option linter.unusedTactic false`
warning: M5Accepted.lean:353:2: Unused tactic linter: `change
  ∀ (S : Finset ℕ) (K : ℕ), 0 < K → (∀ e ∈ S, e < K) → (M5.SupportPolynomial.ofSupport S).natDegree < K` does nothing

Note: This linter can be disabled with `set_option linter.unusedTactic false`
warning: M5Accepted.lean:373:2: Try `simp at hcoeff` instead of `simpa using hcoeff`

Note: This linter can be disabled with `set_option linter.unnecessarySimpa false`
warning: M5Accepted.lean:370:2: Unused tactic linter: `change ∀ S : Finset ℕ, 0 ∈ S → M5.SupportPolynomial.ofSupport S ≠ 0` does nothing

Note: This linter can be disabled with `set_option linter.unusedTactic false`
warning: M5Accepted.lean:376:2: Unused tactic linter: `change
  ∀ (w T : ℕ) (r : Fin w → Fin T),
    AdjoinRoot.mk (M5.cyclicModulus T) (M5.SupportPolynomial.ofSupport (M5.Packing.packedSupport r)) =
      AdjoinRoot.mk (M5.cyclicModulus T) (M5.SupportPolynomial.ofResidueTuple r)` does nothing

Note: This linter can be disabled with `set_option linter.unusedTactic false`
warning: M5Accepted.lean:388:2: Unused tactic linter: `change
  ∀ n : ℕ, (∑ d ∈ n.divisors, ArithmeticFunction.moebius d) = if n = 1 then (1 : ℤ) else 0` does nothing

Note: This linter can be disabled with `set_option linter.unusedTactic false`
warning: M5Accepted.lean:394:73: This simp argument is unused:
  and_assoc

Hint: Omit it from the simp argument list.
  [apply] simp [M5.Connectivity.supportGcd, Nat.dvd_gcd_iff, Finset.dvd_gcd_iff]

Note: This linter can be disabled with `set_option linter.unusedSimpArgs false`
warning: M5Accepted.lean:407:37: This simp argument is unused:
  and_assoc

Hint: Omit it from the simp argument list.
  [apply] simp [Finset.mem_filter, Nat.mem_divisors, Nat.ne_of_gt hN, hg, M5.Connectivity.support_gcd_dvd]

Note: This linter can be disabled with `set_option linter.unusedSimpArgs false`
warning: M5Accepted.lean:411:2: Unused tactic linter: `change
  ∀ (N : ℕ) (A B : Finset ℕ),
    0 < N →
      (∑ d ∈ N.divisors, if (∀ a ∈ A, d ∣ a) ∧ (∀ b ∈ B, d ∣ b) then ArithmeticFunction.moebius d else 0) =
        if M5.Connectivity.supportGcd N A B = 1 then (1 : ℤ) else 0` does nothing

Note: This linter can be disabled with `set_option linter.unusedTactic false`
info: M5Accepted.lean:416:0: 'M5.cutoff_gt_period' depends on axioms: [propext, Quot.sound]
info: M5Accepted.lean:417:0: 'M5.packed_range' depends on axioms: [propext]
info: M5Accepted.lean:418:0: 'M5.packed_residue' depends on axioms: [propext]
info: M5Accepted.lean:419:0: 'M5.progression_period' depends on axioms: [propext]
info: M5Accepted.lean:420:0: 'M5.recovery_inclusion_positive' does not depend on any axioms
info: M5Accepted.lean:421:0: 'M5.repair_above_packing' does not depend on any axioms
info: M5Accepted.lean:422:0: 'M5.source_below_birth_bound' depends on axioms: [propext]
info: M5Accepted.lean:423:0: 'M5.packed_injective' depends on axioms: [propext, Classical.choice, Quot.sound]
info: M5Accepted.lean:424:0: 'M5.repair_no_collision' depends on axioms: [propext]
info: M5Accepted.lean:425:0: 'M5.Lift.bounded_progression' depends on axioms: [propext, Quot.sound]
info: M5Accepted.lean:426:0: 'M5.Lift.cyclic_as_sub' depends on axioms: [propext, Classical.choice, Quot.sound]
info: M5Accepted.lean:427:0: 'M5.Lift.bounded_source_order' depends on axioms: [propext, Quot.sound]
info: M5Accepted.lean:428:0: 'M5.Lift.modulus_multiple' depends on axioms: [propext, Classical.choice, Quot.sound]
info: M5Accepted.lean:429:0: 'M5.Lift.progression_difference' depends on axioms: [propext, Classical.choice, Quot.sound]
info: M5Accepted.lean:430:0: 'M5.Lift.progression_congruence' depends on axioms: [propext, Classical.choice, Quot.sound]
info: M5Accepted.lean:431:0: 'M5.Lift.common_divisors_lift' depends on axioms: [propext, Classical.choice, Quot.sound]
info: M5Accepted.lean:432:0: 'M5.Lift.triple_divisors_lift' depends on axioms: [propext, Classical.choice, Quot.sound]
info: M5Accepted.lean:433:0: 'M5.Period.cyclic_dvd_iff_root_pow' depends on axioms: [propext, Classical.choice, Quot.sound]
info: M5Accepted.lean:434:0: 'M5.Period.quotient_finite' depends on axioms: [propext, Classical.choice, Quot.sound]
info: M5Accepted.lean:435:0: 'M5.Period.root_is_unit' depends on axioms: [propext, Classical.choice, Quot.sound]
info: M5Accepted.lean:436:0: 'M5.Period.period_law' depends on axioms: [propext, Classical.choice, Quot.sound]
info: M5Accepted.lean:437:0: 'M5.Period.period_dvd_of_dvd' depends on axioms: [propext, Classical.choice, Quot.sound]
info: M5Accepted.lean:438:0: 'M5.Period.period_one' depends on axioms: [propext, Classical.choice, Quot.sound]
info: M5Accepted.lean:439:0: 'M5.Period.quotient_cardinality' depends on axioms: [propext, Classical.choice, Quot.sound]
info: M5Accepted.lean:440:0: 'M5.Period.period_cardinality_bound' depends on axioms: [propext, Classical.choice, Quot.sound]
info: M5Accepted.lean:441:0: 'M5.CRT.interval_representative' depends on axioms: [propext, Classical.choice, Quot.sound]
info: M5Accepted.lean:442:0: 'M5.CRT.prime_crt_representative' depends on axioms: [propext, Classical.choice, Quot.sound]
info: M5Accepted.lean:443:0: 'M5.CRT.safe_prime_residue' depends on axioms: [propext, Quot.sound]
info: M5Accepted.lean:444:0: 'M5.CRT.residues_force_coprime' depends on axioms: [propext, Classical.choice, Quot.sound]
info: M5Accepted.lean:445:0: 'M5.CRT.bounded_connectivity_repair' depends on axioms: [propext, Classical.choice, Quot.sound]
info: M5Accepted.lean:446:0: 'M5.Packing.equal_residue_tag_strict' depends on axioms: [propext, Classical.choice, Quot.sound]
info: M5Accepted.lean:447:0: 'M5.Packing.packed_support_anchor' depends on axioms: [propext, Classical.choice, Quot.sound]
info: M5Accepted.lean:448:0: 'M5.Packing.packed_value_mod' depends on axioms: [propext, Classical.choice, Quot.sound]
info: M5Accepted.lean:449:0: 'M5.Packing.tag_lt_weight' depends on axioms: [propext, Classical.choice, Quot.sound]
info: M5Accepted.lean:450:0: 'M5.Packing.packed_support_range' depends on axioms: [propext, Classical.choice, Quot.sound]
info: M5Accepted.lean:451:0: 'M5.Packing.packed_value_injective' depends on axioms: [propext, Classical.choice, Quot.sound]
info: M5Accepted.lean:452:0: 'M5.Packing.packed_support_card' depends on axioms: [propext, Classical.choice, Quot.sound]
info: M5Accepted.lean:453:0: 'M5.Character.bit_add' depends on axioms: [propext, Classical.choice, Quot.sound]
info: M5Accepted.lean:454:0: 'M5.Character.bit_orthogonality' depends on axioms: [propext, Classical.choice, Quot.sound]
info: M5Accepted.lean:455:0: 'M5.Character.character_add' depends on axioms: [propext, Classical.choice, Quot.sound]
info: M5Accepted.lean:456:0: 'M5.Character.character_orthogonality' depends on axioms: [propext, Classical.choice, Quot.sound]
info: M5Accepted.lean:457:0: 'M5.Character.finite_fibre_count' depends on axioms: [propext, Classical.choice, Quot.sound]
info: M5Accepted.lean:458:0: 'M5.SupportPolynomial.packed_sum_image' depends on axioms: [propext, Classical.choice, Quot.sound]
info: M5Accepted.lean:459:0: 'M5.SupportPolynomial.quotient_monomial_period' depends on axioms: [propext, Classical.choice, Quot.sound]
info: M5Accepted.lean:460:0: 'M5.SupportPolynomial.support_coeff_zero' depends on axioms: [propext, Classical.choice, Quot.sound]
info: M5Accepted.lean:461:0: 'M5.SupportPolynomial.support_degree_bound' depends on axioms: [propext, Classical.choice, Quot.sound]
info: M5Accepted.lean:462:0: 'M5.SupportPolynomial.anchored_support_nonzero' depends on axioms: [propext, Classical.choice, Quot.sound]
info: M5Accepted.lean:463:0: 'M5.SupportPolynomial.packed_polynomial_residue' depends on axioms: [propext, Classical.choice, Quot.sound]
info: M5Accepted.lean:464:0: 'M5.Connectivity.divisor_moebius' depends on axioms: [propext, Classical.choice, Quot.sound]
info: M5Accepted.lean:465:0: 'M5.Connectivity.support_gcd_dvd' depends on axioms: [propext, Classical.choice, Quot.sound]
info: M5Accepted.lean:466:0: 'M5.Connectivity.support_divisor_filter' depends on axioms: [propext, Classical.choice, Quot.sound]
info: M5Accepted.lean:467:0: 'M5.Connectivity.connected_indicator' depends on axioms: [propext, Classical.choice, Quot.sound]
⚠ [1891/1965] Replayed M5Checkpoint72
warning: M5Checkpoint72.lean:22:35: This simp argument is unused:
  he

Hint: Omit it from the simp argument list.
  [apply] simp [M5.RepairSupport.repaired, Ne.symm he, h0]

Note: This linter can be disabled with `set_option linter.unusedSimpArgs false`
warning: M5Checkpoint72.lean:20:2: Unused tactic linter: `change
  ∀ (A : Finset ℕ) (e q : ℕ), e ≠ 0 → 0 ∈ A → 0 ∈ M5.RepairSupport.repaired A e q` does nothing

Note: This linter can be disabled with `set_option linter.unusedTactic false`
warning: M5Checkpoint72.lean:25:2: Unused tactic linter: `change
  ∀ (A : Finset ℕ) (e q : ℕ), e ∈ A → q ∉ A → (M5.RepairSupport.repaired A e q).card = A.card` does nothing

Note: This linter can be disabled with `set_option linter.unusedTactic false`
warning: M5Checkpoint72.lean:55:4: Unused tactic linter: `simpa only [Polynomial.monomial_one] using
  (M5.quotient_monomial_period (T := T) (a := e) (j := k))` does nothing

Note: This linter can be disabled with `set_option linter.unusedTactic false`
warning: M5Checkpoint72.lean:55:4: this tactic is never executed

Note: This linter can be disabled with `set_option linter.unreachableTactic false`
warning: M5Checkpoint72.lean:59:2: Unused tactic linter: `change
  ∀ (A : Finset ℕ) (e q L : ℕ), (∀ a ∈ A, a < L) → q < L → ∀ a ∈ M5.RepairSupport.repaired A e q, a < L` does nothing

Note: This linter can be disabled with `set_option linter.unusedTactic false`
warning: M5Checkpoint72.lean:85:34: This simp argument is unused:
  hij

Hint: Omit it from the simp argument list.
  [apply] simp [Polynomial.coeff_X_pow, hij.symm]

Note: This linter can be disabled with `set_option linter.unusedSimpArgs false`
warning: M5Checkpoint72.lean:73:2: Unused tactic linter: `change
  ∀ m j : ℕ, (((1 : Polynomial ℤ) - Polynomial.X) ^ m).coeff j = (-1 : ℤ) ^ j * (m.choose j : ℤ)` does nothing

Note: This linter can be disabled with `set_option linter.unusedTactic false`
warning: M5Checkpoint72.lean:78:4: Used `tac1 <;> tac2` where `(tac1; tac2)` would suffice

Note: This linter can be disabled with `set_option linter.unnecessarySeqFocus false`
warning: M5Checkpoint72.lean:127:2: Unused tactic linter: `change
  ∀ m n k : ℕ,
    (((1 - Polynomial.X : Polynomial ℤ) ^ m) * (1 + Polynomial.X) ^ n).coeff k =
      ∑ j ∈ Finset.range (k + 1), (-1 : ℤ) ^ j * (m.choose j : ℤ) * (n.choose (k - j) : ℤ)` does nothing

Note: This linter can be disabled with `set_option linter.unusedTactic false`
warning: M5Checkpoint72.lean:143:2: Unused tactic linter: `change ∀ P : M5.BinaryPolynomial, P ≠ 0 → P.Monic` does nothing

Note: This linter can be disabled with `set_option linter.unusedTactic false`
warning: M5Checkpoint72.lean:150:2: Unused tactic linter: `change ∀ P a : M5.BinaryPolynomial, P ∣ a → a.coeff 0 = 1 → P.coeff 0 = 1` does nothing

Note: This linter can be disabled with `set_option linter.unusedTactic false`
warning: M5Checkpoint72.lean:158:2: Unused tactic linter: `change ∀ P Q : M5.BinaryPolynomial, P ∣ Q → Q ∣ P → P = Q` does nothing

Note: This linter can be disabled with `set_option linter.unusedTactic false`
warning: M5Checkpoint72.lean:172:2: Unused tactic linter: `change
  ∀ a b : M5.BinaryPolynomial,
    a.coeff 0 = 1 →
      b.coeff 0 = 1 →
        (EuclideanDomain.gcd a b).Monic ∧
          (EuclideanDomain.gcd a b).coeff 0 = 1 ∧ (EuclideanDomain.gcd a b).natDegree ≤ b.natDegree` does nothing

Note: This linter can be disabled with `set_option linter.unusedTactic false`
warning: M5Checkpoint72.lean:186:2: Unused tactic linter: `change
  ∀ (a b : M5.BinaryPolynomial) (T E j : ℕ),
    EuclideanDomain.gcd a b ∣ M5.cyclicModulus E →
      M5.completeSignature a b (T + j * E) = M5.completeSignature a b T` does nothing

Note: This linter can be disabled with `set_option linter.unusedTactic false`
warning: M5Checkpoint72.lean:193:6: Unused tactic linter: `symm` does nothing

Note: This linter can be disabled with `set_option linter.unusedTactic false`
warning: M5Checkpoint72.lean:193:12: Unused tactic linter: `(apply M5.Lift.common_divisors_lift) <;> assumption` does nothing

Note: This linter can be disabled with `set_option linter.unusedTactic false`
warning: M5Checkpoint72.lean:193:6: this tactic is never executed

Note: This linter can be disabled with `set_option linter.unreachableTactic false`
warning: M5Checkpoint72.lean:193:12: this tactic is never executed

Note: This linter can be disabled with `set_option linter.unreachableTactic false`
warning: M5Checkpoint72.lean:203:2: Unused tactic linter: `change
  ∀ a b : M5.BinaryPolynomial,
    a.coeff 0 = 1 →
      b.coeff 0 = 1 →
        0 < M5.signaturePeriod (EuclideanDomain.gcd a b) ∧
          M5.signaturePeriod (EuclideanDomain.gcd a b) ≤ 2 ^ b.natDegree` does nothing

Note: This linter can be disabled with `set_option linter.unusedTactic false`
warning: M5Checkpoint72.lean:220:4: Unused tactic linter: `simp [M5.QuotientCharacter.coordinates]` does nothing

Note: This linter can be disabled with `set_option linter.unusedTactic false`
warning: M5Checkpoint72.lean:220:4: this tactic is never executed

Note: This linter can be disabled with `set_option linter.unreachableTactic false`
info: M5Checkpoint72.lean:244:0: 'M5.cutoff_gt_period' depends on axioms: [propext, Quot.sound]
info: M5Checkpoint72.lean:245:0: 'M5.packed_range' depends on axioms: [propext]
info: M5Checkpoint72.lean:246:0: 'M5.packed_residue' depends on axioms: [propext]
info: M5Checkpoint72.lean:247:0: 'M5.progression_period' depends on axioms: [propext]
info: M5Checkpoint72.lean:248:0: 'M5.recovery_inclusion_positive' does not depend on any axioms
info: M5Checkpoint72.lean:249:0: 'M5.repair_above_packing' does not depend on any axioms
info: M5Checkpoint72.lean:250:0: 'M5.source_below_birth_bound' depends on axioms: [propext]
info: M5Checkpoint72.lean:251:0: 'M5.packed_injective' depends on axioms: [propext, Classical.choice, Quot.sound]
info: M5Checkpoint72.lean:252:0: 'M5.repair_no_collision' depends on axioms: [propext]
info: M5Checkpoint72.lean:253:0: 'M5.Lift.bounded_progression' depends on axioms: [propext, Quot.sound]
info: M5Checkpoint72.lean:254:0: 'M5.Lift.cyclic_as_sub' depends on axioms: [propext, Classical.choice, Quot.sound]
info: M5Checkpoint72.lean:255:0: 'M5.Lift.bounded_source_order' depends on axioms: [propext, Quot.sound]
info: M5Checkpoint72.lean:256:0: 'M5.Lift.modulus_multiple' depends on axioms: [propext, Classical.choice, Quot.sound]
info: M5Checkpoint72.lean:257:0: 'M5.Lift.progression_difference' depends on axioms: [propext, Classical.choice, Quot.sound]
info: M5Checkpoint72.lean:258:0: 'M5.Lift.progression_congruence' depends on axioms: [propext, Classical.choice, Quot.sound]
info: M5Checkpoint72.lean:259:0: 'M5.Lift.common_divisors_lift' depends on axioms: [propext, Classical.choice, Quot.sound]
info: M5Checkpoint72.lean:260:0: 'M5.Lift.triple_divisors_lift' depends on axioms: [propext, Classical.choice, Quot.sound]
info: M5Checkpoint72.lean:261:0: 'M5.Period.cyclic_dvd_iff_root_pow' depends on axioms: [propext, Classical.choice, Quot.sound]
info: M5Checkpoint72.lean:262:0: 'M5.Period.quotient_finite' depends on axioms: [propext, Classical.choice, Quot.sound]
info: M5Checkpoint72.lean:263:0: 'M5.Period.root_is_unit' depends on axioms: [propext, Classical.choice, Quot.sound]
info: M5Checkpoint72.lean:264:0: 'M5.Period.period_law' depends on axioms: [propext, Classical.choice, Quot.sound]
info: M5Checkpoint72.lean:265:0: 'M5.Period.period_dvd_of_dvd' depends on axioms: [propext, Classical.choice, Quot.sound]
info: M5Checkpoint72.lean:266:0: 'M5.Period.period_one' depends on axioms: [propext, Classical.choice, Quot.sound]
info: M5Checkpoint72.lean:267:0: 'M5.Period.quotient_cardinality' depends on axioms: [propext, Classical.choice, Quot.sound]
info: M5Checkpoint72.lean:268:0: 'M5.Period.period_cardinality_bound' depends on axioms: [propext, Classical.choice, Quot.sound]
info: M5Checkpoint72.lean:269:0: 'M5.CRT.interval_representative' depends on axioms: [propext, Classical.choice, Quot.sound]
info: M5Checkpoint72.lean:270:0: 'M5.CRT.prime_crt_representative' depends on axioms: [propext, Classical.choice, Quot.sound]
info: M5Checkpoint72.lean:271:0: 'M5.CRT.safe_prime_residue' depends on axioms: [propext, Quot.sound]
info: M5Checkpoint72.lean:272:0: 'M5.CRT.residues_force_coprime' depends on axioms: [propext, Classical.choice, Quot.sound]
info: M5Checkpoint72.lean:273:0: 'M5.CRT.bounded_connectivity_repair' depends on axioms: [propext, Classical.choice, Quot.sound]
info: M5Checkpoint72.lean:274:0: 'M5.Packing.equal_residue_tag_strict' depends on axioms: [propext, Classical.choice, Quot.sound]
info: M5Checkpoint72.lean:275:0: 'M5.Packing.packed_support_anchor' depends on axioms: [propext, Classical.choice, Quot.sound]
info: M5Checkpoint72.lean:276:0: 'M5.Packing.packed_value_mod' depends on axioms: [propext, Classical.choice, Quot.sound]
info: M5Checkpoint72.lean:277:0: 'M5.Packing.tag_lt_weight' depends on axioms: [propext, Classical.choice, Quot.sound]
info: M5Checkpoint72.lean:278:0: 'M5.Packing.packed_support_range' depends on axioms: [propext, Classical.choice, Quot.sound]
info: M5Checkpoint72.lean:279:0: 'M5.Packing.packed_value_injective' depends on axioms: [propext, Classical.choice, Quot.sound]
info: M5Checkpoint72.lean:280:0: 'M5.Packing.packed_support_card' depends on axioms: [propext, Classical.choice, Quot.sound]
info: M5Checkpoint72.lean:281:0: 'M5.Character.bit_add' depends on axioms: [propext, Classical.choice, Quot.sound]
info: M5Checkpoint72.lean:282:0: 'M5.Character.bit_orthogonality' depends on axioms: [propext, Classical.choice, Quot.sound]
info: M5Checkpoint72.lean:283:0: 'M5.Character.character_add' depends on axioms: [propext, Classical.choice, Quot.sound]
info: M5Checkpoint72.lean:284:0: 'M5.Character.character_orthogonality' depends on axioms: [propext, Classical.choice, Quot.sound]
info: M5Checkpoint72.lean:285:0: 'M5.Character.finite_fibre_count' depends on axioms: [propext, Classical.choice, Quot.sound]
info: M5Checkpoint72.lean:286:0: 'M5.SupportPolynomial.packed_sum_image' depends on axioms: [propext, Classical.choice, Quot.sound]
info: M5Checkpoint72.lean:287:0: 'M5.SupportPolynomial.quotient_monomial_period' depends on axioms: [propext, Classical.choice, Quot.sound]
info: M5Checkpoint72.lean:288:0: 'M5.SupportPolynomial.support_coeff_zero' depends on axioms: [propext, Classical.choice, Quot.sound]
info: M5Checkpoint72.lean:289:0: 'M5.SupportPolynomial.support_degree_bound' depends on axioms: [propext, Classical.choice, Quot.sound]
info: M5Checkpoint72.lean:290:0: 'M5.SupportPolynomial.anchored_support_nonzero' depends on axioms: [propext, Classical.choice, Quot.sound]
info: M5Checkpoint72.lean:291:0: 'M5.SupportPolynomial.packed_polynomial_residue' depends on axioms: [propext, Classical.choice, Quot.sound]
info: M5Checkpoint72.lean:292:0: 'M5.Connectivity.divisor_moebius' depends on axioms: [propext, Classical.choice, Quot.sound]
info: M5Checkpoint72.lean:293:0: 'M5.Connectivity.support_gcd_dvd' depends on axioms: [propext, Classical.choice, Quot.sound]
info: M5Checkpoint72.lean:294:0: 'M5.Connectivity.support_divisor_filter' depends on axioms: [propext, Classical.choice, Quot.sound]
info: M5Checkpoint72.lean:295:0: 'M5.Connectivity.connected_indicator' depends on axioms: [propext, Classical.choice, Quot.sound]
info: M5Checkpoint72.lean:296:0: 'M5.RepairSupport.replacement_anchor' depends on axioms: [propext, Classical.choice, Quot.sound]
info: M5Checkpoint72.lean:297:0: 'M5.RepairSupport.replacement_card' depends on axioms: [propext, Classical.choice, Quot.sound]
info: M5Checkpoint72.lean:298:0: 'M5.RepairSupport.replacement_combined_gcd' depends on axioms: [propext, Classical.choice, Quot.sound]
info: M5Checkpoint72.lean:299:0: 'M5.RepairSupport.replacement_polynomial_residue' depends on axioms: [propext, Classical.choice, Quot.sound]
info: M5Checkpoint72.lean:300:0: 'M5.RepairSupport.replacement_range' depends on axioms: [propext, Classical.choice, Quot.sound]
info: M5Checkpoint72.lean:301:0: 'M5.RepairSupport.replacement_connected' depends on axioms: [propext, Classical.choice, Quot.sound]
info: M5Checkpoint72.lean:302:0: 'M5.Binomial.negative_coeff' depends on axioms: [propext, Classical.choice, Quot.sound]
info: M5Checkpoint72.lean:303:0: 'M5.Binomial.signed_product_split' depends on axioms: [propext, Classical.choice, Quot.sound]
info: M5Checkpoint72.lean:304:0: 'M5.Binomial.binomial_convolution' depends on axioms: [propext, Classical.choice, Quot.sound]
info: M5Checkpoint72.lean:305:0: 'M5.Binomial.signed_coefficient_eval' depends on axioms: [propext, Classical.choice, Quot.sound]
info: M5Checkpoint72.lean:306:0: 'M5.Signature.binary_monic' depends on axioms: [propext, Classical.choice, Quot.sound]
info: M5Checkpoint72.lean:307:0: 'M5.Signature.divisor_constant_one' depends on axioms: [propext, Classical.choice, Quot.sound]
info: M5Checkpoint72.lean:308:0: 'M5.Signature.binary_dvd_antisymm' depends on axioms: [propext, Classical.choice, Quot.sound]
info: M5Checkpoint72.lean:309:0: 'M5.Signature.ordinary_gcd_properties' depends on axioms: [propext, Classical.choice, Quot.sound]
info: M5Checkpoint72.lean:310:0: 'M5.Signature.exact_signature_lift' depends on axioms: [propext, Classical.choice, Quot.sound]
info: M5Checkpoint72.lean:311:0: 'M5.Signature.ordinary_gcd_period_bound' depends on axioms: [propext, Classical.choice, Quot.sound]
info: M5Checkpoint72.lean:312:0: 'M5.QuotientCharacter.character_add' depends on axioms: [propext, Classical.choice, Quot.sound]
info: M5Checkpoint72.lean:313:0: 'M5.QuotientCharacter.coordinates_zero_iff' depends on axioms: [propext, Classical.choice, Quot.sound]
info: M5Checkpoint72.lean:314:0: 'M5.QuotientCharacter.finite_fibre_count' depends on axioms: [propext, Classical.choice, Quot.sound]
info: M5Checkpoint72.lean:315:0: 'M5.QuotientCharacter.character_orthogonality' depends on axioms: [propext, Classical.choice, Quot.sound]
⚠ [1897/1965] Replayed M5Checkpoint90
warning: M5Checkpoint90.lean:26:2: Unused tactic linter: `change ∀ (D : ℕ) (lam : M5.Character.BinaryVector D), M5.Character.value lam 0 = 1` does nothing

Note: This linter can be disabled with `set_option linter.unusedTactic false`
warning: M5Checkpoint90.lean:31:2: Unused tactic linter: `change
  ∀ (D : ℕ) (U : Finset ℕ) (f : ℕ → M5.Character.BinaryVector D) (lam : M5.Character.BinaryVector D),
    M5.Character.value lam (M5.SubsetCharacter.vectorSum U f) = ∏ s ∈ U, M5.Character.value lam (f s)` does nothing

Note: This linter can be disabled with `set_option linter.unusedTactic false`
warning: M5Checkpoint90.lean:42:8: Unused tactic linter: `rw [M5.SubsetCharacter.character_add, ih]` does nothing

Note: This linter can be disabled with `set_option linter.unusedTactic false`
warning: M5Checkpoint90.lean:42:8: this tactic is never executed

Note: This linter can be disabled with `set_option linter.unreachableTactic false`
warning: M5Checkpoint90.lean:45:2: Unused tactic linter: `change
  ∀ (D : ℕ) (S : Finset ℕ) (f : ℕ → M5.Character.BinaryVector D) (lam : M5.Character.BinaryVector D),
    M5.SubsetCharacter.signedProduct S (fun s => M5.Character.value lam (f s)) =
      ∑ U ∈ S.powerset,
        Polynomial.C (M5.Character.value lam (M5.SubsetCharacter.vectorSum U f)) *
          (Polynomial.X : Polynomial ℤ) ^ U.card` does nothing

Note: This linter can be disabled with `set_option linter.unusedTactic false`
warning: M5Checkpoint90.lean:65:36: This simp argument is unused:
  Polynomial.coeff_C_mul_X_pow

Hint: Omit it from the simp argument list.
  [apply] simp [Polynomial.finsetSum_coeff, Finset.powersetCard_eq_filter, Finset.sum_filter, eq_comm]

Note: This linter can be disabled with `set_option linter.unusedSimpArgs false`
warning: M5Checkpoint90.lean:61:2: Unused tactic linter: `change
  ∀ (D : ℕ) (S : Finset ℕ) (k : ℕ) (f : ℕ → M5.Character.BinaryVector D) (lam : M5.Character.BinaryVector D),
    (M5.SubsetCharacter.signedProduct S (fun s => M5.Character.value lam (f s))).coeff k =
      ∑ U ∈ S.powersetCard k, M5.Character.value lam (M5.SubsetCharacter.vectorSum U f)` does nothing

Note: This linter can be disabled with `set_option linter.unusedTactic false`
warning: M5Checkpoint90.lean:68:2: Unused tactic linter: `change
  ∀ (D : ℕ) (S : Finset ℕ) (k : ℕ) (f : ℕ → M5.Character.BinaryVector D) (z : M5.Character.BinaryVector D),
    (∑ lam : M5.Character.BinaryVector D,
        M5.Character.value lam z *
          (M5.SubsetCharacter.signedProduct S (fun s => M5.Character.value lam (f s))).coeff k) =
      (2 : ℤ) ^ D * (M5.SubsetCharacter.count S k f z : ℤ)` does nothing

Note: This linter can be disabled with `set_option linter.unusedTactic false`
warning: M5Checkpoint90.lean:88:4: Unused tactic linter: `simp_rw [← M5.SubsetCharacter.character_add]` does nothing

Note: This linter can be disabled with `set_option linter.unusedTactic false`
warning: M5Checkpoint90.lean:91:4: Unused tactic linter: `simp_rw [M5.SubsetCharacter.character_orthogonality]` does nothing

Note: This linter can be disabled with `set_option linter.unusedTactic false`
warning: M5Checkpoint90.lean:88:4: this tactic is never executed

Note: This linter can be disabled with `set_option linter.unreachableTactic false`
warning: M5Checkpoint90.lean:91:4: this tactic is never executed

Note: This linter can be disabled with `set_option linter.unreachableTactic false`
warning: M5Checkpoint90.lean:116:2: Unused tactic linter: `change ∀ (D : ℕ) (lam : M5.Character.BinaryVector D), M5.Character.value lam 0 = 1` does nothing

Note: This linter can be disabled with `set_option linter.unusedTactic false`
warning: M5Checkpoint90.lean:121:2: Unused tactic linter: `change
  ∀ (D n k : ℕ) (f : Fin n → M5.Character.BinaryVector D) (t : Fin k → Fin n) (lam : M5.Character.BinaryVector D),
    M5.Character.value lam (M5.TupleCharacter.vectorSum f t) =
      ∏ i : Fin k, M5.Character.value lam (f (t i))` does nothing

Note: This linter can be disabled with `set_option linter.unusedTactic false`
warning: M5Checkpoint90.lean:138:2: Unused tactic linter: `change
  ∀ (D n k : ℕ) (f : Fin n → M5.Character.BinaryVector D) (lam : M5.Character.BinaryVector D),
    (∑ t : Fin k → Fin n, M5.Character.value lam (M5.TupleCharacter.vectorSum f t)) =
      (∑ a : Fin n, M5.Character.value lam (f a)) ^ k` does nothing

Note: This linter can be disabled with `set_option linter.unusedTactic false`
warning: M5Checkpoint90.lean:146:2: Unused tactic linter: `change
  ∀ (D n k : ℕ) (f : Fin n → M5.Character.BinaryVector D) (z : M5.Character.BinaryVector D),
    (∑ lam : M5.Character.BinaryVector D, M5.Character.value lam z * (∑ a : Fin n, M5.Character.value lam (f a)) ^ k) =
      (2 : ℤ) ^ D * (M5.TupleCharacter.count k f z : ℤ)` does nothing

Note: This linter can be disabled with `set_option linter.unusedTactic false`
warning: M5Checkpoint90.lean:152:2: Unused tactic linter: `change
  ∀ S : Finset M5.BinaryPolynomial, (∑ H ∈ S.powerset, (-1 : ℤ) ^ H.card) = if S = ∅ then 1 else 0` does nothing

Note: This linter can be disabled with `set_option linter.unusedTactic false`
warning: M5Checkpoint90.lean:156:6: Unused tactic linter: `exact Nat.sum_powerset_neg_one_pow_card` does nothing

Note: This linter can be disabled with `set_option linter.unusedTactic false`
warning: M5Checkpoint90.lean:156:6: this tactic is never executed

Note: This linter can be disabled with `set_option linter.unreachableTactic false`
warning: M5Checkpoint90.lean:159:2: Unused tactic linter: `change
  ∀ (S : Finset M5.BinaryPolynomial) (bad : M5.BinaryPolynomial → Bool),
    S.powerset.filter (fun H => ∀ p ∈ H, bad p = true) = (S.filter (fun p => bad p = true)).powerset` does nothing

Note: This linter can be disabled with `set_option linter.unusedTactic false`
warning: M5Checkpoint90.lean:187:8: Try `simp at hm` instead of `simpa using hm`

Note: This linter can be disabled with `set_option linter.unnecessarySimpa false`
warning: M5Checkpoint90.lean:204:6: try 'simp' instead of 'simpa'

Note: This linter can be disabled with `set_option linter.unnecessarySimpa false`
warning: M5Checkpoint90.lean:178:2: Unused tactic linter: `change
  ∀ (S : Finset M5.BinaryPolynomial) (bad : M5.BinaryPolynomial → Bool),
    M5.FiniteExclusion.exclusionSum S bad = if ∀ p ∈ S, bad p = false then 1 else 0` does nothing

Note: This linter can be disabled with `set_option linter.unusedTactic false`
warning: M5Checkpoint90.lean:207:2: Unused tactic linter: `change ∀ F H A : M5.BinaryPolynomial, F ≠ 0 → F ∣ A → (F * H ∣ A ↔ H ∣ A / F)` does nothing

Note: This linter can be disabled with `set_option linter.unusedTactic false`
warning: M5Checkpoint90.lean:220:2: Unused tactic linter: `change
  ∀ p q : M5.BinaryPolynomial, p.Monic → q.Monic → Irreducible p → Irreducible q → p ≠ q → IsCoprime p q` does nothing

Note: This linter can be disabled with `set_option linter.unusedTactic false`
warning: M5Checkpoint90.lean:233:2: Unused tactic linter: `change
  ∀ (S : Finset M5.BinaryPolynomial) (A : M5.BinaryPolynomial),
    (∀ p ∈ S, p.Monic ∧ Irreducible p) → ((∏ p ∈ S, p) ∣ A ↔ ∀ p ∈ S, p ∣ A)` does nothing

Note: This linter can be disabled with `set_option linter.unusedTactic false`
warning: M5Checkpoint90.lean:246:2: Unused tactic linter: `change
  ∀ (S : Finset M5.BinaryPolynomial) (F : M5.BinaryPolynomial) (N : ℕ),
    0 < N →
      F.Monic →
        F ∣ M5.cyclicModulus N →
          S ⊆ M5.FactorProduct.residualFactors (M5.cyclicModulus N) F →
            F * (∏ p ∈ S, p) ∣ M5.cyclicModulus N` does nothing

Note: This linter can be disabled with `set_option linter.unusedTactic false`
warning: M5Checkpoint90.lean:264:2: Unused tactic linter: `change
  ∀ (S : Finset M5.BinaryPolynomial) (F A : M5.BinaryPolynomial),
    F ≠ 0 → F ∣ A → (∀ p ∈ S, p.Monic ∧ Irreducible p) → (F * (∏ p ∈ S, p) ∣ A ↔ ∀ p ∈ S, F * p ∣ A)` does nothing

Note: This linter can be disabled with `set_option linter.unusedTactic false`
info: M5Checkpoint90.lean:274:0: 'M5.cutoff_gt_period' depends on axioms: [propext, Quot.sound]
info: M5Checkpoint90.lean:275:0: 'M5.packed_range' depends on axioms: [propext]
info: M5Checkpoint90.lean:276:0: 'M5.packed_residue' depends on axioms: [propext]
info: M5Checkpoint90.lean:277:0: 'M5.progression_period' depends on axioms: [propext]
info: M5Checkpoint90.lean:278:0: 'M5.recovery_inclusion_positive' does not depend on any axioms
info: M5Checkpoint90.lean:279:0: 'M5.repair_above_packing' does not depend on any axioms
info: M5Checkpoint90.lean:280:0: 'M5.source_below_birth_bound' depends on axioms: [propext]
info: M5Checkpoint90.lean:281:0: 'M5.packed_injective' depends on axioms: [propext, Classical.choice, Quot.sound]
info: M5Checkpoint90.lean:282:0: 'M5.repair_no_collision' depends on axioms: [propext]
info: M5Checkpoint90.lean:283:0: 'M5.Lift.bounded_progression' depends on axioms: [propext, Quot.sound]
info: M5Checkpoint90.lean:284:0: 'M5.Lift.cyclic_as_sub' depends on axioms: [propext, Classical.choice, Quot.sound]
info: M5Checkpoint90.lean:285:0: 'M5.Lift.bounded_source_order' depends on axioms: [propext, Quot.sound]
info: M5Checkpoint90.lean:286:0: 'M5.Lift.modulus_multiple' depends on axioms: [propext, Classical.choice, Quot.sound]
info: M5Checkpoint90.lean:287:0: 'M5.Lift.progression_difference' depends on axioms: [propext, Classical.choice, Quot.sound]
info: M5Checkpoint90.lean:288:0: 'M5.Lift.progression_congruence' depends on axioms: [propext, Classical.choice, Quot.sound]
info: M5Checkpoint90.lean:289:0: 'M5.Lift.common_divisors_lift' depends on axioms: [propext, Classical.choice, Quot.sound]
info: M5Checkpoint90.lean:290:0: 'M5.Lift.triple_divisors_lift' depends on axioms: [propext, Classical.choice, Quot.sound]
info: M5Checkpoint90.lean:291:0: 'M5.Period.cyclic_dvd_iff_root_pow' depends on axioms: [propext, Classical.choice, Quot.sound]
info: M5Checkpoint90.lean:292:0: 'M5.Period.quotient_finite' depends on axioms: [propext, Classical.choice, Quot.sound]
info: M5Checkpoint90.lean:293:0: 'M5.Period.root_is_unit' depends on axioms: [propext, Classical.choice, Quot.sound]
info: M5Checkpoint90.lean:294:0: 'M5.Period.period_law' depends on axioms: [propext, Classical.choice, Quot.sound]
info: M5Checkpoint90.lean:295:0: 'M5.Period.period_dvd_of_dvd' depends on axioms: [propext, Classical.choice, Quot.sound]
info: M5Checkpoint90.lean:296:0: 'M5.Period.period_one' depends on axioms: [propext, Classical.choice, Quot.sound]
info: M5Checkpoint90.lean:297:0: 'M5.Period.quotient_cardinality' depends on axioms: [propext, Classical.choice, Quot.sound]
info: M5Checkpoint90.lean:298:0: 'M5.Period.period_cardinality_bound' depends on axioms: [propext, Classical.choice, Quot.sound]
info: M5Checkpoint90.lean:299:0: 'M5.CRT.interval_representative' depends on axioms: [propext, Classical.choice, Quot.sound]
info: M5Checkpoint90.lean:300:0: 'M5.CRT.prime_crt_representative' depends on axioms: [propext, Classical.choice, Quot.sound]
info: M5Checkpoint90.lean:301:0: 'M5.CRT.safe_prime_residue' depends on axioms: [propext, Quot.sound]
info: M5Checkpoint90.lean:302:0: 'M5.CRT.residues_force_coprime' depends on axioms: [propext, Classical.choice, Quot.sound]
info: M5Checkpoint90.lean:303:0: 'M5.CRT.bounded_connectivity_repair' depends on axioms: [propext, Classical.choice, Quot.sound]
info: M5Checkpoint90.lean:304:0: 'M5.Packing.equal_residue_tag_strict' depends on axioms: [propext, Classical.choice, Quot.sound]
info: M5Checkpoint90.lean:305:0: 'M5.Packing.packed_support_anchor' depends on axioms: [propext, Classical.choice, Quot.sound]
info: M5Checkpoint90.lean:306:0: 'M5.Packing.packed_value_mod' depends on axioms: [propext, Classical.choice, Quot.sound]
info: M5Checkpoint90.lean:307:0: 'M5.Packing.tag_lt_weight' depends on axioms: [propext, Classical.choice, Quot.sound]
info: M5Checkpoint90.lean:308:0: 'M5.Packing.packed_support_range' depends on axioms: [propext, Classical.choice, Quot.sound]
info: M5Checkpoint90.lean:309:0: 'M5.Packing.packed_value_injective' depends on axioms: [propext, Classical.choice, Quot.sound]
info: M5Checkpoint90.lean:310:0: 'M5.Packing.packed_support_card' depends on axioms: [propext, Classical.choice, Quot.sound]
info: M5Checkpoint90.lean:311:0: 'M5.Character.bit_add' depends on axioms: [propext, Classical.choice, Quot.sound]
info: M5Checkpoint90.lean:312:0: 'M5.Character.bit_orthogonality' depends on axioms: [propext, Classical.choice, Quot.sound]
info: M5Checkpoint90.lean:313:0: 'M5.Character.character_add' depends on axioms: [propext, Classical.choice, Quot.sound]
info: M5Checkpoint90.lean:314:0: 'M5.Character.character_orthogonality' depends on axioms: [propext, Classical.choice, Quot.sound]
info: M5Checkpoint90.lean:315:0: 'M5.Character.finite_fibre_count' depends on axioms: [propext, Classical.choice, Quot.sound]
info: M5Checkpoint90.lean:316:0: 'M5.SupportPolynomial.packed_sum_image' depends on axioms: [propext, Classical.choice, Quot.sound]
info: M5Checkpoint90.lean:317:0: 'M5.SupportPolynomial.quotient_monomial_period' depends on axioms: [propext, Classical.choice, Quot.sound]
info: M5Checkpoint90.lean:318:0: 'M5.SupportPolynomial.support_coeff_zero' depends on axioms: [propext, Classical.choice, Quot.sound]
info: M5Checkpoint90.lean:319:0: 'M5.SupportPolynomial.support_degree_bound' depends on axioms: [propext, Classical.choice, Quot.sound]
info: M5Checkpoint90.lean:320:0: 'M5.SupportPolynomial.anchored_support_nonzero' depends on axioms: [propext, Classical.choice, Quot.sound]
info: M5Checkpoint90.lean:321:0: 'M5.SupportPolynomial.packed_polynomial_residue' depends on axioms: [propext, Classical.choice, Quot.sound]
info: M5Checkpoint90.lean:322:0: 'M5.Connectivity.divisor_moebius' depends on axioms: [propext, Classical.choice, Quot.sound]
info: M5Checkpoint90.lean:323:0: 'M5.Connectivity.support_gcd_dvd' depends on axioms: [propext, Classical.choice, Quot.sound]
info: M5Checkpoint90.lean:324:0: 'M5.Connectivity.support_divisor_filter' depends on axioms: [propext, Classical.choice, Quot.sound]
info: M5Checkpoint90.lean:325:0: 'M5.Connectivity.connected_indicator' depends on axioms: [propext, Classical.choice, Quot.sound]
info: M5Checkpoint90.lean:326:0: 'M5.RepairSupport.replacement_anchor' depends on axioms: [propext, Classical.choice, Quot.sound]
info: M5Checkpoint90.lean:327:0: 'M5.RepairSupport.replacement_card' depends on axioms: [propext, Classical.choice, Quot.sound]
info: M5Checkpoint90.lean:328:0: 'M5.RepairSupport.replacement_combined_gcd' depends on axioms: [propext, Classical.choice, Quot.sound]
info: M5Checkpoint90.lean:329:0: 'M5.RepairSupport.replacement_polynomial_residue' depends on axioms: [propext, Classical.choice, Quot.sound]
info: M5Checkpoint90.lean:330:0: 'M5.RepairSupport.replacement_range' depends on axioms: [propext, Classical.choice, Quot.sound]
info: M5Checkpoint90.lean:331:0: 'M5.RepairSupport.replacement_connected' depends on axioms: [propext, Classical.choice, Quot.sound]
info: M5Checkpoint90.lean:332:0: 'M5.Binomial.negative_coeff' depends on axioms: [propext, Classical.choice, Quot.sound]
info: M5Checkpoint90.lean:333:0: 'M5.Binomial.signed_product_split' depends on axioms: [propext, Classical.choice, Quot.sound]
info: M5Checkpoint90.lean:334:0: 'M5.Binomial.binomial_convolution' depends on axioms: [propext, Classical.choice, Quot.sound]
info: M5Checkpoint90.lean:335:0: 'M5.Binomial.signed_coefficient_eval' depends on axioms: [propext, Classical.choice, Quot.sound]
info: M5Checkpoint90.lean:336:0: 'M5.Signature.binary_monic' depends on axioms: [propext, Classical.choice, Quot.sound]
info: M5Checkpoint90.lean:337:0: 'M5.Signature.divisor_constant_one' depends on axioms: [propext, Classical.choice, Quot.sound]
info: M5Checkpoint90.lean:338:0: 'M5.Signature.binary_dvd_antisymm' depends on axioms: [propext, Classical.choice, Quot.sound]
info: M5Checkpoint90.lean:339:0: 'M5.Signature.ordinary_gcd_properties' depends on axioms: [propext, Classical.choice, Quot.sound]
info: M5Checkpoint90.lean:340:0: 'M5.Signature.exact_signature_lift' depends on axioms: [propext, Classical.choice, Quot.sound]
info: M5Checkpoint90.lean:341:0: 'M5.Signature.ordinary_gcd_period_bound' depends on axioms: [propext, Classical.choice, Quot.sound]
info: M5Checkpoint90.lean:342:0: 'M5.QuotientCharacter.character_add' depends on axioms: [propext, Classical.choice, Quot.sound]
info: M5Checkpoint90.lean:343:0: 'M5.QuotientCharacter.coordinates_zero_iff' depends on axioms: [propext, Classical.choice, Quot.sound]
info: M5Checkpoint90.lean:344:0: 'M5.QuotientCharacter.finite_fibre_count' depends on axioms: [propext, Classical.choice, Quot.sound]
info: M5Checkpoint90.lean:345:0: 'M5.QuotientCharacter.character_orthogonality' depends on axioms: [propext, Classical.choice, Quot.sound]
info: M5Checkpoint90.lean:346:0: 'M5.SubsetCharacter.value_zero' depends on axioms: [propext, Classical.choice, Quot.sound]
info: M5Checkpoint90.lean:347:0: 'M5.SubsetCharacter.character_subset_sum' depends on axioms: [propext, Classical.choice, Quot.sound]
info: M5Checkpoint90.lean:348:0: 'M5.SubsetCharacter.signed_product_expansion' depends on axioms: [propext, Classical.choice, Quot.sound]
info: M5Checkpoint90.lean:349:0: 'M5.SubsetCharacter.signed_product_coefficient' depends on axioms: [propext, Classical.choice, Quot.sound]
info: M5Checkpoint90.lean:350:0: 'M5.SubsetCharacter.subset_character_count' depends on axioms: [propext, Classical.choice, Quot.sound]
info: M5Checkpoint90.lean:351:0: 'M5.TupleCharacter.tuple_character_count' depends on axioms: [propext, Classical.choice, Quot.sound]
info: M5Checkpoint90.lean:352:0: 'M5.TupleCharacter.value_zero' depends on axioms: [propext, Classical.choice, Quot.sound]
info: M5Checkpoint90.lean:353:0: 'M5.TupleCharacter.character_tuple_sum' depends on axioms: [propext, Classical.choice, Quot.sound]
info: M5Checkpoint90.lean:354:0: 'M5.TupleCharacter.tuple_character_power' depends on axioms: [propext, Classical.choice, Quot.sound]
info: M5Checkpoint90.lean:355:0: 'M5.TupleCharacter.ordered_tuple_power_count' depends on axioms: [propext, Classical.choice, Quot.sound]
info: M5Checkpoint90.lean:356:0: 'M5.FiniteExclusion.alternating_subsets' depends on axioms: [propext, Classical.choice, Quot.sound]
info: M5Checkpoint90.lean:357:0: 'M5.FiniteExclusion.filtered_powerset' depends on axioms: [propext, Classical.choice, Quot.sound]
info: M5Checkpoint90.lean:358:0: 'M5.FiniteExclusion.exclusion_indicator' depends on axioms: [propext, Classical.choice, Quot.sound]
info: M5Checkpoint90.lean:359:0: 'M5.FactorProduct.common_factor_dvd' depends on axioms: [propext, Classical.choice, Quot.sound]
info: M5Checkpoint90.lean:360:0: 'M5.FactorProduct.distinct_irreducibles_coprime' depends on axioms: [propext, Classical.choice, Quot.sound]
info: M5Checkpoint90.lean:361:0: 'M5.FactorProduct.irreducible_product_dvd' depends on axioms: [propext, Classical.choice, Quot.sound]
info: M5Checkpoint90.lean:362:0: 'M5.FactorProduct.cyclic_cap' depends on axioms: [propext, Classical.choice, Quot.sound]
info: M5Checkpoint90.lean:363:0: 'M5.FactorProduct.product_event_iff' depends on axioms: [propext, Classical.choice, Quot.sound]
⚠ [1900/1965] Replayed M5PolynomialExclusionAccepted
warning: M5PolynomialExclusionAccepted.lean:4:2: Unused tactic linter: `change
  ∀ (F : M5.BinaryPolynomial) (N : ℕ),
    0 < N → F.Monic → F ∣ M5.cyclicModulus N → M5.cyclicModulus N / F ≠ 0` does nothing

Note: This linter can be disabled with `set_option linter.unusedTactic false`
warning: M5PolynomialExclusionAccepted.lean:15:2: Unused tactic linter: `change ∀ F P p : M5.BinaryPolynomial, F ≠ 0 → F ∣ P → (p ∣ P / F ↔ F * p ∣ P)` does nothing

Note: This linter can be disabled with `set_option linter.unusedTactic false`
warning: M5PolynomialExclusionAccepted.lean:28:2: Unused tactic linter: `change
  ∀ (a b F : M5.BinaryPolynomial) (N : ℕ),
    F ∣ a → F ∣ b → F ∣ M5.cyclicModulus N → F ∣ M5.completeSignature a b N` does nothing

Note: This linter can be disabled with `set_option linter.unusedTactic false`
warning: M5PolynomialExclusionAccepted.lean:34:2: Unused tactic linter: `change
  ∀ F G : M5.BinaryPolynomial,
    F.Monic → F ∣ G → G ≠ 0 → G ≠ F → ∃ p : M5.BinaryPolynomial, Irreducible p ∧ F * p ∣ G` does nothing

Note: This linter can be disabled with `set_option linter.unusedTactic false`
warning: M5PolynomialExclusionAccepted.lean:77:6: Try `simp at hc` instead of `simpa using hc`

Note: This linter can be disabled with `set_option linter.unnecessarySimpa false`
warning: M5PolynomialExclusionAccepted.lean:55:2: Unused tactic linter: `change
  ∀ (a b F : M5.BinaryPolynomial) (N : ℕ),
    0 < N →
      F.Monic →
        F ∣ M5.cyclicModulus N →
          F ∣ a →
            F ∣ b →
              (M5.completeSignature a b N = F ↔
                ∀ p : M5.BinaryPolynomial,
                  Irreducible p → p ∣ M5.cyclicModulus N / F → ¬(F * p ∣ a ∧ F * p ∣ b))` does nothing

Note: This linter can be disabled with `set_option linter.unusedTactic false`
warning: M5PolynomialExclusionAccepted.lean:92:2: Unused tactic linter: `change
  ∀ (a b F : M5.BinaryPolynomial) (N : ℕ),
    0 < N →
      F.Monic →
        F ∣ M5.cyclicModulus N →
          F ∣ a →
            F ∣ b →
              (M5.completeSignature a b N = F ↔
                ∀ p ∈ M5.PolynomialExclusion.residualFactors (M5.cyclicModulus N) F,
                  ¬(F * p ∣ a ∧ F * p ∣ b))` does nothing

Note: This linter can be disabled with `set_option linter.unusedTactic false`
⚠ [1901/1965] Replayed M5PolynomialIndicatorAccepted
warning: M5PolynomialIndicatorAccepted.lean:57:8: `if_neg` has been deprecated: Use `ite_eq_right` instead
⚠ [1903/1965] Replayed M5ArithmeticSubsetAccepted
warning: M5ArithmeticSubsetAccepted.lean:13:47: This simp argument is unused:
  Finset.sum_apply

Hint: Omit it from the simp argument list.
  [apply] simp [M5.SupportPolynomial.ofSupport, M5.SubsetCharacter.vectorSum, M5.QuotientCharacter.coordinates, map_sum]

Note: This linter can be disabled with `set_option linter.unusedSimpArgs false`
warning: M5ArithmeticSubsetAccepted.lean:33:6: Unused tactic linter: `apply M5.SubsetCount.subset_character_count` does nothing

Note: This linter can be disabled with `set_option linter.unusedTactic false`
warning: M5ArithmeticSubsetAccepted.lean:34:6: Unused tactic linter: `apply M5.subset_character_count` does nothing

Note: This linter can be disabled with `set_option linter.unusedTactic false`
warning: M5ArithmeticSubsetAccepted.lean:33:6: this tactic is never executed

Note: This linter can be disabled with `set_option linter.unreachableTactic false`
warning: M5ArithmeticSubsetAccepted.lean:34:6: this tactic is never executed

Note: This linter can be disabled with `set_option linter.unreachableTactic false`
⚠ [1905/1965] Replayed M5OrderCountAcceptedDependencies
warning: M5OrderCountAcceptedDependencies.lean:5:2: Unused tactic linter: `change
  ∀ U : Finset ℕ,
    0 ∉ U → M5.SupportPolynomial.ofSupport (insert 0 U) = 1 + M5.SupportPolynomial.ofSupport U` does nothing

Note: This linter can be disabled with `set_option linter.unusedTactic false`
warning: M5OrderCountAcceptedDependencies.lean:10:2: Unused tactic linter: `change
  ∀ (P : M5.BinaryPolynomial) (U : Finset ℕ),
    0 ∉ U →
      (P ∣ M5.SupportPolynomial.ofSupport (insert 0 U) ↔
        AdjoinRoot.mk P (M5.SupportPolynomial.ofSupport U) = 1)` does nothing

Note: This linter can be disabled with `set_option linter.unusedTactic false`
warning: M5OrderCountAcceptedDependencies.lean:25:2: Unused tactic linter: `change
  ∀ (P : M5.BinaryPolynomial) (hP : P.Monic) (W : Finset ℕ) (k : ℕ),
    0 ∉ W → M5.ArithmeticSubset.n P hP W k 1 = (M5.AnchoredCount.count P W k : ℤ)` does nothing

Note: This linter can be disabled with `set_option linter.unusedTactic false`
⚠ [1908/1965] Replayed M5PhysicalBridgeAccepted
warning: M5PhysicalBridgeAccepted.lean:4:2: Unused tactic linter: `change
  ∀ (w T d : ℕ) (r : Fin w → Fin T),
    d ∣ T → ((∀ a ∈ M5.Packing.packedSupport r, d ∣ a) ↔ ∀ i, d ∣ (r i).val)` does nothing

Note: This linter can be disabled with `set_option linter.unusedTactic false`
warning: M5PhysicalBridgeAccepted.lean:11:2: Unused tactic linter: `change ∀ A : Finset ℕ, 2 ≤ A.card → 0 ∈ A → ∃ a ∈ A, 0 < a` does nothing

Note: This linter can be disabled with `set_option linter.unusedTactic false`
warning: M5PhysicalBridgeAccepted.lean:25:2: Unused tactic linter: `change
  ∀ (T : ℕ) (A B : Finset ℕ) (e : ℕ),
    e ∈ A →
      M5.Connectivity.supportGcd T A B = 1 →
        Nat.gcd (Nat.gcd T (M5.PhysicalBridge.remainingGcd A B e)) e = 1` does nothing

Note: This linter can be disabled with `set_option linter.unusedTactic false`
warning: M5PhysicalBridgeAccepted.lean:39:2: Unused tactic linter: `change
  ∀ w T e δ k : ℕ, 0 < T → e < w * T → δ < w * T → k < w + δ → e + k * T < M5.packingCutoff w T` does nothing

Note: This linter can be disabled with `set_option linter.unusedTactic false`
warning: M5PhysicalBridgeAccepted.lean:47:2: Unused tactic linter: `change
  ∀ (w T : ℕ) (r s : Fin w → Fin T),
    M5.Connectivity.supportGcd T (M5.Packing.packedSupport r) (M5.Packing.packedSupport s) =
      Nat.gcd T
        (Nat.gcd (Finset.univ.gcd (fun i : Fin w => (r i).val))
          (Finset.univ.gcd (fun i : Fin w => (s i).val)))` does nothing

Note: This linter can be disabled with `set_option linter.unusedTactic false`
warning: M5PhysicalBridgeAccepted.lean:57:2: Unused tactic linter: `change
  ∀ (A B : Finset ℕ) (e K : ℕ),
    2 ≤ B.card →
      0 ∈ B →
        (∀ b ∈ B, b < K) →
          0 < M5.PhysicalBridge.remainingGcd A B e ∧ M5.PhysicalBridge.remainingGcd A B e < K` does nothing

Note: This linter can be disabled with `set_option linter.unusedTactic false`
info: M5PhysicalBridgeAccepted.lean:70:0: 'M5.PhysicalBridge.packed_divisibility' depends on axioms: [propext, Classical.choice, Quot.sound]
info: M5PhysicalBridgeAccepted.lean:71:0: 'M5.PhysicalBridge.packed_combined_gcd' depends on axioms: [propext, Classical.choice, Quot.sound]
info: M5PhysicalBridgeAccepted.lean:72:0: 'M5.PhysicalBridge.positive_member' depends on axioms: [propext, Classical.choice, Quot.sound]
info: M5PhysicalBridgeAccepted.lean:73:0: 'M5.PhysicalBridge.remaining_gcd_bounds' depends on axioms: [propext, Classical.choice, Quot.sound]
info: M5PhysicalBridgeAccepted.lean:74:0: 'M5.PhysicalBridge.remaining_gcd_feasible' depends on axioms: [propext, Classical.choice, Quot.sound]
info: M5PhysicalBridgeAccepted.lean:75:0: 'M5.PhysicalBridge.repaired_exponent_cutoff' depends on axioms: [propext, Classical.choice, Quot.sound]
⚠ [1910/1965] Replayed M5SignatureCongruenceAccepted
warning: M5SignatureCongruenceAccepted.lean:4:2: Unused tactic linter: `change
  ∀ (D a a' : M5.BinaryPolynomial) (T : ℕ),
    D ∣ M5.cyclicModulus T →
      AdjoinRoot.mk (M5.cyclicModulus T) a = AdjoinRoot.mk (M5.cyclicModulus T) a' → (D ∣ a ↔ D ∣ a')` does nothing

Note: This linter can be disabled with `set_option linter.unusedTactic false`
warning: M5SignatureCongruenceAccepted.lean:18:2: Unused tactic linter: `change
  ∀ (a b a' b' : M5.BinaryPolynomial) (T : ℕ),
    AdjoinRoot.mk (M5.cyclicModulus T) a = AdjoinRoot.mk (M5.cyclicModulus T) a' →
      AdjoinRoot.mk (M5.cyclicModulus T) b = AdjoinRoot.mk (M5.cyclicModulus T) b' →
        M5.completeSignature a b T = M5.completeSignature a' b' T` does nothing

Note: This linter can be disabled with `set_option linter.unusedTactic false`
warning: M5SignatureCongruenceAccepted.lean:44:2: Unused tactic linter: `change
  ∀ (w T : ℕ) (r s : Fin w → Fin T),
    M5.completeSignature (M5.SupportPolynomial.ofSupport (M5.Packing.packedSupport r))
        (M5.SupportPolynomial.ofSupport (M5.Packing.packedSupport s)) T =
      M5.completeSignature (M5.SupportPolynomial.ofResidueTuple r) (M5.SupportPolynomial.ofResidueTuple s)
        T` does nothing

Note: This linter can be disabled with `set_option linter.unusedTactic false`
warning: M5SignatureCongruenceAccepted.lean:51:2: Unused tactic linter: `change
  ∀ (A B : Finset ℕ) (e k T : ℕ),
    e ∈ A →
      e + k * T ∉ A →
        M5.completeSignature (M5.SupportPolynomial.ofSupport (M5.RepairSupport.repaired A e (e + k * T)))
            (M5.SupportPolynomial.ofSupport B) T =
          M5.completeSignature (M5.SupportPolynomial.ofSupport A) (M5.SupportPolynomial.ofSupport B) T` does nothing

Note: This linter can be disabled with `set_option linter.unusedTactic false`
warning: M5SignatureCongruenceAccepted.lean:56:6: Unused tactic linter: `symm` does nothing

Note: This linter can be disabled with `set_option linter.unusedTactic false`
warning: M5SignatureCongruenceAccepted.lean:56:12: Unused tactic linter: `(apply M5.RepairSupport.replacement_polynomial_residue) <;> assumption` does nothing

Note: This linter can be disabled with `set_option linter.unusedTactic false`
warning: M5SignatureCongruenceAccepted.lean:56:6: this tactic is never executed

Note: This linter can be disabled with `set_option linter.unreachableTactic false`
warning: M5SignatureCongruenceAccepted.lean:56:12: this tactic is never executed

Note: This linter can be disabled with `set_option linter.unreachableTactic false`
info: M5SignatureCongruenceAccepted.lean:58:0: 'M5.SignatureCongruence.divisibility_of_quotient_eq' depends on axioms: [propext, Classical.choice, Quot.sound]
info: M5SignatureCongruenceAccepted.lean:59:0: 'M5.SignatureCongruence.complete_signature_congruence' depends on axioms: [propext, Classical.choice, Quot.sound]
info: M5SignatureCongruenceAccepted.lean:60:0: 'M5.SignatureCongruence.packed_complete_signature' depends on axioms: [propext, Classical.choice, Quot.sound]
info: M5SignatureCongruenceAccepted.lean:61:0: 'M5.SignatureCongruence.repaired_complete_signature' depends on axioms: [propext, Classical.choice, Quot.sound]
ℹ [1912/1965] Replayed M5RepairParameterAccepted
info: M5RepairParameterAccepted.lean:8:6: Try this:
  [apply] exact Packing.packed_support_range w T r e he
info: M5RepairParameterAccepted.lean:16:4: Try this:
  [apply] exact CRT.bounded_connectivity_repair
    (PhysicalBridge.remainingGcd (Packing.packedSupport r) (Packing.packedSupport s) e) T e w hδpos hT hcop
info: M5RepairParameterAccepted.lean:22:8: Try this:
  [apply] exact Packing.packed_support_range w T r (e + k * T) hmem
info: M5RepairParameterAccepted.lean:25:4: Try this:
  [apply] exact PhysicalBridge.repaired_exponent_cutoff w T e
    (PhysicalBridge.remainingGcd (Packing.packedSupport r) (Packing.packedSupport s) e) k hT he_bound hδlt hk_bound
info: M5RepairParameterAccepted.lean:26:0: 'M5.BoundedConstruction.repair_parameter' depends on axioms: [propext, Classical.choice, Quot.sound]
ℹ [1914/1965] Replayed M5BoundedConstructionAccepted
info: M5BoundedConstructionAccepted.lean:68:0: 'M5.BoundedConstruction.packed_repair_hypotheses' depends on axioms: [propext, Classical.choice, Quot.sound]
info: M5BoundedConstructionAccepted.lean:69:0: 'M5.BoundedConstruction.repaired_support_properties' depends on axioms: [propext, Classical.choice, Quot.sound]
info: M5BoundedConstructionAccepted.lean:70:0: 'M5.BoundedConstruction.bounded_connected_construction' depends on axioms: [propext, Classical.choice, Quot.sound]
⚠ [1916/1965] Replayed M5PhysicalOrderAccepted
warning: M5PhysicalOrderAccepted.lean:6:16: `if_pos` has been deprecated: Use `ite_eq_left` instead
warning: M5PhysicalOrderAccepted.lean:8:16: `if_pos` has been deprecated: Use `ite_eq_left` instead
warning: M5PhysicalOrderAccepted.lean:31:4: try 'simp' instead of 'simpa'

Note: This linter can be disabled with `set_option linter.unnecessarySimpa false`
warning: M5PhysicalOrderAccepted.lean:37:17: This simp argument is unused:
  Finset.subset_iff

Hint: Omit it from the simp argument list.
  [apply] simp_all only [Finset.mem_range]

Note: This linter can be disabled with `set_option linter.unusedSimpArgs false`
warning: M5PhysicalOrderAccepted.lean:37:36: This simp argument is unused:
  Finset.mem_range

Hint: Omit it from the simp argument list.
  [apply] simp_all only [Finset.subset_iff]

Note: This linter can be disabled with `set_option linter.unusedSimpArgs false`
warning: M5PhysicalOrderAccepted.lean:38:2: Used `tac1 <;> tac2` where `(tac1; tac2)` would suffice

Note: This linter can be disabled with `set_option linter.unnecessarySeqFocus false`
info: M5PhysicalOrderAccepted.lean:51:0: 'M5.PhysicalOrder.period_control' depends on axioms: [propext, Classical.choice, Quot.sound]
info: M5PhysicalOrderAccepted.lean:52:0: 'M5.PhysicalOrder.literal_progression' depends on axioms: [propext, Classical.choice, Quot.sound]
info: M5PhysicalOrderAccepted.lean:53:0: 'M5.PhysicalOrder.bounded_order' depends on axioms: [propext, Classical.choice, Quot.sound]
ℹ [1918/1965] Replayed M5FeasibleSourceAccepted
info: M5FeasibleSourceAccepted.lean:37:0: 'M5.FeasibleSource.bounded_source' depends on axioms: [propext, Classical.choice, Quot.sound]
info: M5FeasibleSourceAccepted.lean:38:0: 'M5.FeasibleSource.same_support_infinite_progression' depends on axioms: [propext, Classical.choice, Quot.sound]
⚠ [1920/1965] Replayed M5ResidueTailBridgeAccepted
warning: M5ResidueTailBridgeAccepted.lean:4:2: Unused tactic linter: `change
  ∀ (T k : ℕ) (hT : 0 < T) (r : Fin k → Fin T),
    ∀ i : Fin (k + 1), i.val = 0 → (M5.ResidueTailBridge.anchored hT r i).val = 0` does nothing

Note: This linter can be disabled with `set_option linter.unusedTactic false`
info: M5ResidueTailBridgeAccepted.lean:31:0: 'M5.ResidueTailBridge.anchor_zero' depends on axioms: [propext]
info: M5ResidueTailBridgeAccepted.lean:32:0: 'M5.ResidueTailBridge.gcd_cons' depends on axioms: [propext, Classical.choice, Quot.sound]
info: M5ResidueTailBridgeAccepted.lean:33:0: 'M5.ResidueTailBridge.polynomial_cons' depends on axioms: [propext, Classical.choice, Quot.sound]
⚠ [1922/1965] Replayed M5ResidueNecessityAccepted
warning: M5ResidueNecessityAccepted.lean:4:2: Unused tactic linter: `change
  ∀ (A : Finset ℕ) (w : ℕ),
    0 < w →
      A.card = w →
        0 ∈ A →
          ∃ u : Fin w → ℕ,
            Function.Injective u ∧ Finset.univ.image u = A ∧ ∀ i : Fin w, i.val = 0 → u i = 0` does nothing

Note: This linter can be disabled with `set_option linter.unusedTactic false`
warning: M5ResidueNecessityAccepted.lean:55:2: Unused tactic linter: `change
  ∀ (a b F : M5.BinaryPolynomial) (N T : ℕ),
    T ∣ N → F ∣ M5.cyclicModulus T → M5.completeSignature a b N = F → M5.completeSignature a b T = F` does nothing

Note: This linter can be disabled with `set_option linter.unusedTactic false`
warning: M5ResidueNecessityAccepted.lean:82:2: Unused tactic linter: `change
  ∀ (N w T : ℕ) (F : M5.BinaryPolynomial) (A B : Finset ℕ),
    0 < w →
      0 < T →
        T ∣ N →
          F ∣ M5.cyclicModulus T →
            M5.PhysicalOrder.realizes N w F A B →
              ∃ r s : Fin w → Fin T,
                M5.BoundedConstruction.anchoredTuple r ∧
                  M5.BoundedConstruction.anchoredTuple s ∧
                    M5.BoundedConstruction.tupleSupportGcd r s = 1 ∧
                      M5.completeSignature (M5.SupportPolynomial.ofResidueTuple r)
                          (M5.SupportPolynomial.ofResidueTuple s) T =
                        F` does nothing

Note: This linter can be disabled with `set_option linter.unusedTactic false`
info: M5ResidueNecessityAccepted.lean:144:0: 'M5.ResidueNecessity.anchored_enumeration' depends on axioms: [propext, Classical.choice, Quot.sound]
info: M5ResidueNecessityAccepted.lean:145:0: 'M5.ResidueNecessity.reduced_connectivity' depends on axioms: [propext, Classical.choice, Quot.sound]
info: M5ResidueNecessityAccepted.lean:146:0: 'M5.ResidueNecessity.reduced_polynomial' depends on axioms: [propext, Classical.choice, Quot.sound]
info: M5ResidueNecessityAccepted.lean:147:0: 'M5.ResidueNecessity.signature_restriction' depends on axioms: [propext, Classical.choice, Quot.sound]
info: M5ResidueNecessityAccepted.lean:148:0: 'M5.ResidueNecessity.physical_to_residue' depends on axioms: [propext, Classical.choice, Quot.sound]
info: M5ResidueNecessityAccepted.lean:149:0: 'M5.ResidueNecessity.period_necessity' depends on axioms: [propext, Classical.choice, Quot.sound]
⚠ [1924/1965] Replayed M5ArithmeticTupleAccepted
warning: M5ArithmeticTupleAccepted.lean:33:8: This simp argument is unused:
  Int.mul_ediv_cancel_left

Hint: Omit it from the simp argument list.
  [apply] simp [h]

Note: This linter can be disabled with `set_option linter.unusedSimpArgs false`
warning: M5ArithmeticTupleAccepted.lean:36:2: Unused tactic linter: `change
  ∀ (P : M5.BinaryPolynomial) (hP : P.Monic) (T d k : ℕ) (z : AdjoinRoot P),
    0 ≤ M5.ArithmeticTuple.R P hP T d k z` does nothing

Note: This linter can be disabled with `set_option linter.unusedTactic false`
⚠ [1926/1965] Replayed M5AnchoredTupleCountAccepted
warning: M5AnchoredTupleCountAccepted.lean:20:2: Unused tactic linter: `change
  ∀ T d : ℕ,
    0 < T →
      d ∣ T → ∃ e : Fin (T / d) ≃ { r : Fin T // d ∣ r.val }, ∀ j : Fin (T / d), (e j).val.val = d * j.val` does nothing

Note: This linter can be disabled with `set_option linter.unusedTactic false`
warning: M5AnchoredTupleCountAccepted.lean:88:6: This simp argument is unused:
  M5.SupportPolynomial.ofResidueTuple

Hint: Omit it from the simp argument list.
  [apply] simp only [Finset.mem_filter, Finset.mem_univ, true_and] at ht ⊢

Note: This linter can be disabled with `set_option linter.unusedSimpArgs false`
warning: M5AnchoredTupleCountAccepted.lean:101:6: This simp argument is unused:
  M5.SupportPolynomial.ofResidueTuple

Hint: Omit it from the simp argument list.
  [apply] simp only [Finset.mem_filter, Finset.mem_univ, true_and] at hr

Note: This linter can be disabled with `set_option linter.unusedSimpArgs false`
warning: M5AnchoredTupleCountAccepted.lean:70:2: Unused tactic linter: `change
  ∀ (P : M5.BinaryPolynomial) (hP : P.Monic) (T d k : ℕ),
    0 < T →
      d ∣ T → M5.ArithmeticTuple.R P hP T d k 1 = (M5.AnchoredTupleCount.restrictedCount P T d k : ℤ)` does nothing

Note: This linter can be disabled with `set_option linter.unusedTactic false`
warning: M5AnchoredTupleCountAccepted.lean:111:4: Unused tactic linter: `change P ∣ 1 + M5.ArithmeticTuple.tuplePolynomial T d k t` does nothing

Note: This linter can be disabled with `set_option linter.unusedTactic false`
⚠ [1929/1965] Replayed M5GlobalTailAccepted
warning: M5GlobalTailAccepted.lean:21:6: This simp argument is unused:
  M5.ResidueCount.residueSupport

Hint: Omit it from the simp argument list.
  [apply] simp_all [M5.ResidueCount.feasible, M5.ResidueCount.tailPolynomial, M5.Connectivity.supportGcd,
    Finset.gcd_image, Function.comp_def]

Note: This linter can be disabled with `set_option linter.unusedSimpArgs false`
warning: M5GlobalTailAccepted.lean:21:38: This simp argument is unused:
  M5.Connectivity.supportGcd

Hint: Omit it from the simp argument list.
  [apply] simp_all [M5.ResidueCount.feasible, M5.ResidueCount.tailPolynomial, M5.ResidueCount.residueSupport,
    Finset.gcd_image, Function.comp_def]

Note: This linter can be disabled with `set_option linter.unusedSimpArgs false`
warning: M5GlobalTailAccepted.lean:22:6: This simp argument is unused:
  Finset.gcd_image

Hint: Omit it from the simp argument list.
  [apply] simp_all [M5.ResidueCount.feasible, M5.ResidueCount.tailPolynomial, M5.ResidueCount.residueSupport,
    M5.Connectivity.supportGcd, Function.comp_def]

Note: This linter can be disabled with `set_option linter.unusedSimpArgs false`
warning: M5GlobalTailAccepted.lean:22:24: This simp argument is unused:
  Function.comp_def

Hint: Omit it from the simp argument list.
  [apply] simp_all [M5.ResidueCount.feasible, M5.ResidueCount.tailPolynomial, M5.ResidueCount.residueSupport,
    M5.Connectivity.supportGcd, Finset.gcd_image]

Note: This linter can be disabled with `set_option linter.unusedSimpArgs false`
info: M5GlobalTailAccepted.lean:23:0: 'M5.GlobalCriterion.full_to_tail' depends on axioms: [propext, Classical.choice, Quot.sound]
⚠ [1930/1965] Replayed M5ResidueCountAccepted
warning: M5ResidueCountAccepted.lean:13:22: This simp argument is unused:
  Function.comp_def

Hint: Omit it from the simp argument list.
  [apply] simp [M5.ResidueCount.residueSupport, M5.Connectivity.supportGcd, Finset.gcd_image] at hc

Note: This linter can be disabled with `set_option linter.unusedSimpArgs false`
warning: M5ResidueCountAccepted.lean:16:12: This simp argument is unused:
  M5.ResidueCount.residueSupport

Hint: Omit it from the simp argument list.
  [apply] simp_all [M5.Connectivity.supportGcd, Finset.gcd_image, Function.comp_def, ← Finset.sum_mul, ← Finset.mul_sum,
    ite_mul, mul_ite, and_assoc, and_comm, and_left_comm]

Note: This linter can be disabled with `set_option linter.unusedSimpArgs false`
warning: M5ResidueCountAccepted.lean:16:44: This simp argument is unused:
  M5.Connectivity.supportGcd

Hint: Omit it from the simp argument list.
  [apply] simp_all [M5.ResidueCount.residueSupport, Finset.gcd_image, Function.comp_def, ← Finset.sum_mul,
    ← Finset.mul_sum, ite_mul, mul_ite, and_assoc, and_comm, and_left_comm]

Note: This linter can be disabled with `set_option linter.unusedSimpArgs false`
warning: M5ResidueCountAccepted.lean:17:4: This simp argument is unused:
  Finset.gcd_image

Hint: Omit it from the simp argument list.
  [apply] simp_all [M5.ResidueCount.residueSupport, M5.Connectivity.supportGcd, Function.comp_def, ← Finset.sum_mul,
    ← Finset.mul_sum, ite_mul, mul_ite, and_assoc, and_comm, and_left_comm]

Note: This linter can be disabled with `set_option linter.unusedSimpArgs false`
warning: M5ResidueCountAccepted.lean:17:22: This simp argument is unused:
  Function.comp_def

Hint: Omit it from the simp argument list.
  [apply] simp_all [M5.ResidueCount.residueSupport, M5.Connectivity.supportGcd, Finset.gcd_image, ← Finset.sum_mul,
    ← Finset.mul_sum, ite_mul, mul_ite, and_assoc, and_comm, and_left_comm]

Note: This linter can be disabled with `set_option linter.unusedSimpArgs false`
warning: M5ResidueCountAccepted.lean:17:41: This simp argument is unused:
  ← Finset.sum_mul

Hint: Omit it from the simp argument list.
  [apply] simp_all [M5.ResidueCount.residueSupport, M5.Connectivity.supportGcd, Finset.gcd_image, Function.comp_def,
    ← Finset.mul_sum, ite_mul, mul_ite, and_assoc, and_comm, and_left_comm]

Note: Simp arguments with `←` have the additional effect of removing the other direction from the simp set, even if the simp argument itself is unused. If the hint above does not work, try replacing `←` with `-` to only get that effect and silence this warning.

Note: This linter can be disabled with `set_option linter.unusedSimpArgs false`
warning: M5ResidueCountAccepted.lean:17:59: This simp argument is unused:
  ← Finset.mul_sum

Hint: Omit it from the simp argument list.
  [apply] simp_all [M5.ResidueCount.residueSupport, M5.Connectivity.supportGcd, Finset.gcd_image, Function.comp_def,
    ← Finset.sum_mul, ite_mul, mul_ite, and_assoc, and_comm, and_left_comm]

Note: Simp arguments with `←` have the additional effect of removing the other direction from the simp set, even if the simp argument itself is unused. If the hint above does not work, try replacing `←` with `-` to only get that effect and silence this warning.

Note: This linter can be disabled with `set_option linter.unusedSimpArgs false`
warning: M5ResidueCountAccepted.lean:18:4: This simp argument is unused:
  ite_mul

Hint: Omit it from the simp argument list.
  [apply] simp_all [M5.ResidueCount.residueSupport, M5.Connectivity.supportGcd, Finset.gcd_image, Function.comp_def,
    ← Finset.sum_mul, ← Finset.mul_sum, mul_ite, and_assoc, and_comm, and_left_comm]

Note: This linter can be disabled with `set_option linter.unusedSimpArgs false`
warning: M5ResidueCountAccepted.lean:18:22: This simp argument is unused:
  and_assoc

Hint: Omit it from the simp argument list.
  [apply] simp_all [M5.ResidueCount.residueSupport, M5.Connectivity.supportGcd, Finset.gcd_image, Function.comp_def,
    ← Finset.sum_mul, ← Finset.mul_sum, ite_mul, mul_ite, and_comm, and_left_comm]

Note: This linter can be disabled with `set_option linter.unusedSimpArgs false`
warning: M5ResidueCountAccepted.lean:18:43: This simp argument is unused:
  and_left_comm

Hint: Omit it from the simp argument list.
  [apply] simp_all [M5.ResidueCount.residueSupport, M5.Connectivity.supportGcd, Finset.gcd_image, Function.comp_def,
    ← Finset.sum_mul, ← Finset.mul_sum, ite_mul, mul_ite, and_assoc, and_comm]

Note: This linter can be disabled with `set_option linter.unusedSimpArgs false`
warning: M5ResidueCountAccepted.lean:19:2: Used `tac1 <;> tac2` where `(tac1; tac2)` would suffice

Note: This linter can be disabled with `set_option linter.unnecessarySeqFocus false`
warning: M5ResidueCountAccepted.lean:24:35: `dif_pos` has been deprecated: Use `dite_eq_left` instead
warning: M5ResidueCountAccepted.lean:27:61: This simp argument is unused:
  Nat.cast_one

Hint: Omit it from the simp argument list.
  [apply] simp only [pow_two, Finset.card_eq_sum_ones, Nat.cast_sum, Finset.sum_filter]

Note: This linter can be disabled with `set_option linter.unusedSimpArgs false`
warning: M5ResidueCountAccepted.lean:105:32: This simp argument is unused:
  mul_assoc

Hint: Omit it from the simp argument list.
  [apply] simp [hda, hdb, hpa, hpb]

Note: This linter can be disabled with `set_option linter.unusedSimpArgs false`
info: M5ResidueCountAccepted.lean:141:0: 'M5.ResidueCount.pair_indicator_exact' depends on axioms: [propext, Classical.choice, Quot.sound]
info: M5ResidueCountAccepted.lean:142:0: 'M5.ResidueCount.two_block_R_count' depends on axioms: [propext, Classical.choice, Quot.sound]
info: M5ResidueCountAccepted.lean:143:0: 'M5.ResidueCount.arithmetic_indicator_expansion' depends on axioms: [propext, Classical.choice, Quot.sound]
info: M5ResidueCountAccepted.lean:144:0: 'M5.ResidueCount.exact_rawA' depends on axioms: [propext, Classical.choice, Quot.sound]
info: M5ResidueCountAccepted.lean:145:0: 'M5.ResidueCount.rawA_nonnegative_and_positive' depends on axioms: [propext, Classical.choice, Quot.sound]
info: M5ResidueCountAccepted.lean:146:0: 'M5.ResidueCount.period_A_exact' depends on axioms: [propext, Classical.choice, Quot.sound]
⚠ [1933/1965] Replayed M5OrderBoundaryAccepted
warning: M5OrderBoundaryAccepted.lean:4:2: Unused tactic linter: `change ∀ (S : Finset ℕ) (N : ℕ), (∀ e ∈ S, e < N) → S.card ≤ N` does nothing

Note: This linter can be disabled with `set_option linter.unusedTactic false`
warning: M5OrderBoundaryAccepted.lean:12:2: Unused tactic linter: `change
  ∀ (N : ℕ) (F : M5.BinaryPolynomial) (A B : Finset ℕ),
    M5.PhysicalOrder.realizes N 1 F A B ↔ N = 1 ∧ F = 1 ∧ A = {0} ∧ B = {0}` does nothing

Note: This linter can be disabled with `set_option linter.unusedTactic false`
warning: M5OrderBoundaryAccepted.lean:38:2: Unused tactic linter: `change
  ∀ (N w : ℕ) (F : M5.BinaryPolynomial) (A B : Finset ℕ),
    F.Monic →
      F.coeff 0 = 1 →
        M5.PhysicalOrder.realizes N w F A B → M5.signaturePeriod F ∣ N ∧ w ≤ N ∧ F.natDegree < N` does nothing

Note: This linter can be disabled with `set_option linter.unusedTactic false`
warning: M5OrderBoundaryAccepted.lean:52:6: Unused tactic linter: `exact
  dvd_trans (EuclideanDomain.gcd_dvd_right a (EuclideanDomain.gcd b (M5.cyclicModulus N)))
    (EuclideanDomain.gcd_dvd_right b (M5.cyclicModulus N))` does nothing

Note: This linter can be disabled with `set_option linter.unusedTactic false`
warning: M5OrderBoundaryAccepted.lean:58:6: Unused tactic linter: `exact EuclideanDomain.gcd_dvd_left a (EuclideanDomain.gcd b (M5.cyclicModulus N))` does nothing

Note: This linter can be disabled with `set_option linter.unusedTactic false`
warning: M5OrderBoundaryAccepted.lean:52:6: this tactic is never executed

Note: This linter can be disabled with `set_option linter.unreachableTactic false`
warning: M5OrderBoundaryAccepted.lean:58:6: this tactic is never executed

Note: This linter can be disabled with `set_option linter.unreachableTactic false`
info: M5OrderBoundaryAccepted.lean:64:0: 'M5.OrderBoundary.range_card' depends on axioms: [propext, Classical.choice, Quot.sound]
info: M5OrderBoundaryAccepted.lean:65:0: 'M5.OrderBoundary.signature_lower_bounds' depends on axioms: [propext, Classical.choice, Quot.sound]
info: M5OrderBoundaryAccepted.lean:66:0: 'M5.OrderBoundary.weight_one_iff' depends on axioms: [propext, Classical.choice, Quot.sound]
⚠ [3070/3097] Replayed M5BirthSearchAccepted
warning: M5BirthSearchAccepted.lean:21:52: This simp argument is unused:
  Nat.lt_succ_iff

Hint: Omit it from the simp argument list.
  [apply] simp [M5.BirthSearch.candidates, hB, hl, hd, hp]

Note: This linter can be disabled with `set_option linter.unusedSimpArgs false`
warning: M5BirthSearchAccepted.lean:5:2: Unused tactic linter: `change
  ∀ (T lower B : ℕ) (C : ℕ → ℤ),
    M5.BirthSearch.birth T lower B C = none ↔ ∀ N : ℕ, N ≤ B → lower ≤ N → T ∣ N → C N ≤ 0` does nothing

Note: This linter can be disabled with `set_option linter.unusedTactic false`
warning: M5BirthSearchAccepted.lean:31:37: This simp argument is unused:
  Nat.lt_succ_iff

Hint: Omit it from the simp argument list.
  [apply] simp [M5.BirthSearch.candidates, and_assoc, and_left_comm, and_comm]

Note: This linter can be disabled with `set_option linter.unusedSimpArgs false`
warning: M5BirthSearchAccepted.lean:31:54: This simp argument is unused:
  and_assoc

Hint: Omit it from the simp argument list.
  [apply] simp [M5.BirthSearch.candidates, Nat.lt_succ_iff, and_left_comm, and_comm]

Note: This linter can be disabled with `set_option linter.unusedSimpArgs false`
warning: M5BirthSearchAccepted.lean:31:80: This simp argument is unused:
  and_comm

Hint: Omit it from the simp argument list.
  [apply] simp [M5.BirthSearch.candidates, Nat.lt_succ_iff, and_assoc, and_left_comm]

Note: This linter can be disabled with `set_option linter.unusedSimpArgs false`
warning: M5BirthSearchAccepted.lean:27:2: Unused tactic linter: `change ∀ (T lower B : ℕ) (C : ℕ → ℤ), _` does nothing

Note: This linter can be disabled with `set_option linter.unusedTactic false`
warning: M5BirthSearchAccepted.lean:46:2: Unused tactic linter: `change ∀ (T lower B : ℕ) (C : ℕ → ℤ) (Valid : ℕ → Prop), _` does nothing

Note: This linter can be disabled with `set_option linter.unusedTactic false`
info: M5BirthSearchAccepted.lean:58:0: 'M5.BirthSearch.birth_none_iff' depends on axioms: [propext, Classical.choice, Quot.sound]
info: M5BirthSearchAccepted.lean:59:0: 'M5.BirthSearch.birth_spec' depends on axioms: [propext, Classical.choice, Quot.sound]
info: M5BirthSearchAccepted.lean:60:0: 'M5.BirthSearch.birth_exact' depends on axioms: [propext, Classical.choice, Quot.sound]
⚠ [3072/3097] Replayed M5OrderCountAccepted
warning: M5OrderCountAccepted.lean:8:96: This simp argument is unused:
  and_assoc

Hint: Omit it from the simp argument list.
  [apply] simp [M5.OrderCount.divisorPositions, Finset.mem_powersetCard, Finset.subset_iff, forall_and, and_left_comm,
    and_comm]

Note: This linter can be disabled with `set_option linter.unusedSimpArgs false`
warning: M5OrderCountAccepted.lean:4:2: Unused tactic linter: `change
  ∀ (N d k : ℕ),
    (M5.OrderCount.divisorPositions N d).powersetCard k =
      ((M5.OrderCount.positivePositions N).powersetCard k).filter (fun U => ∀ s ∈ U, d ∣ s)` does nothing

Note: This linter can be disabled with `set_option linter.unusedTactic false`
warning: M5OrderCountAccepted.lean:13:33: `dif_pos` has been deprecated: Use `dite_eq_left` instead
warning: M5OrderCountAccepted.lean:17:8: This simp argument is unused:
  Finset.sum_mul

Hint: Omit it from the simp argument list.
  [apply] simp [Finset.mul_sum, ite_mul, mul_ite, ite_and]

Note: This linter can be disabled with `set_option linter.unusedSimpArgs false`
warning: M5OrderCountAccepted.lean:17:24: This simp argument is unused:
  Finset.mul_sum

Hint: Omit it from the simp argument list.
  [apply] simp [Finset.sum_mul, ite_mul, mul_ite, ite_and]

Note: This linter can be disabled with `set_option linter.unusedSimpArgs false`
warning: M5OrderCountAccepted.lean:17:40: This simp argument is unused:
  ite_mul

Hint: Omit it from the simp argument list.
  [apply] simp [Finset.sum_mul, Finset.mul_sum, mul_ite, ite_and]

Note: This linter can be disabled with `set_option linter.unusedSimpArgs false`
warning: M5OrderCountAccepted.lean:17:49: This simp argument is unused:
  mul_ite

Hint: Omit it from the simp argument list.
  [apply] simp [Finset.sum_mul, Finset.mul_sum, ite_mul, ite_and]

Note: This linter can be disabled with `set_option linter.unusedSimpArgs false`
warning: M5OrderCountAccepted.lean:19:8: This simp argument is unused:
  nsmul_eq_mul

Hint: Omit it from the simp argument list.
  [apply] simp

Note: This linter can be disabled with `set_option linter.unusedSimpArgs false`
warning: M5OrderCountAccepted.lean:30:8: try 'simp' instead of 'simpa'

Note: This linter can be disabled with `set_option linter.unnecessarySimpa false`
warning: M5OrderCountAccepted.lean:22:2: Unused tactic linter: `change
  ∀ (N w : ℕ) (F : M5.BinaryPolynomial), 0 < N → 0 < w → F.Monic → F ∣ M5.cyclicModulus N → _` does nothing

Note: This linter can be disabled with `set_option linter.unusedTactic false`
warning: M5OrderCountAccepted.lean:94:54: This simp argument is unused:
  Nat.cast_one

Hint: Omit it from the simp argument list.
  [apply] simp only [Finset.card_eq_sum_ones, Nat.cast_sum, Finset.sum_filter]

Note: This linter can be disabled with `set_option linter.unusedSimpArgs false`
warning: M5OrderCountAccepted.lean:86:2: Unused tactic linter: `change
  ∀ (N w : ℕ) (F : M5.BinaryPolynomial),
    0 < N →
      0 < w →
        F.Monic → F ∣ M5.cyclicModulus N → M5.OrderCount.C N w F = (M5.OrderCount.validPairs N w F).card` does nothing

Note: This linter can be disabled with `set_option linter.unusedTactic false`
warning: M5OrderCountAccepted.lean:124:2: Unused tactic linter: `change
  ∀ (N w : ℕ) (F : M5.BinaryPolynomial),
    0 < N → 0 < w → F.Monic → F ∣ M5.cyclicModulus N → 0 ≤ M5.OrderCount.C N w F` does nothing

Note: This linter can be disabled with `set_option linter.unusedTactic false`
warning: M5OrderCountAccepted.lean:130:2: Unused tactic linter: `change
  ∀ (N w : ℕ) (F : M5.BinaryPolynomial), 0 < N → 0 < w → F.Monic → F ∣ M5.cyclicModulus N → _` does nothing

Note: This linter can be disabled with `set_option linter.unusedTactic false`
info: M5OrderCountAccepted.lean:193:0: 'M5.OrderCount.divisor_subset_domain' depends on axioms: [propext, Classical.choice, Quot.sound]
info: M5OrderCountAccepted.lean:194:0: 'M5.OrderCount.two_block_divisibility_count' depends on axioms: [propext, Classical.choice, Quot.sound]
info: M5OrderCountAccepted.lean:195:0: 'M5.OrderCount.arithmetic_indicator_expansion' depends on axioms: [propext, Classical.choice, Quot.sound]
info: M5OrderCountAccepted.lean:196:0: 'M5.OrderCount.exact_C' depends on axioms: [propext, Classical.choice, Quot.sound]
info: M5OrderCountAccepted.lean:197:0: 'M5.OrderCount.C_nonnegative' depends on axioms: [propext, Classical.choice, Quot.sound]
info: M5OrderCountAccepted.lean:198:0: 'M5.OrderCount.C_positive_iff_realization' depends on axioms: [propext, Classical.choice, Quot.sound]
⚠ [3073/3097] Replayed M5GlobalCriterionAccepted
warning: M5GlobalCriterionAccepted.lean:4:2: Unused tactic linter: `change
  ∀ (N w : ℕ) (F : M5.BinaryPolynomial) (S U : Finset ℕ),
    0 < w → F.Monic → F.coeff 0 = 1 → M5.PhysicalOrder.realizes N w F S U → 0 < M5.ResidueCount.A w F` does nothing

Note: This linter can be disabled with `set_option linter.unusedTactic false`
info: M5GlobalCriterionAccepted.lean:69:0: 'M5.GlobalCriterion.physical_implies_A_positive' depends on axioms: [propext, Classical.choice, Quot.sound]
info: M5GlobalCriterionAccepted.lean:70:0: 'M5.GlobalCriterion.positive_bounded_progression' depends on axioms: [propext, Classical.choice, Quot.sound]
info: M5GlobalCriterionAccepted.lean:71:0: 'M5.GlobalCriterion.global_occurrence_criterion' depends on axioms: [propext, Classical.choice, Quot.sound]
⚠ [3075/3097] Replayed M5ArithmeticWorkflowAccepted
warning: M5ArithmeticWorkflowAccepted.lean:32:2: Unused tactic linter: `change
  ∀ (N w : ℕ) (F : M5.BinaryPolynomial),
    0 < N → 0 < w → F.Monic → F.coeff 0 = 1 → 0 ≤ M5.OrderCount.C N w F` does nothing

Note: This linter can be disabled with `set_option linter.unusedTactic false`
warning: M5ArithmeticWorkflowAccepted.lean:58:2: Unused tactic linter: `change
  ∀ (N w : ℕ) (F : M5.BinaryPolynomial),
    0 < N →
      0 < w →
        F.Monic →
          F.coeff 0 = 1 →
            (M5.OrderCount.C N w F = 0 ↔ ¬(∃ S U : Finset ℕ, M5.PhysicalOrder.realizes N w F S U))` does nothing

Note: This linter can be disabled with `set_option linter.unusedTactic false`
warning: M5ArithmeticWorkflowAccepted.lean:93:2: Unused tactic linter: `change
  ∀ (w : ℕ) (F : M5.BinaryPolynomial),
    2 ≤ w →
      F.Monic →
        F.coeff 0 = 1 →
          ∀ b N : ℕ,
            M5.ArithmeticWorkflow.birth w F = some b →
              b ≤ N →
                ((¬M5.signaturePeriod F ∣ N ∨ M5.OrderCount.C N w F = 0) ↔
                  ¬(∃ S U : Finset ℕ, M5.PhysicalOrder.realizes N w F S U))` does nothing

Note: This linter can be disabled with `set_option linter.unusedTactic false`
info: M5ArithmeticWorkflowAccepted.lean:113:0: 'M5.ArithmeticWorkflow.order_count_iff' depends on axioms: [propext, Classical.choice, Quot.sound]
info: M5ArithmeticWorkflowAccepted.lean:114:0: 'M5.ArithmeticWorkflow.birth_exact' depends on axioms: [propext, Classical.choice, Quot.sound]
info: M5ArithmeticWorkflowAccepted.lean:115:0: 'M5.ArithmeticWorkflow.birth_none' depends on axioms: [propext, Classical.choice, Quot.sound]
info: M5ArithmeticWorkflowAccepted.lean:116:0: 'M5.ArithmeticWorkflow.order_count_nonnegative' depends on axioms: [propext, Classical.choice, Quot.sound]
info: M5ArithmeticWorkflowAccepted.lean:117:0: 'M5.ArithmeticWorkflow.order_exception' depends on axioms: [propext, Classical.choice, Quot.sound]
info: M5ArithmeticWorkflowAccepted.lean:118:0: 'M5.ArithmeticWorkflow.later_exception' depends on axioms: [propext, Classical.choice, Quot.sound]
⚠ [3077/3097] Replayed M5PeriodSearchAccepted
warning: M5PeriodSearchAccepted.lean:12:73: This simp argument is unused:
  Nat.lt_succ_iff

Hint: Omit it from the simp argument list.
  [apply] simp [M5.PeriodSearch.candidates, hdiv, hpos, hbound, Nat.succ_le_iff]

Note: This linter can be disabled with `set_option linter.unusedSimpArgs false`
warning: M5PeriodSearchAccepted.lean:4:2: Unused tactic linter: `change
  ∀ F : M5.BinaryPolynomial, F.Monic → F.coeff 0 = 1 → (M5.PeriodSearch.candidates F).Nonempty` does nothing

Note: This linter can be disabled with `set_option linter.unusedTactic false`
warning: M5PeriodSearchAccepted.lean:19:43: `dif_pos` has been deprecated: Use `dite_eq_left` instead
warning: M5PeriodSearchAccepted.lean:15:2: Unused tactic linter: `change
  ∀ F : M5.BinaryPolynomial,
    F.Monic → F.coeff 0 = 1 → M5.PeriodSearch.finiteSearch F ∈ M5.PeriodSearch.candidates F` does nothing

Note: This linter can be disabled with `set_option linter.unusedTactic false`
warning: M5PeriodSearchAccepted.lean:41:45: `dif_pos` has been deprecated: Use `dite_eq_left` instead
warning: M5PeriodSearchAccepted.lean:31:75: This simp argument is unused:
  Nat.lt_succ_iff

Hint: Omit it from the simp argument list.
  [apply] simp [M5.PeriodSearch.candidates, hdiv, hpos, hbound, Nat.succ_le_iff]

Note: This linter can be disabled with `set_option linter.unusedSimpArgs false`
warning: M5PeriodSearchAccepted.lean:23:2: Unused tactic linter: `change
  ∀ F : M5.BinaryPolynomial,
    F.Monic → F.coeff 0 = 1 → M5.PeriodSearch.finiteSearch F = M5.signaturePeriod F` does nothing

Note: This linter can be disabled with `set_option linter.unusedTactic false`
warning: M5PeriodSearchAccepted.lean:46:2: Unused tactic linter: `change M5.PeriodSearch.finiteSearch (1 : M5.BinaryPolynomial) = 1` does nothing

Note: This linter can be disabled with `set_option linter.unusedTactic false`
info: M5PeriodSearchAccepted.lean:48:0: 'M5.PeriodSearch.candidate_nonempty' depends on axioms: [propext, Classical.choice, Quot.sound]
info: M5PeriodSearchAccepted.lean:49:0: 'M5.PeriodSearch.finite_search_member' depends on axioms: [propext, Classical.choice, Quot.sound]
info: M5PeriodSearchAccepted.lean:50:0: 'M5.PeriodSearch.finite_search_eq_period' depends on axioms: [propext, Classical.choice, Quot.sound]
info: M5PeriodSearchAccepted.lean:51:0: 'M5.PeriodSearch.finite_search_one' depends on axioms: [propext, Classical.choice, Quot.sound]
⚠ [3079/3097] Replayed M5TranslationAccepted
warning: M5TranslationAccepted.lean:11:6: Try this: 
  letI̵

The goal is a proposition, so `let` is preferred over `letI`.
The difference between `let` and `letI` is that `letI` inlines the value.
But this is not relevant for proofs because of proof irrelevance.

Note: This linter can be disabled with `set_option linter.style.haveILetI false`
warning: M5TranslationAccepted.lean:91:6: Unused tactic linter: `exact add_left_cancel h` does nothing

Note: This linter can be disabled with `set_option linter.unusedTactic false`
warning: M5TranslationAccepted.lean:91:6: this tactic is never executed

Note: This linter can be disabled with `set_option linter.unreachableTactic false`
info: M5TranslationAccepted.lean:217:0: 'M5.Translation.anchored_difference_gcd' depends on axioms: [propext, Classical.choice, Quot.sound]
info: M5TranslationAccepted.lean:218:0: 'M5.Translation.difference_translation' depends on axioms: [propext, Classical.choice, Quot.sound]
info: M5TranslationAccepted.lean:219:0: 'M5.Translation.shift_card_anchor' depends on axioms: [propext, Classical.choice, Quot.sound]
info: M5TranslationAccepted.lean:220:0: 'M5.Translation.shift_quotient_polynomial' depends on axioms: [propext, Classical.choice, Quot.sound]
info: M5TranslationAccepted.lean:221:0: 'M5.Translation.signature_translation' depends on axioms: [propext, Classical.choice, Quot.sound]
info: M5TranslationAccepted.lean:222:0: 'M5.Translation.anchored_normalization' depends on axioms: [propext, Classical.choice, Quot.sound]
⚠ [3081/3097] Replayed M5CompletionBlockAccepted
warning: M5CompletionBlockAccepted.lean:4:2: Unused tactic linter: `change
  ∀ A U : Finset ℕ,
    Disjoint A U →
      M5.SupportPolynomial.ofSupport (A ∪ U) =
        M5.SupportPolynomial.ofSupport A + M5.SupportPolynomial.ofSupport U` does nothing

Note: This linter can be disabled with `set_option linter.unusedTactic false`
warning: M5CompletionBlockAccepted.lean:10:2: Unused tactic linter: `change
  ∀ (P : M5.BinaryPolynomial) (A U : Finset ℕ),
    Disjoint A U →
      (P ∣ M5.SupportPolynomial.ofSupport (A ∪ U) ↔
        AdjoinRoot.mk P (M5.SupportPolynomial.ofSupport U) =
          AdjoinRoot.mk P (M5.SupportPolynomial.ofSupport A))` does nothing

Note: This linter can be disabled with `set_option linter.unusedTactic false`
warning: M5CompletionBlockAccepted.lean:29:2: Unused tactic linter: `change
  ∀ (P : M5.BinaryPolynomial) (hP : P.Monic) (A W : Finset ℕ) (k : ℕ),
    Disjoint A W →
      M5.ArithmeticSubset.n P hP W k (AdjoinRoot.mk P (M5.SupportPolynomial.ofSupport A)) =
        (M5.CompletionBlock.count P A W k : ℤ)` does nothing

Note: This linter can be disabled with `set_option linter.unusedTactic false`
⚠ [3083/3097] Replayed M5ConditionalCountAccepted
warning: M5ConditionalCountAccepted.lean:50:44: `dif_pos` has been deprecated: Use `dite_eq_left` instead
warning: M5ConditionalCountAccepted.lean:54:52: This simp argument is unused:
  Nat.cast_one

Hint: Omit it from the simp argument list.
  [apply] simp only [Finset.card_eq_sum_ones, Nat.cast_sum, Finset.sum_filter]

Note: This linter can be disabled with `set_option linter.unusedSimpArgs false`
warning: M5ConditionalCountAccepted.lean:145:6: This simp argument is unused:
  not_lt_of_ge hAw

Hint: Omit it from the simp argument list.
  [apply] simp [M5.ConditionalCount.completionC, hAw, hBw, not_lt_of_ge hBw]

Note: This linter can be disabled with `set_option linter.unusedSimpArgs false`
warning: M5ConditionalCountAccepted.lean:145:24: This simp argument is unused:
  not_lt_of_ge hBw

Hint: Omit it from the simp argument list.
  [apply] simp [M5.ConditionalCount.completionC, hAw, hBw, not_lt_of_ge hAw]

Note: This linter can be disabled with `set_option linter.unusedSimpArgs false`
info: M5ConditionalCountAccepted.lean:185:0: 'M5.ConditionalCount.restricted_subset_domain' depends on axioms: [propext, Classical.choice, Quot.sound]
info: M5ConditionalCountAccepted.lean:186:0: 'M5.ConditionalCount.selected_divisor_indicator' depends on axioms: [propext, Classical.choice, Quot.sound]
info: M5ConditionalCountAccepted.lean:187:0: 'M5.ConditionalCount.two_block_completion_count' depends on axioms: [propext, Classical.choice, Quot.sound]
info: M5ConditionalCountAccepted.lean:188:0: 'M5.ConditionalCount.conditional_arithmetic_expansion' depends on axioms: [propext, Classical.choice, Quot.sound]
info: M5ConditionalCountAccepted.lean:189:0: 'M5.ConditionalCount.exact_completion_C' depends on axioms: [propext, Classical.choice, Quot.sound]
info: M5ConditionalCountAccepted.lean:190:0: 'M5.ConditionalCount.completion_nonnegative_and_exists' depends on axioms: [propext, Classical.choice, Quot.sound]
⚠ [3085/3097] Replayed M5BinaryRecoveryAccepted
warning: M5BinaryRecoveryAccepted.lean:10:46: This simp argument is unused:
  Nat.add_assoc

Hint: Omit it from the simp argument list.
  [apply] simp [ih, List.length_append, Nat.add_comm, Nat.add_left_comm]

Note: This linter can be disabled with `set_option linter.unusedSimpArgs false`
warning: M5BinaryRecoveryAccepted.lean:4:2: Unused tactic linter: `change
  ∀ (c : List Bool → ℤ) (p : List Bool) (n : ℕ), (M5.BinaryRecovery.recover c p n).length = p.length + n` does nothing

Note: This linter can be disabled with `set_option linter.unusedTactic false`
warning: M5BinaryRecoveryAccepted.lean:13:2: Unused tactic linter: `change
  ∀ (c : List Bool → ℤ) (p : List Bool) (n : ℕ),
    (∀ q : List Bool, q.length < p.length + n → c q = c (q ++ [false]) + c (q ++ [true])) →
      0 < c p → 0 < c (M5.BinaryRecovery.recover c p n)` does nothing

Note: This linter can be disabled with `set_option linter.unusedTactic false`
warning: M5BinaryRecoveryAccepted.lean:33:2: Unused tactic linter: `change
  ∀ (c : List Bool → ℤ) (Valid : List Bool → Prop) (m : ℕ),
    (∀ q : List Bool, q.length < m → c q = c (q ++ [false]) + c (q ++ [true])) →
      (∀ q : List Bool, q.length = m → 0 < c q → Valid q) →
        0 < c [] →
          (M5.BinaryRecovery.recover c [] m).length = m ∧ Valid (M5.BinaryRecovery.recover c [] m)` does nothing

Note: This linter can be disabled with `set_option linter.unusedTactic false`
info: M5BinaryRecoveryAccepted.lean:41:0: 'M5.BinaryRecovery.recover_length' depends on axioms: [propext]
info: M5BinaryRecoveryAccepted.lean:42:0: 'M5.BinaryRecovery.recover_positive' depends on axioms: [propext, Quot.sound]
info: M5BinaryRecoveryAccepted.lean:43:0: 'M5.BinaryRecovery.recover_valid' depends on axioms: [propext, Quot.sound]
⚠ [3087/3097] Replayed M5PrefixPartitionAccepted
warning: M5PrefixPartitionAccepted.lean:4:2: Unused tactic linter: `change
  ∀ (α : Type) (W : Finset (List α)), M5.PrefixPartition.count W [] = (W.card : ℤ)` does nothing

Note: This linter can be disabled with `set_option linter.unusedTactic false`
warning: M5PrefixPartitionAccepted.lean:47:52: This simp argument is unused:
  List.getElem_append

Hint: Omit it from the simp argument list.
  [apply] simp [List.get_eq_getElem, List.append_assoc]

Note: This linter can be disabled with `set_option linter.unusedSimpArgs false`
warning: M5PrefixPartitionAccepted.lean:41:2: Unused tactic linter: `change
  ∀ (α : Type) (p q : List α) (a : α) (h : p.length < q.length),
    (p ++ [a]).IsPrefix q ↔ p.IsPrefix q ∧ q.get ⟨p.length, h⟩ = a` does nothing

Note: This linter can be disabled with `set_option linter.unusedTactic false`
info: M5PrefixPartitionAccepted.lean:79:0: 'M5.PrefixPartition.count_empty' depends on axioms: [propext, Classical.choice, Quot.sound]
info: M5PrefixPartitionAccepted.lean:80:0: 'M5.PrefixPartition.count_terminal' depends on axioms: [propext, Classical.choice, Quot.sound]
info: M5PrefixPartitionAccepted.lean:81:0: 'M5.PrefixPartition.prefix_next' depends on axioms: [propext, Quot.sound]
info: M5PrefixPartitionAccepted.lean:82:0: 'M5.PrefixPartition.count_partition' depends on axioms: [propext, Classical.choice, Quot.sound]
⚠ [3096/3097] Built M5OriginalCoreAccepted (17s)
warning: M5OriginalCoreAccepted.lean:4:2: Unused tactic linter: `change
  ∀ (w : ℕ) (F : M5.BinaryPolynomial),
    2 ≤ w →
      F.Monic →
        F.coeff 0 = 1 →
          M5.Final.GlobalClause w F ∧
            M5.Final.ProgressionClause w F ∧ M5.Final.BirthClause w F ∧ M5.Final.LaterClause w F` does nothing

Note: This linter can be disabled with `set_option linter.unusedTactic false`
warning: M5OriginalCoreAccepted.lean:30:2: Unused tactic linter: `change M5.Final.NormalizationClause` does nothing

Note: This linter can be disabled with `set_option linter.unusedTactic false`
warning: M5OriginalCoreAccepted.lean:35:2: Unused tactic linter: `change
  ∀ (w : ℕ) (F : M5.BinaryPolynomial),
    0 < w →
      F.Monic →
        F.coeff 0 = 1 →
          M5.Final.PeriodClause F ∧
            M5.Final.OrderClause w F ∧ M5.Final.LowerClause w F ∧ M5.Final.WeightOneClause F` does nothing

Note: This linter can be disabled with `set_option linter.unusedTactic false`
warning: M5OriginalCoreAccepted.lean:56:2: Unused tactic linter: `change
  ∀ (w : ℕ) (F : M5.BinaryPolynomial), 0 < w → F.Monic → F.coeff 0 = 1 → M5.Final.OriginalM5Core w F` does nothing

Note: This linter can be disabled with `set_option linter.unusedTactic false`
info: M5OriginalCoreAccepted.lean:64:0: 'M5.Final.global_birth_later' depends on axioms: [propext, Classical.choice, Quot.sound]
info: M5OriginalCoreAccepted.lean:65:0: 'M5.Final.normalization' depends on axioms: [propext, Classical.choice, Quot.sound]
info: M5OriginalCoreAccepted.lean:66:0: 'M5.Final.period_and_order' depends on axioms: [propext, Classical.choice, Quot.sound]
info: M5OriginalCoreAccepted.lean:67:0: 'M5.Final.core' depends on axioms: [propext, Classical.choice, Quot.sound]
Build completed successfully (3097 jobs).
