✔ [4781/4891] Built M5Foundation (3.7s)
✔ [5515/5646] Built M7Supports (4.2s)
✔ [6669/6852] Built M6Cyclic (5.5s)
✔ [7871/7924] Built M5Packing (4.4s)
✔ [7882/7983] Built M5Character (4.6s)
✔ [7883/7983] Built M5IntegerMobius (4.6s)
✔ [7943/8088] Built M5FiniteExclusion (4.8s)
✔ [8138/8257] Built M5CRT (4.0s)
⚠ [8299/8431] Built M5StageOne (5.2s)
warning: M5StageOne.lean:4:2: Unused tactic linter: `change ∀ (w T : ℕ), 2 ≤ w → 0 < T → T < M5.packingCutoff w T` does nothing

Note: This linter can be disabled with `set_option linter.unusedTactic false`
warning: M5StageOne.lean:25:40: This simp argument is unused:
  Nat.mul_mod

Hint: Omit it from the simp argument list.
  [apply] simp [M5.packedExponent, Nat.add_mod, Nat.mod_eq_of_lt hr]

Note: This linter can be disabled with `set_option linter.unusedSimpArgs false`
warning: M5StageOne.lean:23:2: Unused tactic linter: `change ∀ (T r j : ℕ), r < T → M5.packedExponent T r j % T = r` does nothing

Note: This linter can be disabled with `set_option linter.unusedTactic false`
warning: M5StageOne.lean:28:2: Unused tactic linter: `change ∀ (T E j : ℕ), T ∣ E → T ∣ T + j * E` does nothing

Note: This linter can be disabled with `set_option linter.unusedTactic false`
warning: M5StageOne.lean:33:2: Unused tactic linter: `change
  ∀ (total excluded included : ℕ), total = excluded + included → 0 < total → excluded = 0 → 0 < included` does nothing

Note: This linter can be disabled with `set_option linter.unusedTactic false`
warning: M5StageOne.lean:38:2: Unused tactic linter: `change ∀ (w T e k : ℕ), 0 < T → w ≤ k → w * T ≤ e + k * T` does nothing

Note: This linter can be disabled with `set_option linter.unusedTactic false`
warning: M5StageOne.lean:43:2: Unused tactic linter: `change
  ∀ (w T E N : ℕ), N < M5.packingCutoff w T + E → E ≤ 2 ^ (w * T) → N < M5.birthBound w T` does nothing

Note: This linter can be disabled with `set_option linter.unusedTactic false`
warning: M5StageOne.lean:50:2: Unused tactic linter: `change
  ∀ (T r s j k : ℕ), r < T → s < T → M5.packedExponent T r j = M5.packedExponent T s k → r = s ∧ j = k` does nothing

Note: This linter can be disabled with `set_option linter.unusedTactic false`
warning: M5StageOne.lean:65:2: Unused tactic linter: `change
  ∀ (w T r j e k : ℕ), r < T → j < w → w ≤ k → M5.packedExponent T r j ≠ e + k * T` does nothing

Note: This linter can be disabled with `set_option linter.unusedTactic false`
✔ [8300/8431] Built M5Binomial (5.1s)
✔ [8716/8817] Built M5Period (6.1s)
⚠ [8718/8817] Built M5PackingInjective (6.9s)
warning: M5PackingInjective.lean:18:4: Try `simp at hi` instead of `simpa using hi`

Note: This linter can be disabled with `set_option linter.unnecessarySimpa false`
warning: M5PackingInjective.lean:4:2: Unused tactic linter: `change
  ∀ (w T : ℕ) (r : Fin w → Fin T) (i j : Fin w),
    i < j → r i = r j → M5.Packing.occurrenceTag r i < M5.Packing.occurrenceTag r j` does nothing

Note: This linter can be disabled with `set_option linter.unusedTactic false`
warning: M5PackingInjective.lean:23:45: This simp argument is unused:
  Nat.mul_mod

Hint: Omit it from the simp argument list.
  [apply] simp [M5.Packing.packedValue, Nat.add_mod, Nat.mod_eq_of_lt (r i).isLt]

Note: This linter can be disabled with `set_option linter.unusedSimpArgs false`
warning: M5PackingInjective.lean:21:2: Unused tactic linter: `change
  ∀ (w T : ℕ) (r : Fin w → Fin T) (i : Fin w), M5.Packing.packedValue r i % T = (r i).val` does nothing

Note: This linter can be disabled with `set_option linter.unusedTactic false`
warning: M5PackingInjective.lean:26:2: Unused tactic linter: `change
  ∀ (w T : ℕ) (r : Fin w → Fin T), Function.Injective (M5.Packing.packedValue r)` does nothing

Note: This linter can be disabled with `set_option linter.unusedTactic false`
⚠ [8719/8817] Built M7SupportsAccepted (9.2s)
warning: M7SupportsAccepted.lean:9:8: `if_pos` has been deprecated: Use `ite_eq_left` instead
warning: M7SupportsAccepted.lean:20:8: `if_neg` has been deprecated: Use `ite_eq_right` instead
warning: M7SupportsAccepted.lean:17:36: This simp argument is unused:
  hjn

Hint: Omit it from the simp argument list.
  [apply] simp [Polynomial.coeff_X_pow, Ne.symm hjn]

Note: This linter can be disabled with `set_option linter.unusedSimpArgs false`
warning: M7SupportsAccepted.lean:26:34: This simp argument is unused:
  hin

Hint: Omit it from the simp argument list.
  [apply] simp [Polynomial.coeff_X_pow, Ne.symm hin]

Note: This linter can be disabled with `set_option linter.unusedSimpArgs false`
warning: M7SupportsAccepted.lean:35:15: `if_pos` has been deprecated: Use `ite_eq_left` instead
warning: M7SupportsAccepted.lean:35:27: `if_pos` has been deprecated: Use `ite_eq_left` instead
warning: M7SupportsAccepted.lean:40:15: `if_neg` has been deprecated: Use `ite_eq_right` instead
warning: M7SupportsAccepted.lean:40:28: `if_neg` has been deprecated: Use `ite_eq_right` instead
info: M7SupportsAccepted.lean:82:0: 'M7.Supports.coefficient' depends on axioms: [propext, Classical.choice, Quot.sound]
info: M7SupportsAccepted.lean:83:0: 'M7.Supports.indicator_coefficient' depends on axioms: [propext, Classical.choice, Quot.sound]
info: M7SupportsAccepted.lean:84:0: 'M7.Supports.anchor' depends on axioms: [propext, Classical.choice, Quot.sound]
info: M7SupportsAccepted.lean:85:0: 'M7.Supports.support' depends on axioms: [propext, Classical.choice, Quot.sound]
info: M7SupportsAccepted.lean:86:0: 'M7.Supports.degree_lt' depends on axioms: [propext, Classical.choice, Quot.sound]
info: M7SupportsAccepted.lean:87:0: 'M7.Supports.support_card' depends on axioms: [propext, Classical.choice, Quot.sound]
✔ [8720/8817] Built M5Lift (7.2s)
✔ [8721/8817] Built M7CyclicSubstitution (8.8s)
✔ [8722/8817] Built M7Factorized (9.7s)
⚠ [8723/8817] Built M5QuotientFinite (9.4s)
warning: M5QuotientFinite.lean:6:2: Try this: 
  letI̵

The goal is a proposition, so `let` is preferred over `letI`.
The difference between `let` and `letI` is that `letI` inlines the value.
But this is not relevant for proofs because of proof irrelevance.

Note: This linter can be disabled with `set_option linter.style.haveILetI false`
warning: M5QuotientFinite.lean:4:2: Unused tactic linter: `change ∀ (F : M5.BinaryPolynomial), F.Monic → Finite (AdjoinRoot F)` does nothing

Note: This linter can be disabled with `set_option linter.unusedTactic false`
✔ [8724/8817] Built M6Normalize (9.9s)
✔ [8725/8817] Built M6Pinned (10s)
✔ [8726/8817] Built M7OrbitFibers (10s)
⚠ [8727/8817] Built M6CyclicAccepted (11s)
warning: M6CyclicAccepted.lean:14:2: Unused tactic linter: `change ∀ F K h : M6.Cyclic.BinaryPolynomial, F ≠ 0 → (F * K ∣ F * h ↔ K ∣ h)` does nothing

Note: This linter can be disabled with `set_option linter.unusedTactic false`
warning: M6CyclicAccepted.lean:30:4: this tactic is never executed

Note: This linter can be disabled with `set_option linter.unreachableTactic false`
warning: M6CyclicAccepted.lean:31:4: this tactic is never executed

Note: This linter can be disabled with `set_option linter.unreachableTactic false`
warning: M6CyclicAccepted.lean:32:4: this tactic is never executed

Note: This linter can be disabled with `set_option linter.unreachableTactic false`
warning: M6CyclicAccepted.lean:23:4: Unused tactic linter: `change
  ∃ p q r, EuclideanDomain.gcd (EuclideanDomain.gcd a b) M = p * a + q * b + r * M` does nothing

Note: This linter can be disabled with `set_option linter.unusedTactic false`
warning: M6CyclicAccepted.lean:30:4: Unused tactic linter: `change
  ∃ p q r, EuclideanDomain.gcd a (EuclideanDomain.gcd b M) = p * a + q * b + r * M` does nothing

Note: This linter can be disabled with `set_option linter.unusedTactic false`
warning: M6CyclicAccepted.lean:31:4: Unused tactic linter: `refine
  ⟨EuclideanDomain.gcdA a (EuclideanDomain.gcd b M),
    EuclideanDomain.gcdB a (EuclideanDomain.gcd b M) * EuclideanDomain.gcdA b M,
    EuclideanDomain.gcdB a (EuclideanDomain.gcd b M) * EuclideanDomain.gcdB b M, ?_⟩` does nothing

Note: This linter can be disabled with `set_option linter.unusedTactic false`
warning: M6CyclicAccepted.lean:32:4: Unused tactic linter: `calc
  _ =
      a * EuclideanDomain.gcdA a (EuclideanDomain.gcd b M) +
        (EuclideanDomain.gcd b M) * EuclideanDomain.gcdB a (EuclideanDomain.gcd b M) :=
    EuclideanDomain.gcd_eq_gcd_ab _ _
  _ = _ := by
    rw [EuclideanDomain.gcd_eq_gcd_ab b M]
    ring` does nothing

Note: This linter can be disabled with `set_option linter.unusedTactic false`
warning: M6CyclicAccepted.lean:39:2: Unused tactic linter: `change
  ∀ a b M : M6.Cyclic.BinaryPolynomial,
    M6.Cyclic.signature a b M ∣ a ∧ M6.Cyclic.signature a b M ∣ b ∧ M6.Cyclic.signature a b M ∣ M` does nothing

Note: This linter can be disabled with `set_option linter.unusedTactic false`
warning: M6CyclicAccepted.lean:45:2: Unused tactic linter: `change
  ∀ a b M h : M6.Cyclic.BinaryPolynomial, (M ∣ a * h ∧ M ∣ b * h) ↔ M ∣ M6.Cyclic.signature a b M * h` does nothing

Note: This linter can be disabled with `set_option linter.unusedTactic false`
warning: M6CyclicAccepted.lean:75:99: This simp argument is unused:
  and_comm

Hint: Omit it from the simp argument list.
  [apply] simp only [M6.Cyclic.boundary, M6.Cyclic.image, Prod.mk.injEq, ← map_mul, AdjoinRoot.mk_eq_zero]

Note: This linter can be disabled with `set_option linter.unusedSimpArgs false`
warning: M6CyclicAccepted.lean:72:2: Unused tactic linter: `change
  ∀ (N : ℕ) (a b h : M6.Cyclic.BinaryPolynomial),
    M6.Cyclic.boundary N a b (M6.Cyclic.image N h) = (0, 0) ↔
      M6.Cyclic.modulus N ∣ M6.Cyclic.signature a b (M6.Cyclic.modulus N) * h` does nothing

Note: This linter can be disabled with `set_option linter.unusedTactic false`
info: M6CyclicAccepted.lean:76:0: 'M6.Cyclic.boundary_is_cycle' depends on axioms: [propext, Classical.choice, Quot.sound]
info: M6CyclicAccepted.lean:77:0: 'M6.Cyclic.kernel_cancellation' depends on axioms: [propext, Classical.choice, Quot.sound]
info: M6CyclicAccepted.lean:78:0: 'M6.Cyclic.signature_bezout' depends on axioms: [propext, Classical.choice, Quot.sound]
info: M6CyclicAccepted.lean:79:0: 'M6.Cyclic.signature_divides' depends on axioms: [propext, Classical.choice, Quot.sound]
info: M6CyclicAccepted.lean:80:0: 'M6.Cyclic.kernel_divisibility' depends on axioms: [propext, Classical.choice, Quot.sound]
info: M6CyclicAccepted.lean:81:0: 'M6.Cyclic.boundary_kernel' depends on axioms: [propext, Classical.choice, Quot.sound]
✔ [8728/8817] Built M6Physical (11s)
✔ [8729/8817] Built M6KernelFibers (11s)
✔ [8730/8817] Built M6FiberSum (11s)
✔ [8731/8817] Built M6Character (11s)
✔ [8732/8817] Built M5SupportPolynomial (6.9s)
✔ [8733/8817] Built M5Cardinality (7.9s)
✔ [8734/8817] Built M6Transfer (18s)
ℹ [8735/8817] Built M7CyclicSubstitutionAccepted (14s)
info: M7CyclicSubstitutionAccepted.lean:71:0: 'M7.CyclicSubstitution.hom_polynomial' depends on axioms: [propext, Classical.choice, Quot.sound]
info: M7CyclicSubstitutionAccepted.lean:72:0: 'M7.CyclicSubstitution.hom_root' depends on axioms: [propext, Classical.choice, Quot.sound]
info: M7CyclicSubstitutionAccepted.lean:73:0: 'M7.CyclicSubstitution.root_power' depends on axioms: [propext, Classical.choice, Quot.sound]
info: M7CyclicSubstitutionAccepted.lean:74:0: 'M7.CyclicSubstitution.point_root' depends on axioms: [propext, Classical.choice, Quot.sound]
info: M7CyclicSubstitutionAccepted.lean:75:0: 'M7.CyclicSubstitution.power_mod' depends on axioms: [propext, Classical.choice, Quot.sound]
info: M7CyclicSubstitutionAccepted.lean:76:0: 'M7.CyclicSubstitution.point_mul' depends on axioms: [propext, Classical.choice, Quot.sound]
info: M7CyclicSubstitutionAccepted.lean:77:0: 'M7.CyclicSubstitution.point_one' depends on axioms: [propext, Classical.choice, Quot.sound]
info: M7CyclicSubstitutionAccepted.lean:78:0: 'M7.CyclicSubstitution.point_inverse' depends on axioms: [propext, Classical.choice, Quot.sound]
⚠ [8736/8817] Built M7FactorizedAccepted (13s)
warning: M7FactorizedAccepted.lean:22:39: This simp argument is unused:
  Nat.mul_comm

Hint: Omit it from the simp argument list.
  [apply] simp [← Finset.sum_filter]

Note: This linter can be disabled with `set_option linter.unusedSimpArgs false`
warning: M7FactorizedAccepted.lean:44:31: This simp argument is unused:
  h

Hint: Omit it from the simp argument list.
  [apply] simp

Note: This linter can be disabled with `set_option linter.unusedSimpArgs false`
warning: M7FactorizedAccepted.lean:56:31: This simp argument is unused:
  h

Hint: Omit it from the simp argument list.
  [apply] simp

Note: This linter can be disabled with `set_option linter.unusedSimpArgs false`
info: M7FactorizedAccepted.lean:73:0: 'M7.Factorized.pair_count' depends on axioms: [propext, Classical.choice, Quot.sound]
info: M7FactorizedAccepted.lean:74:0: 'M7.Factorized.numerator_record_card' depends on axioms: [propext, Classical.choice, Quot.sound]
info: M7FactorizedAccepted.lean:75:0: 'M7.Factorized.exact_target_card' depends on axioms: [propext, Classical.choice, Quot.sound]
info: M7FactorizedAccepted.lean:76:0: 'M7.Factorized.exact_target_positive' depends on axioms: [propext, Classical.choice, Quot.sound]
info: M7FactorizedAccepted.lean:77:0: 'M7.Factorized.left_partition' depends on axioms: [propext, Classical.choice, Quot.sound]
info: M7FactorizedAccepted.lean:78:0: 'M7.Factorized.right_partition' depends on axioms: [propext, Classical.choice, Quot.sound]
✔ [8737/8817] Built M6CSSDistance (13s)
✔ [8738/8817] Built M7SignatureIdeal (12s)
✔ [8739/8817] Built M6Coordinates (12s)
✔ [8740/8817] Built M6PinnedCharacter (12s)
✔ [8741/8817] Built M7CanonicalBlock (21s)
✔ [8742/8817] Built M7Action (22s)
⚠ [8743/8817] Built M6PhysicalAccepted (13s)
warning: M6PhysicalAccepted.lean:31:26: This simp argument is unused:
  neg_add

Hint: Omit it from the simp argument list.
  [apply] simp [sub_eq_add_neg, add_assoc, add_comm, add_left_comm, mul_assoc, mul_comm, mul_left_comm]

Note: This linter can be disabled with `set_option linter.unusedSimpArgs false`
warning: M6PhysicalAccepted.lean:31:56: This simp argument is unused:
  add_left_comm

Hint: Omit it from the simp argument list.
  [apply] simp [sub_eq_add_neg, neg_add, add_assoc, add_comm, mul_assoc, mul_comm, mul_left_comm]

Note: This linter can be disabled with `set_option linter.unusedSimpArgs false`
warning: M6PhysicalAccepted.lean:32:6: This simp argument is unused:
  mul_assoc

Hint: Omit it from the simp argument list.
  [apply] simp [sub_eq_add_neg, neg_add, add_assoc, add_comm, add_left_comm, mul_comm, mul_left_comm]

Note: This linter can be disabled with `set_option linter.unusedSimpArgs false`
warning: M6PhysicalAccepted.lean:78:2: Unused tactic linter: `change
  ∀ (N : ℕ) (a : M6.Physical.Block N), M6.Physical.rev N (M6.Physical.rev N a) = a` does nothing

Note: This linter can be disabled with `set_option linter.unusedTactic false`
warning: M6PhysicalAccepted.lean:98:2: Unused tactic linter: `change ∀ (N : ℕ) (z : M6.Physical.Word N), M6.Physical.J N (M6.Physical.J N z) = z` does nothing

Note: This linter can be disabled with `set_option linter.unusedTactic false`
warning: M6PhysicalAccepted.lean:121:4: This simp argument is unused:
  Prod.fst

Hint: Omit it from the simp argument list.
  [apply] simp only [M6.Physical.pairing, M6.Physical.J, M6.Physical.boundary, Prod.snd, M6.Physical.conv_adjoint]

Note: This linter can be disabled with `set_option linter.unusedSimpArgs false`
warning: M6PhysicalAccepted.lean:121:14: This simp argument is unused:
  Prod.snd

Hint: Omit it from the simp argument list.
  [apply] simp only [M6.Physical.pairing, M6.Physical.J, M6.Physical.boundary, Prod.fst, M6.Physical.conv_adjoint]

Note: This linter can be disabled with `set_option linter.unusedSimpArgs false`
info: M6PhysicalAccepted.lean:139:0: 'M6.Physical.conv_add' depends on axioms: [propext, Classical.choice, Quot.sound]
info: M6PhysicalAccepted.lean:140:0: 'M6.Physical.conv_adjoint' depends on axioms: [propext, Classical.choice, Quot.sound]
info: M6PhysicalAccepted.lean:141:0: 'M6.Physical.boundary_pairing' depends on axioms: [propext, Classical.choice, Quot.sound]
info: M6PhysicalAccepted.lean:142:0: 'M6.Physical.conv_assoc' depends on axioms: [propext, Classical.choice, Quot.sound]
info: M6PhysicalAccepted.lean:143:0: 'M6.Physical.conv_comm' depends on axioms: [propext, Classical.choice, Quot.sound]
info: M6PhysicalAccepted.lean:144:0: 'M6.Physical.boundary_cycle' depends on axioms: [propext, Classical.choice, Quot.sound]
info: M6PhysicalAccepted.lean:145:0: 'M6.Physical.dot_delta' depends on axioms: [propext, Classical.choice, Quot.sound]
info: M6PhysicalAccepted.lean:146:0: 'M6.Physical.rev_involution' depends on axioms: [propext, Quot.sound]
info: M6PhysicalAccepted.lean:147:0: 'M6.Physical.J_involution' depends on axioms: [propext, Quot.sound]
info: M6PhysicalAccepted.lean:148:0: 'M6.Physical.cycle_orthogonal' depends on axioms: [propext, Classical.choice, Quot.sound]
info: M6PhysicalAccepted.lean:149:0: 'M6.Physical.rev_weight' depends on axioms: [propext, Classical.choice, Quot.sound]
info: M6PhysicalAccepted.lean:150:0: 'M6.Physical.J_weight' depends on axioms: [propext, Classical.choice, Quot.sound]
⚠ [8744/8817] Built M6KernelFibersAccepted (13s)
warning: M6KernelFibersAccepted.lean:27:8: This simp argument is unused:
  Nat.card_fun

Hint: Omit it from the simp argument list.
  [apply] simp [Nat.card_eq_fintype_card, ZMod.card]

Note: This linter can be disabled with `set_option linter.unusedSimpArgs false`
warning: M6KernelFibersAccepted.lean:22:2: Unused tactic linter: `change
  ∀ (F : M6.KernelFibers.BP), F.Monic → Nat.card (AdjoinRoot F) = 2 ^ F.natDegree` does nothing

Note: This linter can be disabled with `set_option linter.unusedTactic false`
warning: M6KernelFibersAccepted.lean:38:2: Unused tactic linter: `change
  ∀ (F K : M6.KernelFibers.BP) (hF : F.Monic), K ≠ 0 → Function.Injective (M6.KernelFibers.embed F K hF)` does nothing

Note: This linter can be disabled with `set_option linter.unusedTactic false`
warning: M6KernelFibersAccepted.lean:55:2: Unused tactic linter: `change
  ∀ (F K : M6.KernelFibers.BP) (hF : F.Monic) (z : AdjoinRoot (F * K)),
    AdjoinRoot.mk (F * K) F * z = 0 → ∃ t : AdjoinRoot F, M6.KernelFibers.embed F K hF t = z` does nothing

Note: This linter can be disabled with `set_option linter.unusedTactic false`
warning: M6KernelFibersAccepted.lean:70:2: Unused tactic linter: `change
  ∀ (F K : M6.KernelFibers.BP),
    F.Monic → K ≠ 0 → Nat.card (M6.KernelFibers.annihilator F K) = 2 ^ F.natDegree` does nothing

Note: This linter can be disabled with `set_option linter.unusedTactic false`
info: M6KernelFibersAccepted.lean:90:0: 'M6.KernelFibers.embed_mk' depends on axioms: [propext, Classical.choice, Quot.sound]
info: M6KernelFibersAccepted.lean:91:0: 'M6.KernelFibers.embed_annihilated' depends on axioms: [propext, Classical.choice, Quot.sound]
info: M6KernelFibersAccepted.lean:92:0: 'M6.KernelFibers.embed_injective' depends on axioms: [propext, Classical.choice, Quot.sound]
info: M6KernelFibersAccepted.lean:93:0: 'M6.KernelFibers.embed_surjective_kernel' depends on axioms: [propext, Classical.choice, Quot.sound]
info: M6KernelFibersAccepted.lean:94:0: 'M6.KernelFibers.quotient_card' depends on axioms: [propext, Classical.choice, Quot.sound]
info: M6KernelFibersAccepted.lean:95:0: 'M6.KernelFibers.annihilator_card' depends on axioms: [propext, Classical.choice, Quot.sound]
ℹ [8745/8817] Built M7OrbitFibersAccepted (13s)
info: M7OrbitFibersAccepted.lean:153:0: 'M7.OrbitFibers.action_partition' depends on axioms: [propext, Classical.choice, Quot.sound]
info: M7OrbitFibersAccepted.lean:154:0: 'M7.OrbitFibers.fiber_equiv' depends on axioms: [propext, Classical.choice, Quot.sound]
info: M7OrbitFibersAccepted.lean:155:0: 'M7.OrbitFibers.fiber_count' depends on axioms: [propext, Classical.choice, Quot.sound]
info: M7OrbitFibersAccepted.lean:156:0: 'M7.OrbitFibers.action_count_product' depends on axioms: [propext, Classical.choice, Quot.sound]
info: M7OrbitFibersAccepted.lean:157:0: 'M7.OrbitFibers.orbit_partition' depends on axioms: [propext, Classical.choice, Quot.sound]
info: M7OrbitFibersAccepted.lean:158:0: 'M7.OrbitFibers.stabilizer_positive' depends on axioms: [propext, Classical.choice, Quot.sound]
info: M7OrbitFibersAccepted.lean:159:0: 'M7.OrbitFibers.orbit_count_div' depends on axioms: [propext, Classical.choice, Quot.sound]
⚠ [8746/8817] Built M5Accepted (9.5s)
warning: M5Accepted.lean:15:2: Unused tactic linter: `change ∀ T E L : ℕ, 0 < E → T < L → ∃ j : ℕ, L ≤ T + j * E ∧ T + j * E < L + E` does nothing

Note: This linter can be disabled with `set_option linter.unusedTactic false`
warning: M5Accepted.lean:29:2: Unused tactic linter: `change ∀ N : ℕ, M5.cyclicModulus N = (Polynomial.X : M5.BinaryPolynomial) ^ N - 1` does nothing

Note: This linter can be disabled with `set_option linter.unusedTactic false`
warning: M5Accepted.lean:34:2: Unused tactic linter: `change
  ∀ w T E : ℕ,
    2 ≤ w →
      0 < T →
        0 < E →
          E ≤ 2 ^ (w * T) → ∃ j : ℕ, M5.packingCutoff w T ≤ T + j * E ∧ T + j * E < M5.birthBound w T` does nothing

Note: This linter can be disabled with `set_option linter.unusedTactic false`
warning: M5Accepted.lean:43:2: Unused tactic linter: `change ∀ E N : ℕ, E ∣ N → M5.cyclicModulus E ∣ M5.cyclicModulus N` does nothing

Note: This linter can be disabled with `set_option linter.unusedTactic false`
warning: M5Accepted.lean:50:2: Unused tactic linter: `change
  ∀ T E j : ℕ,
    M5.cyclicModulus (T + j * E) - M5.cyclicModulus T =
      (Polynomial.X : M5.BinaryPolynomial) ^ T * M5.cyclicModulus (j * E)` does nothing

Note: This linter can be disabled with `set_option linter.unusedTactic false`
warning: M5Accepted.lean:56:2: Unused tactic linter: `change
  ∀ (G : M5.BinaryPolynomial) (T E j : ℕ),
    G ∣ M5.cyclicModulus E → G ∣ M5.cyclicModulus (T + j * E) - M5.cyclicModulus T` does nothing

Note: This linter can be disabled with `set_option linter.unusedTactic false`
warning: M5Accepted.lean:67:2: Unused tactic linter: `change
  ∀ (G D : M5.BinaryPolynomial) (T E j : ℕ),
    G ∣ M5.cyclicModulus E → D ∣ G → (D ∣ M5.cyclicModulus (T + j * E) ↔ D ∣ M5.cyclicModulus T)` does nothing

Note: This linter can be disabled with `set_option linter.unusedTactic false`
warning: M5Accepted.lean:78:2: Unused tactic linter: `change
  ∀ (a b D : M5.BinaryPolynomial) (T E j : ℕ),
    EuclideanDomain.gcd a b ∣ M5.cyclicModulus E →
      ((D ∣ a ∧ D ∣ b ∧ D ∣ M5.cyclicModulus (T + j * E)) ↔ (D ∣ a ∧ D ∣ b ∧ D ∣ M5.cyclicModulus T))` does nothing

Note: This linter can be disabled with `set_option linter.unusedTactic false`
warning: M5Accepted.lean:89:2: Unused tactic linter: `change
  ∀ (F : M5.BinaryPolynomial) (N : ℕ), F ∣ M5.cyclicModulus N ↔ (AdjoinRoot.root F) ^ N = 1` does nothing

Note: This linter can be disabled with `set_option linter.unusedTactic false`
warning: M5Accepted.lean:99:2: Unused tactic linter: `change ∀ (F : M5.BinaryPolynomial), F.coeff 0 = 1 → IsUnit (AdjoinRoot.root F)` does nothing

Note: This linter can be disabled with `set_option linter.unusedTactic false`
warning: M5Accepted.lean:113:2: Try this: 
  letI̵

The goal is a proposition, so `let` is preferred over `letI`.
The difference between `let` and `letI` is that `letI` inlines the value.
But this is not relevant for proofs because of proof irrelevance.

Note: This linter can be disabled with `set_option linter.style.haveILetI false`
warning: M5Accepted.lean:111:2: Unused tactic linter: `change
  ∀ (F : M5.BinaryPolynomial),
    F.Monic →
      F.coeff 0 = 1 →
        0 < M5.signaturePeriod F ∧ ∀ N : ℕ, F ∣ M5.cyclicModulus N ↔ M5.signaturePeriod F ∣ N` does nothing

Note: This linter can be disabled with `set_option linter.unusedTactic false`
warning: M5Accepted.lean:121:2: Unused tactic linter: `change
  ∀ (F G : M5.BinaryPolynomial),
    F.Monic →
      F.coeff 0 = 1 → G.Monic → G.coeff 0 = 1 → F ∣ G → M5.signaturePeriod F ∣ M5.signaturePeriod G` does nothing

Note: This linter can be disabled with `set_option linter.unusedTactic false`
warning: M5Accepted.lean:128:2: Unused tactic linter: `change M5.signaturePeriod (1 : M5.BinaryPolynomial) = 1` does nothing

Note: This linter can be disabled with `set_option linter.unusedTactic false`
warning: M5Accepted.lean:134:2: Unused tactic linter: `change
  ∀ F : M5.BinaryPolynomial, F.Monic → Nat.card (AdjoinRoot F) = 2 ^ F.natDegree` does nothing

Note: This linter can be disabled with `set_option linter.unusedTactic false`
warning: M5Accepted.lean:146:2: Try this: 
  letI̵

The goal is a proposition, so `let` is preferred over `letI`.
The difference between `let` and `letI` is that `letI` inlines the value.
But this is not relevant for proofs because of proof irrelevance.

Note: This linter can be disabled with `set_option linter.style.haveILetI false`
warning: M5Accepted.lean:144:2: Unused tactic linter: `change
  ∀ F : M5.BinaryPolynomial, F.Monic → F.coeff 0 = 1 → M5.signaturePeriod F ≤ 2 ^ F.natDegree` does nothing

Note: This linter can be disabled with `set_option linter.unusedTactic false`
warning: M5Accepted.lean:153:2: Unused tactic linter: `change ∀ R r w : ℕ, 0 < R → ∃ k : ℕ, w ≤ k ∧ k < w + R ∧ Nat.ModEq R k r` does nothing

Note: This linter can be disabled with `set_option linter.unusedTactic false`
warning: M5Accepted.lean:166:22: Used `tac1 <;> tac2` where `(tac1; tac2)` would suffice

Note: This linter can be disabled with `set_option linter.unnecessarySeqFocus false`
warning: M5Accepted.lean:170:2: Unused tactic linter: `change
  ∀ δ e : ℕ,
    0 < δ →
      ∃ r : ℕ, r < M5.CRT.primeProduct δ ∧ ∀ p ∈ δ.primeFactors, Nat.ModEq p r (M5.CRT.repairResidue e p)` does nothing

Note: This linter can be disabled with `set_option linter.unusedTactic false`
warning: M5Accepted.lean:194:4: try 'simp' instead of 'simpa'

Note: This linter can be disabled with `set_option linter.unnecessarySimpa false`
warning: M5Accepted.lean:183:2: Unused tactic linter: `change
  ∀ p δ T e : ℕ, p.Prime → p ∣ δ → Nat.gcd (Nat.gcd T δ) e = 1 → ¬p ∣ e + M5.CRT.repairResidue e p * T` does nothing

Note: This linter can be disabled with `set_option linter.unusedTactic false`
warning: M5Accepted.lean:197:2: Unused tactic linter: `change
  ∀ δ T e k : ℕ,
    0 < δ →
      Nat.gcd (Nat.gcd T δ) e = 1 →
        (∀ p ∈ δ.primeFactors, Nat.ModEq p k (M5.CRT.repairResidue e p)) → Nat.gcd δ (e + k * T) = 1` does nothing

Note: This linter can be disabled with `set_option linter.unusedTactic false`
warning: M5Accepted.lean:208:2: Unused tactic linter: `change
  ∀ δ T e w : ℕ,
    0 < δ → 0 < T → Nat.gcd (Nat.gcd T δ) e = 1 → ∃ k : ℕ, w ≤ k ∧ k < w + δ ∧ Nat.gcd δ (e + k * T) = 1` does nothing

Note: This linter can be disabled with `set_option linter.unusedTactic false`
warning: M5Accepted.lean:219:6: Unused tactic linter: `exact hkr.of_dvd hpδ` does nothing

Note: This linter can be disabled with `set_option linter.unusedTactic false`
warning: M5Accepted.lean:219:6: this tactic is never executed

Note: This linter can be disabled with `set_option linter.unreachableTactic false`
warning: M5Accepted.lean:223:2: Unused tactic linter: `change
  ∀ (w T : ℕ) (r : Fin w → Fin T) (hw : 0 < w), (r ⟨0, hw⟩).val = 0 → 0 ∈ M5.Packing.packedSupport r` does nothing

Note: This linter can be disabled with `set_option linter.unusedTactic false`
warning: M5Accepted.lean:242:4: Try `simp at hi` instead of `simpa using hi`

Note: This linter can be disabled with `set_option linter.unnecessarySimpa false`
warning: M5Accepted.lean:231:2: Unused tactic linter: `change
  ∀ (w T : ℕ) (r : Fin w → Fin T) (i : Fin w), M5.Packing.occurrenceTag r i < w` does nothing

Note: This linter can be disabled with `set_option linter.unusedTactic false`
warning: M5Accepted.lean:246:2: Unused tactic linter: `change
  ∀ (w T : ℕ) (r : Fin w → Fin T) (e : ℕ), e ∈ M5.Packing.packedSupport r → e < w * T` does nothing

Note: This linter can be disabled with `set_option linter.unusedTactic false`
warning: M5Accepted.lean:258:2: Unused tactic linter: `change ∀ (w T : ℕ) (r : Fin w → Fin T), (M5.Packing.packedSupport r).card = w` does nothing

Note: This linter can be disabled with `set_option linter.unusedTactic false`
warning: M5Accepted.lean:266:2: Unused tactic linter: `change
  ∀ a b c : ZMod 2, M5.Character.bitSign a (b + c) = M5.Character.bitSign a b * M5.Character.bitSign a c` does nothing

Note: This linter can be disabled with `set_option linter.unusedTactic false`
warning: M5Accepted.lean:270:2: Unused tactic linter: `change
  ∀ b : ZMod 2, (∑ a : ZMod 2, M5.Character.bitSign a b) = if b = 0 then 2 else 0` does nothing

Note: This linter can be disabled with `set_option linter.unusedTactic false`
warning: M5Accepted.lean:274:2: Unused tactic linter: `change
  ∀ (D : ℕ) (lam z u : M5.Character.BinaryVector D),
    M5.Character.value lam (z + u) = M5.Character.value lam z * M5.Character.value lam u` does nothing

Note: This linter can be disabled with `set_option linter.unusedTactic false`
warning: M5Accepted.lean:288:8: `if_neg` has been deprecated: Use `ite_eq_right` instead
warning: M5Accepted.lean:296:51: `if_neg` has been deprecated: Use `ite_eq_right` instead
warning: M5Accepted.lean:279:2: Unused tactic linter: `change
  ∀ (D : ℕ) (z : M5.Character.BinaryVector D),
    (∑ lam : M5.Character.BinaryVector D, M5.Character.value lam z) = if z = 0 then (2 : ℤ) ^ D else 0` does nothing

Note: This linter can be disabled with `set_option linter.unusedTactic false`
warning: M5Accepted.lean:299:2: Unused tactic linter: `change
  ∀ (D n : ℕ) (f : Fin n → M5.Character.BinaryVector D) (z : M5.Character.BinaryVector D),
    (∑ lam : M5.Character.BinaryVector D, M5.Character.value lam z * ∑ u : Fin n, M5.Character.value lam (f u)) =
      (2 : ℤ) ^ D * ((Finset.univ.filter (fun u : Fin n => f u = z)).card : ℤ)` does nothing

Note: This linter can be disabled with `set_option linter.unusedTactic false`
warning: M5Accepted.lean:319:2: Unused tactic linter: `change
  ∀ (w T : ℕ) (r : Fin w → Fin T),
    Function.Injective (M5.Packing.packedValue r) →
      M5.SupportPolynomial.ofSupport (M5.Packing.packedSupport r) =
        ∑ i : Fin w, (Polynomial.X : M5.BinaryPolynomial) ^ M5.Packing.packedValue r i` does nothing

Note: This linter can be disabled with `set_option linter.unusedTactic false`
warning: M5Accepted.lean:328:2: Unused tactic linter: `change
  ∀ T a j : ℕ,
    AdjoinRoot.mk (M5.cyclicModulus T) ((Polynomial.X : M5.BinaryPolynomial) ^ (a + j * T)) =
      AdjoinRoot.mk (M5.cyclicModulus T) ((Polynomial.X : M5.BinaryPolynomial) ^ a)` does nothing

Note: This linter can be disabled with `set_option linter.unusedTactic false`
warning: M5Accepted.lean:353:2: Unused tactic linter: `change
  ∀ (S : Finset ℕ) (K : ℕ), 0 < K → (∀ e ∈ S, e < K) → (M5.SupportPolynomial.ofSupport S).natDegree < K` does nothing

Note: This linter can be disabled with `set_option linter.unusedTactic false`
warning: M5Accepted.lean:373:2: Try `simp at hcoeff` instead of `simpa using hcoeff`

Note: This linter can be disabled with `set_option linter.unnecessarySimpa false`
warning: M5Accepted.lean:370:2: Unused tactic linter: `change ∀ S : Finset ℕ, 0 ∈ S → M5.SupportPolynomial.ofSupport S ≠ 0` does nothing

Note: This linter can be disabled with `set_option linter.unusedTactic false`
warning: M5Accepted.lean:376:2: Unused tactic linter: `change
  ∀ (w T : ℕ) (r : Fin w → Fin T),
    AdjoinRoot.mk (M5.cyclicModulus T) (M5.SupportPolynomial.ofSupport (M5.Packing.packedSupport r)) =
      AdjoinRoot.mk (M5.cyclicModulus T) (M5.SupportPolynomial.ofResidueTuple r)` does nothing

Note: This linter can be disabled with `set_option linter.unusedTactic false`
warning: M5Accepted.lean:388:2: Unused tactic linter: `change
  ∀ n : ℕ, (∑ d ∈ n.divisors, ArithmeticFunction.moebius d) = if n = 1 then (1 : ℤ) else 0` does nothing

Note: This linter can be disabled with `set_option linter.unusedTactic false`
warning: M5Accepted.lean:394:73: This simp argument is unused:
  and_assoc

Hint: Omit it from the simp argument list.
  [apply] simp [M5.Connectivity.supportGcd, Nat.dvd_gcd_iff, Finset.dvd_gcd_iff]

Note: This linter can be disabled with `set_option linter.unusedSimpArgs false`
warning: M5Accepted.lean:407:37: This simp argument is unused:
  and_assoc

Hint: Omit it from the simp argument list.
  [apply] simp [Finset.mem_filter, Nat.mem_divisors, Nat.ne_of_gt hN, hg, M5.Connectivity.support_gcd_dvd]

Note: This linter can be disabled with `set_option linter.unusedSimpArgs false`
warning: M5Accepted.lean:411:2: Unused tactic linter: `change
  ∀ (N : ℕ) (A B : Finset ℕ),
    0 < N →
      (∑ d ∈ N.divisors, if (∀ a ∈ A, d ∣ a) ∧ (∀ b ∈ B, d ∣ b) then ArithmeticFunction.moebius d else 0) =
        if M5.Connectivity.supportGcd N A B = 1 then (1 : ℤ) else 0` does nothing

Note: This linter can be disabled with `set_option linter.unusedTactic false`
info: M5Accepted.lean:416:0: 'M5.cutoff_gt_period' depends on axioms: [propext, Quot.sound]
info: M5Accepted.lean:417:0: 'M5.packed_range' depends on axioms: [propext]
info: M5Accepted.lean:418:0: 'M5.packed_residue' depends on axioms: [propext]
info: M5Accepted.lean:419:0: 'M5.progression_period' depends on axioms: [propext]
info: M5Accepted.lean:420:0: 'M5.recovery_inclusion_positive' does not depend on any axioms
info: M5Accepted.lean:421:0: 'M5.repair_above_packing' does not depend on any axioms
info: M5Accepted.lean:422:0: 'M5.source_below_birth_bound' depends on axioms: [propext]
info: M5Accepted.lean:423:0: 'M5.packed_injective' depends on axioms: [propext, Classical.choice, Quot.sound]
info: M5Accepted.lean:424:0: 'M5.repair_no_collision' depends on axioms: [propext]
info: M5Accepted.lean:425:0: 'M5.Lift.bounded_progression' depends on axioms: [propext, Quot.sound]
info: M5Accepted.lean:426:0: 'M5.Lift.cyclic_as_sub' depends on axioms: [propext, Classical.choice, Quot.sound]
info: M5Accepted.lean:427:0: 'M5.Lift.bounded_source_order' depends on axioms: [propext, Quot.sound]
info: M5Accepted.lean:428:0: 'M5.Lift.modulus_multiple' depends on axioms: [propext, Classical.choice, Quot.sound]
info: M5Accepted.lean:429:0: 'M5.Lift.progression_difference' depends on axioms: [propext, Classical.choice, Quot.sound]
info: M5Accepted.lean:430:0: 'M5.Lift.progression_congruence' depends on axioms: [propext, Classical.choice, Quot.sound]
info: M5Accepted.lean:431:0: 'M5.Lift.common_divisors_lift' depends on axioms: [propext, Classical.choice, Quot.sound]
info: M5Accepted.lean:432:0: 'M5.Lift.triple_divisors_lift' depends on axioms: [propext, Classical.choice, Quot.sound]
info: M5Accepted.lean:433:0: 'M5.Period.cyclic_dvd_iff_root_pow' depends on axioms: [propext, Classical.choice, Quot.sound]
info: M5Accepted.lean:434:0: 'M5.Period.quotient_finite' depends on axioms: [propext, Classical.choice, Quot.sound]
info: M5Accepted.lean:435:0: 'M5.Period.root_is_unit' depends on axioms: [propext, Classical.choice, Quot.sound]
info: M5Accepted.lean:436:0: 'M5.Period.period_law' depends on axioms: [propext, Classical.choice, Quot.sound]
info: M5Accepted.lean:437:0: 'M5.Period.period_dvd_of_dvd' depends on axioms: [propext, Classical.choice, Quot.sound]
info: M5Accepted.lean:438:0: 'M5.Period.period_one' depends on axioms: [propext, Classical.choice, Quot.sound]
info: M5Accepted.lean:439:0: 'M5.Period.quotient_cardinality' depends on axioms: [propext, Classical.choice, Quot.sound]
info: M5Accepted.lean:440:0: 'M5.Period.period_cardinality_bound' depends on axioms: [propext, Classical.choice, Quot.sound]
info: M5Accepted.lean:441:0: 'M5.CRT.interval_representative' depends on axioms: [propext, Classical.choice, Quot.sound]
info: M5Accepted.lean:442:0: 'M5.CRT.prime_crt_representative' depends on axioms: [propext, Classical.choice, Quot.sound]
info: M5Accepted.lean:443:0: 'M5.CRT.safe_prime_residue' depends on axioms: [propext, Quot.sound]
info: M5Accepted.lean:444:0: 'M5.CRT.residues_force_coprime' depends on axioms: [propext, Classical.choice, Quot.sound]
info: M5Accepted.lean:445:0: 'M5.CRT.bounded_connectivity_repair' depends on axioms: [propext, Classical.choice, Quot.sound]
info: M5Accepted.lean:446:0: 'M5.Packing.equal_residue_tag_strict' depends on axioms: [propext, Classical.choice, Quot.sound]
info: M5Accepted.lean:447:0: 'M5.Packing.packed_support_anchor' depends on axioms: [propext, Classical.choice, Quot.sound]
info: M5Accepted.lean:448:0: 'M5.Packing.packed_value_mod' depends on axioms: [propext, Classical.choice, Quot.sound]
info: M5Accepted.lean:449:0: 'M5.Packing.tag_lt_weight' depends on axioms: [propext, Classical.choice, Quot.sound]
info: M5Accepted.lean:450:0: 'M5.Packing.packed_support_range' depends on axioms: [propext, Classical.choice, Quot.sound]
info: M5Accepted.lean:451:0: 'M5.Packing.packed_value_injective' depends on axioms: [propext, Classical.choice, Quot.sound]
info: M5Accepted.lean:452:0: 'M5.Packing.packed_support_card' depends on axioms: [propext, Classical.choice, Quot.sound]
info: M5Accepted.lean:453:0: 'M5.Character.bit_add' depends on axioms: [propext, Classical.choice, Quot.sound]
info: M5Accepted.lean:454:0: 'M5.Character.bit_orthogonality' depends on axioms: [propext, Classical.choice, Quot.sound]
info: M5Accepted.lean:455:0: 'M5.Character.character_add' depends on axioms: [propext, Classical.choice, Quot.sound]
info: M5Accepted.lean:456:0: 'M5.Character.character_orthogonality' depends on axioms: [propext, Classical.choice, Quot.sound]
info: M5Accepted.lean:457:0: 'M5.Character.finite_fibre_count' depends on axioms: [propext, Classical.choice, Quot.sound]
info: M5Accepted.lean:458:0: 'M5.SupportPolynomial.packed_sum_image' depends on axioms: [propext, Classical.choice, Quot.sound]
info: M5Accepted.lean:459:0: 'M5.SupportPolynomial.quotient_monomial_period' depends on axioms: [propext, Classical.choice, Quot.sound]
info: M5Accepted.lean:460:0: 'M5.SupportPolynomial.support_coeff_zero' depends on axioms: [propext, Classical.choice, Quot.sound]
info: M5Accepted.lean:461:0: 'M5.SupportPolynomial.support_degree_bound' depends on axioms: [propext, Classical.choice, Quot.sound]
info: M5Accepted.lean:462:0: 'M5.SupportPolynomial.anchored_support_nonzero' depends on axioms: [propext, Classical.choice, Quot.sound]
info: M5Accepted.lean:463:0: 'M5.SupportPolynomial.packed_polynomial_residue' depends on axioms: [propext, Classical.choice, Quot.sound]
info: M5Accepted.lean:464:0: 'M5.Connectivity.divisor_moebius' depends on axioms: [propext, Classical.choice, Quot.sound]
info: M5Accepted.lean:465:0: 'M5.Connectivity.support_gcd_dvd' depends on axioms: [propext, Classical.choice, Quot.sound]
info: M5Accepted.lean:466:0: 'M5.Connectivity.support_divisor_filter' depends on axioms: [propext, Classical.choice, Quot.sound]
info: M5Accepted.lean:467:0: 'M5.Connectivity.connected_indicator' depends on axioms: [propext, Classical.choice, Quot.sound]
✔ [8747/8817] Built M7QuotientAuto (9.1s)
✔ [8748/8817] Built M6BoundaryFibers (9.4s)
✔ [8749/8817] Built M6Flatten (10s)
✔ [8750/8817] Built M5Signature (8.1s)
✔ [8751/8817] Built M5QuotientCharacter (8.5s)
✔ [8752/8817] Built M5TupleCharacter (8.5s)
✔ [8753/8817] Built M5QuotientMonomialPeriod (8.7s)
✔ [8754/8817] Built M5SubsetCharacter (8.7s)
✔ [8755/8817] Built M6TransferTrace (15s)
ℹ [8756/8817] Built M7SignatureIdealAccepted (12s)
info: M7SignatureIdealAccepted.lean:102:0: 'M7.SignatureIdeal.modulus_zero' depends on axioms: [propext, Classical.choice, Quot.sound]
info: M7SignatureIdealAccepted.lean:103:0: 'M7.SignatureIdeal.full_signature_ideal' depends on axioms: [propext, Classical.choice, Quot.sound]
info: M7SignatureIdealAccepted.lean:104:0: 'M7.SignatureIdeal.principal_gcd' depends on axioms: [propext, Classical.choice, Quot.sound]
info: M7SignatureIdealAccepted.lean:105:0: 'M7.SignatureIdeal.quotient_membership' depends on axioms: [propext, Classical.choice, Quot.sound]
info: M7SignatureIdealAccepted.lean:106:0: 'M7.SignatureIdeal.monic_injective' depends on axioms: [propext, Classical.choice, Quot.sound]
✔ [8757/8817] Built M6TransferResources (16s)
ℹ [8758/8817] Built M7QuotientAutoAccepted (6.3s)
info: M7QuotientAutoAccepted.lean:62:0: 'M7.QuotientAuto.polynomial_substitution' depends on axioms: [propext, Classical.choice, Quot.sound]
info: M7QuotientAutoAccepted.lean:63:0: 'M7.QuotientAuto.substitution_root' depends on axioms: [propext, Classical.choice, Quot.sound]
info: M7QuotientAutoAccepted.lean:64:0: 'M7.QuotientAuto.substitution_scalars' depends on axioms: [propext, Classical.choice, Quot.sound]
info: M7QuotientAutoAccepted.lean:65:0: 'M7.QuotientAuto.substitution_comp' depends on axioms: [propext, Classical.choice, Quot.sound]
info: M7QuotientAutoAccepted.lean:66:0: 'M7.QuotientAuto.substitution_one' depends on axioms: [propext, Classical.choice, Quot.sound]
info: M7QuotientAutoAccepted.lean:67:0: 'M7.QuotientAuto.substitution_left_inverse' depends on axioms: [propext, Classical.choice, Quot.sound]
info: M7QuotientAutoAccepted.lean:68:0: 'M7.QuotientAuto.substitution_right_inverse' depends on axioms: [propext, Classical.choice, Quot.sound]
info: M7QuotientAutoAccepted.lean:69:0: 'M7.QuotientAuto.substitution_bijective' depends on axioms: [propext, Classical.choice, Quot.sound]
⚠ [8759/8817] Built M7CanonicalBlockAccepted (16s)
warning: M7CanonicalBlockAccepted.lean:12:35: `dif_pos` has been deprecated: Use `dite_eq_left` instead
warning: M7CanonicalBlockAccepted.lean:29:8: `dif_pos` has been deprecated: Use `dite_eq_left` instead
warning: M7CanonicalBlockAccepted.lean:102:8: `dif_pos` has been deprecated: Use `dite_eq_left` instead
info: M7CanonicalBlockAccepted.lean:152:0: 'M7.CanonicalBlock.best_anchor_member' depends on axioms: [propext, Classical.choice, Quot.sound]
info: M7CanonicalBlockAccepted.lean:153:0: 'M7.CanonicalBlock.best_key_agrees' depends on axioms: [propext, Classical.choice, Quot.sound]
info: M7CanonicalBlockAccepted.lean:154:0: 'M7.CanonicalBlock.decode_key' depends on axioms: [propext, Classical.choice, Quot.sound]
info: M7CanonicalBlockAccepted.lean:155:0: 'M7.CanonicalBlock.key_injective' depends on axioms: [propext, Classical.choice, Quot.sound]
info: M7CanonicalBlockAccepted.lean:156:0: 'M7.CanonicalBlock.normalize_anchor' depends on axioms: [propext, Classical.choice, Quot.sound]
info: M7CanonicalBlockAccepted.lean:157:0: 'M7.CanonicalBlock.normalize_minimal' depends on axioms: [propext, Classical.choice, Quot.sound]
info: M7CanonicalBlockAccepted.lean:158:0: 'M7.CanonicalBlock.shift_add' depends on axioms: [propext, Classical.choice, Quot.sound]
info: M7CanonicalBlockAccepted.lean:159:0: 'M7.CanonicalBlock.anchor_keys_shift' depends on axioms: [propext, Classical.choice, Quot.sound]
info: M7CanonicalBlockAccepted.lean:160:0: 'M7.CanonicalBlock.shift_card' depends on axioms: [propext, Classical.choice, Quot.sound]
info: M7CanonicalBlockAccepted.lean:161:0: 'M7.CanonicalBlock.normalize_card' depends on axioms: [propext, Classical.choice, Quot.sound]
info: M7CanonicalBlockAccepted.lean:162:0: 'M7.CanonicalBlock.normalize_shift' depends on axioms: [propext, Classical.choice, Quot.sound]
info: M7CanonicalBlockAccepted.lean:163:0: 'M7.CanonicalBlock.shift_identity' depends on axioms: [propext, Classical.choice, Quot.sound]
info: M7CanonicalBlockAccepted.lean:164:0: 'M7.CanonicalBlock.translation_complete' depends on axioms: [propext, Classical.choice, Quot.sound]
✔ [8760/8817] Built M5RepairSupport (6.1s)
⚠ [8761/8817] Built M7ActionAccepted (18s)
warning: M7ActionAccepted.lean:82:2: Unused tactic linter: `change M7.Action.compose g (M7.Action.identity N) = g` does nothing

Note: This linter can be disabled with `set_option linter.unusedTactic false`
warning: M7ActionAccepted.lean:99:2: Unused tactic linter: `change Fintype.card (M7.Action.Record 1) = 2` does nothing

Note: This linter can be disabled with `set_option linter.unusedTactic false`
info: M7ActionAccepted.lean:110:0: 'M7.Action.act_compose' depends on axioms: [propext, Classical.choice, Quot.sound]
info: M7ActionAccepted.lean:111:0: 'M7.Action.act_identity' depends on axioms: [propext, Classical.choice, Quot.sound]
info: M7ActionAccepted.lean:112:0: 'M7.Action.affine_bijective' depends on axioms: [propext, Quot.sound]
info: M7ActionAccepted.lean:113:0: 'M7.Action.associative' depends on axioms: [propext, Quot.sound]
info: M7ActionAccepted.lean:114:0: 'M7.Action.left_identity' depends on axioms: [propext, Quot.sound]
info: M7ActionAccepted.lean:115:0: 'M7.Action.left_inverse' depends on axioms: [propext, Quot.sound]
info: M7ActionAccepted.lean:116:0: 'M7.Action.act_inverse' depends on axioms: [propext, Classical.choice, Quot.sound]
info: M7ActionAccepted.lean:117:0: 'M7.Action.normal_form' depends on axioms: [propext, Quot.sound]
info: M7ActionAccepted.lean:118:0: 'M7.Action.record_card' depends on axioms: [propext, Classical.choice, Quot.sound]
info: M7ActionAccepted.lean:119:0: 'M7.Action.order_one_records' depends on axioms: [propext, Classical.choice, Quot.sound]
info: M7ActionAccepted.lean:120:0: 'M7.Action.right_identity' depends on axioms: [propext, Quot.sound]
info: M7ActionAccepted.lean:121:0: 'M7.Action.right_inverse' depends on axioms: [propext, Quot.sound]
info: M7ActionAccepted.lean:122:0: 'M7.Action.support_cards' depends on axioms: [propext, Classical.choice, Quot.sound]
✔ [8762/8817] Built M7QuotientDegree (6.5s)
✔ [8763/8817] Built M6Spaces (9.8s)
✔ [8764/8817] Built M7SignatureTau (9.2s)
⚠ [8765/8817] Built M5Checkpoint72 (10s)
warning: M5Checkpoint72.lean:22:35: This simp argument is unused:
  he

Hint: Omit it from the simp argument list.
  [apply] simp [M5.RepairSupport.repaired, Ne.symm he, h0]

Note: This linter can be disabled with `set_option linter.unusedSimpArgs false`
warning: M5Checkpoint72.lean:20:2: Unused tactic linter: `change
  ∀ (A : Finset ℕ) (e q : ℕ), e ≠ 0 → 0 ∈ A → 0 ∈ M5.RepairSupport.repaired A e q` does nothing

Note: This linter can be disabled with `set_option linter.unusedTactic false`
warning: M5Checkpoint72.lean:25:2: Unused tactic linter: `change
  ∀ (A : Finset ℕ) (e q : ℕ), e ∈ A → q ∉ A → (M5.RepairSupport.repaired A e q).card = A.card` does nothing

Note: This linter can be disabled with `set_option linter.unusedTactic false`
warning: M5Checkpoint72.lean:55:4: Unused tactic linter: `simpa only [Polynomial.monomial_one] using
  (M5.quotient_monomial_period (T := T) (a := e) (j := k))` does nothing

Note: This linter can be disabled with `set_option linter.unusedTactic false`
warning: M5Checkpoint72.lean:55:4: this tactic is never executed

Note: This linter can be disabled with `set_option linter.unreachableTactic false`
warning: M5Checkpoint72.lean:59:2: Unused tactic linter: `change
  ∀ (A : Finset ℕ) (e q L : ℕ), (∀ a ∈ A, a < L) → q < L → ∀ a ∈ M5.RepairSupport.repaired A e q, a < L` does nothing

Note: This linter can be disabled with `set_option linter.unusedTactic false`
warning: M5Checkpoint72.lean:85:34: This simp argument is unused:
  hij

Hint: Omit it from the simp argument list.
  [apply] simp [Polynomial.coeff_X_pow, hij.symm]

Note: This linter can be disabled with `set_option linter.unusedSimpArgs false`
warning: M5Checkpoint72.lean:73:2: Unused tactic linter: `change
  ∀ m j : ℕ, (((1 : Polynomial ℤ) - Polynomial.X) ^ m).coeff j = (-1 : ℤ) ^ j * (m.choose j : ℤ)` does nothing

Note: This linter can be disabled with `set_option linter.unusedTactic false`
warning: M5Checkpoint72.lean:78:4: Used `tac1 <;> tac2` where `(tac1; tac2)` would suffice

Note: This linter can be disabled with `set_option linter.unnecessarySeqFocus false`
warning: M5Checkpoint72.lean:127:2: Unused tactic linter: `change
  ∀ m n k : ℕ,
    (((1 - Polynomial.X : Polynomial ℤ) ^ m) * (1 + Polynomial.X) ^ n).coeff k =
      ∑ j ∈ Finset.range (k + 1), (-1 : ℤ) ^ j * (m.choose j : ℤ) * (n.choose (k - j) : ℤ)` does nothing

Note: This linter can be disabled with `set_option linter.unusedTactic false`
warning: M5Checkpoint72.lean:143:2: Unused tactic linter: `change ∀ P : M5.BinaryPolynomial, P ≠ 0 → P.Monic` does nothing

Note: This linter can be disabled with `set_option linter.unusedTactic false`
warning: M5Checkpoint72.lean:150:2: Unused tactic linter: `change ∀ P a : M5.BinaryPolynomial, P ∣ a → a.coeff 0 = 1 → P.coeff 0 = 1` does nothing

Note: This linter can be disabled with `set_option linter.unusedTactic false`
warning: M5Checkpoint72.lean:158:2: Unused tactic linter: `change ∀ P Q : M5.BinaryPolynomial, P ∣ Q → Q ∣ P → P = Q` does nothing

Note: This linter can be disabled with `set_option linter.unusedTactic false`
warning: M5Checkpoint72.lean:172:2: Unused tactic linter: `change
  ∀ a b : M5.BinaryPolynomial,
    a.coeff 0 = 1 →
      b.coeff 0 = 1 →
        (EuclideanDomain.gcd a b).Monic ∧
          (EuclideanDomain.gcd a b).coeff 0 = 1 ∧ (EuclideanDomain.gcd a b).natDegree ≤ b.natDegree` does nothing

Note: This linter can be disabled with `set_option linter.unusedTactic false`
warning: M5Checkpoint72.lean:186:2: Unused tactic linter: `change
  ∀ (a b : M5.BinaryPolynomial) (T E j : ℕ),
    EuclideanDomain.gcd a b ∣ M5.cyclicModulus E →
      M5.completeSignature a b (T + j * E) = M5.completeSignature a b T` does nothing

Note: This linter can be disabled with `set_option linter.unusedTactic false`
warning: M5Checkpoint72.lean:193:6: Unused tactic linter: `symm` does nothing

Note: This linter can be disabled with `set_option linter.unusedTactic false`
warning: M5Checkpoint72.lean:193:12: Unused tactic linter: `(apply M5.Lift.common_divisors_lift) <;> assumption` does nothing

Note: This linter can be disabled with `set_option linter.unusedTactic false`
warning: M5Checkpoint72.lean:193:6: this tactic is never executed

Note: This linter can be disabled with `set_option linter.unreachableTactic false`
warning: M5Checkpoint72.lean:193:12: this tactic is never executed

Note: This linter can be disabled with `set_option linter.unreachableTactic false`
warning: M5Checkpoint72.lean:203:2: Unused tactic linter: `change
  ∀ a b : M5.BinaryPolynomial,
    a.coeff 0 = 1 →
      b.coeff 0 = 1 →
        0 < M5.signaturePeriod (EuclideanDomain.gcd a b) ∧
          M5.signaturePeriod (EuclideanDomain.gcd a b) ≤ 2 ^ b.natDegree` does nothing

Note: This linter can be disabled with `set_option linter.unusedTactic false`
warning: M5Checkpoint72.lean:220:4: Unused tactic linter: `simp [M5.QuotientCharacter.coordinates]` does nothing

Note: This linter can be disabled with `set_option linter.unusedTactic false`
warning: M5Checkpoint72.lean:220:4: this tactic is never executed

Note: This linter can be disabled with `set_option linter.unreachableTactic false`
info: M5Checkpoint72.lean:244:0: 'M5.cutoff_gt_period' depends on axioms: [propext, Quot.sound]
info: M5Checkpoint72.lean:245:0: 'M5.packed_range' depends on axioms: [propext]
info: M5Checkpoint72.lean:246:0: 'M5.packed_residue' depends on axioms: [propext]
info: M5Checkpoint72.lean:247:0: 'M5.progression_period' depends on axioms: [propext]
info: M5Checkpoint72.lean:248:0: 'M5.recovery_inclusion_positive' does not depend on any axioms
info: M5Checkpoint72.lean:249:0: 'M5.repair_above_packing' does not depend on any axioms
info: M5Checkpoint72.lean:250:0: 'M5.source_below_birth_bound' depends on axioms: [propext]
info: M5Checkpoint72.lean:251:0: 'M5.packed_injective' depends on axioms: [propext, Classical.choice, Quot.sound]
info: M5Checkpoint72.lean:252:0: 'M5.repair_no_collision' depends on axioms: [propext]
info: M5Checkpoint72.lean:253:0: 'M5.Lift.bounded_progression' depends on axioms: [propext, Quot.sound]
info: M5Checkpoint72.lean:254:0: 'M5.Lift.cyclic_as_sub' depends on axioms: [propext, Classical.choice, Quot.sound]
info: M5Checkpoint72.lean:255:0: 'M5.Lift.bounded_source_order' depends on axioms: [propext, Quot.sound]
info: M5Checkpoint72.lean:256:0: 'M5.Lift.modulus_multiple' depends on axioms: [propext, Classical.choice, Quot.sound]
info: M5Checkpoint72.lean:257:0: 'M5.Lift.progression_difference' depends on axioms: [propext, Classical.choice, Quot.sound]
info: M5Checkpoint72.lean:258:0: 'M5.Lift.progression_congruence' depends on axioms: [propext, Classical.choice, Quot.sound]
info: M5Checkpoint72.lean:259:0: 'M5.Lift.common_divisors_lift' depends on axioms: [propext, Classical.choice, Quot.sound]
info: M5Checkpoint72.lean:260:0: 'M5.Lift.triple_divisors_lift' depends on axioms: [propext, Classical.choice, Quot.sound]
info: M5Checkpoint72.lean:261:0: 'M5.Period.cyclic_dvd_iff_root_pow' depends on axioms: [propext, Classical.choice, Quot.sound]
info: M5Checkpoint72.lean:262:0: 'M5.Period.quotient_finite' depends on axioms: [propext, Classical.choice, Quot.sound]
info: M5Checkpoint72.lean:263:0: 'M5.Period.root_is_unit' depends on axioms: [propext, Classical.choice, Quot.sound]
info: M5Checkpoint72.lean:264:0: 'M5.Period.period_law' depends on axioms: [propext, Classical.choice, Quot.sound]
info: M5Checkpoint72.lean:265:0: 'M5.Period.period_dvd_of_dvd' depends on axioms: [propext, Classical.choice, Quot.sound]
info: M5Checkpoint72.lean:266:0: 'M5.Period.period_one' depends on axioms: [propext, Classical.choice, Quot.sound]
info: M5Checkpoint72.lean:267:0: 'M5.Period.quotient_cardinality' depends on axioms: [propext, Classical.choice, Quot.sound]
info: M5Checkpoint72.lean:268:0: 'M5.Period.period_cardinality_bound' depends on axioms: [propext, Classical.choice, Quot.sound]
info: M5Checkpoint72.lean:269:0: 'M5.CRT.interval_representative' depends on axioms: [propext, Classical.choice, Quot.sound]
info: M5Checkpoint72.lean:270:0: 'M5.CRT.prime_crt_representative' depends on axioms: [propext, Classical.choice, Quot.sound]
info: M5Checkpoint72.lean:271:0: 'M5.CRT.safe_prime_residue' depends on axioms: [propext, Quot.sound]
info: M5Checkpoint72.lean:272:0: 'M5.CRT.residues_force_coprime' depends on axioms: [propext, Classical.choice, Quot.sound]
info: M5Checkpoint72.lean:273:0: 'M5.CRT.bounded_connectivity_repair' depends on axioms: [propext, Classical.choice, Quot.sound]
info: M5Checkpoint72.lean:274:0: 'M5.Packing.equal_residue_tag_strict' depends on axioms: [propext, Classical.choice, Quot.sound]
info: M5Checkpoint72.lean:275:0: 'M5.Packing.packed_support_anchor' depends on axioms: [propext, Classical.choice, Quot.sound]
info: M5Checkpoint72.lean:276:0: 'M5.Packing.packed_value_mod' depends on axioms: [propext, Classical.choice, Quot.sound]
info: M5Checkpoint72.lean:277:0: 'M5.Packing.tag_lt_weight' depends on axioms: [propext, Classical.choice, Quot.sound]
info: M5Checkpoint72.lean:278:0: 'M5.Packing.packed_support_range' depends on axioms: [propext, Classical.choice, Quot.sound]
info: M5Checkpoint72.lean:279:0: 'M5.Packing.packed_value_injective' depends on axioms: [propext, Classical.choice, Quot.sound]
info: M5Checkpoint72.lean:280:0: 'M5.Packing.packed_support_card' depends on axioms: [propext, Classical.choice, Quot.sound]
info: M5Checkpoint72.lean:281:0: 'M5.Character.bit_add' depends on axioms: [propext, Classical.choice, Quot.sound]
info: M5Checkpoint72.lean:282:0: 'M5.Character.bit_orthogonality' depends on axioms: [propext, Classical.choice, Quot.sound]
info: M5Checkpoint72.lean:283:0: 'M5.Character.character_add' depends on axioms: [propext, Classical.choice, Quot.sound]
info: M5Checkpoint72.lean:284:0: 'M5.Character.character_orthogonality' depends on axioms: [propext, Classical.choice, Quot.sound]
info: M5Checkpoint72.lean:285:0: 'M5.Character.finite_fibre_count' depends on axioms: [propext, Classical.choice, Quot.sound]
info: M5Checkpoint72.lean:286:0: 'M5.SupportPolynomial.packed_sum_image' depends on axioms: [propext, Classical.choice, Quot.sound]
info: M5Checkpoint72.lean:287:0: 'M5.SupportPolynomial.quotient_monomial_period' depends on axioms: [propext, Classical.choice, Quot.sound]
info: M5Checkpoint72.lean:288:0: 'M5.SupportPolynomial.support_coeff_zero' depends on axioms: [propext, Classical.choice, Quot.sound]
info: M5Checkpoint72.lean:289:0: 'M5.SupportPolynomial.support_degree_bound' depends on axioms: [propext, Classical.choice, Quot.sound]
info: M5Checkpoint72.lean:290:0: 'M5.SupportPolynomial.anchored_support_nonzero' depends on axioms: [propext, Classical.choice, Quot.sound]
info: M5Checkpoint72.lean:291:0: 'M5.SupportPolynomial.packed_polynomial_residue' depends on axioms: [propext, Classical.choice, Quot.sound]
info: M5Checkpoint72.lean:292:0: 'M5.Connectivity.divisor_moebius' depends on axioms: [propext, Classical.choice, Quot.sound]
info: M5Checkpoint72.lean:293:0: 'M5.Connectivity.support_gcd_dvd' depends on axioms: [propext, Classical.choice, Quot.sound]
info: M5Checkpoint72.lean:294:0: 'M5.Connectivity.support_divisor_filter' depends on axioms: [propext, Classical.choice, Quot.sound]
info: M5Checkpoint72.lean:295:0: 'M5.Connectivity.connected_indicator' depends on axioms: [propext, Classical.choice, Quot.sound]
info: M5Checkpoint72.lean:296:0: 'M5.RepairSupport.replacement_anchor' depends on axioms: [propext, Classical.choice, Quot.sound]
info: M5Checkpoint72.lean:297:0: 'M5.RepairSupport.replacement_card' depends on axioms: [propext, Classical.choice, Quot.sound]
info: M5Checkpoint72.lean:298:0: 'M5.RepairSupport.replacement_combined_gcd' depends on axioms: [propext, Classical.choice, Quot.sound]
info: M5Checkpoint72.lean:299:0: 'M5.RepairSupport.replacement_polynomial_residue' depends on axioms: [propext, Classical.choice, Quot.sound]
info: M5Checkpoint72.lean:300:0: 'M5.RepairSupport.replacement_range' depends on axioms: [propext, Classical.choice, Quot.sound]
info: M5Checkpoint72.lean:301:0: 'M5.RepairSupport.replacement_connected' depends on axioms: [propext, Classical.choice, Quot.sound]
info: M5Checkpoint72.lean:302:0: 'M5.Binomial.negative_coeff' depends on axioms: [propext, Classical.choice, Quot.sound]
info: M5Checkpoint72.lean:303:0: 'M5.Binomial.signed_product_split' depends on axioms: [propext, Classical.choice, Quot.sound]
info: M5Checkpoint72.lean:304:0: 'M5.Binomial.binomial_convolution' depends on axioms: [propext, Classical.choice, Quot.sound]
info: M5Checkpoint72.lean:305:0: 'M5.Binomial.signed_coefficient_eval' depends on axioms: [propext, Classical.choice, Quot.sound]
info: M5Checkpoint72.lean:306:0: 'M5.Signature.binary_monic' depends on axioms: [propext, Classical.choice, Quot.sound]
info: M5Checkpoint72.lean:307:0: 'M5.Signature.divisor_constant_one' depends on axioms: [propext, Classical.choice, Quot.sound]
info: M5Checkpoint72.lean:308:0: 'M5.Signature.binary_dvd_antisymm' depends on axioms: [propext, Classical.choice, Quot.sound]
info: M5Checkpoint72.lean:309:0: 'M5.Signature.ordinary_gcd_properties' depends on axioms: [propext, Classical.choice, Quot.sound]
info: M5Checkpoint72.lean:310:0: 'M5.Signature.exact_signature_lift' depends on axioms: [propext, Classical.choice, Quot.sound]
info: M5Checkpoint72.lean:311:0: 'M5.Signature.ordinary_gcd_period_bound' depends on axioms: [propext, Classical.choice, Quot.sound]
info: M5Checkpoint72.lean:312:0: 'M5.QuotientCharacter.character_add' depends on axioms: [propext, Classical.choice, Quot.sound]
info: M5Checkpoint72.lean:313:0: 'M5.QuotientCharacter.coordinates_zero_iff' depends on axioms: [propext, Classical.choice, Quot.sound]
info: M5Checkpoint72.lean:314:0: 'M5.QuotientCharacter.finite_fibre_count' depends on axioms: [propext, Classical.choice, Quot.sound]
info: M5Checkpoint72.lean:315:0: 'M5.QuotientCharacter.character_orthogonality' depends on axioms: [propext, Classical.choice, Quot.sound]
✔ [8766/8817] Built M6ActualCounts (8.9s)
⚠ [8767/8817] Built M7QuotientDegreeAccepted (11s)
warning: M7QuotientDegreeAccepted.lean:4:2: Unused tactic linter: `change
  ∀ F : M6.Cyclic.BinaryPolynomial, F.Monic → Nat.card (AdjoinRoot F) = 2 ^ F.natDegree` does nothing

Note: This linter can be disabled with `set_option linter.unusedTactic false`
info: M7QuotientDegreeAccepted.lean:47:0: 'M7.QuotientDegree.adjoin_card' depends on axioms: [propext, Classical.choice, Quot.sound]
info: M7QuotientDegreeAccepted.lean:48:0: 'M7.QuotientDegree.span_containment' depends on axioms: [propext, Classical.choice, Quot.sound]
info: M7QuotientDegreeAccepted.lean:49:0: 'M7.QuotientDegree.quotient_equiv' depends on axioms: [propext, Classical.choice, Quot.sound]
info: M7QuotientDegreeAccepted.lean:50:0: 'M7.QuotientDegree.quotient_card' depends on axioms: [propext, Classical.choice, Quot.sound]
info: M7QuotientDegreeAccepted.lean:51:0: 'M7.QuotientDegree.degree_invariant' depends on axioms: [propext, Classical.choice, Quot.sound]
✔ [8768/8817] Built M6TransferScatter (17s)
⚠ [8769/8817] Built M7SignatureTauAccepted (8.1s)
warning: M7SignatureTauAccepted.lean:4:2: Unused tactic linter: `change ∀ F : M6.Cyclic.BinaryPolynomial, F ≠ 0 → F.Monic` does nothing

Note: This linter can be disabled with `set_option linter.unusedTactic false`
info: M7SignatureTauAccepted.lean:106:0: 'M7.SignatureTau.binary_monic' depends on axioms: [propext, Classical.choice, Quot.sound]
info: M7SignatureTauAccepted.lean:107:0: 'M7.SignatureTau.modulus_monic' depends on axioms: [propext, Classical.choice, Quot.sound]
info: M7SignatureTauAccepted.lean:108:0: 'M7.SignatureTau.gcd_canonical' depends on axioms: [propext, Classical.choice, Quot.sound]
info: M7SignatureTauAccepted.lean:109:0: 'M7.SignatureTau.reduced_image' depends on axioms: [propext, Classical.choice, Quot.sound]
info: M7SignatureTauAccepted.lean:110:0: 'M7.SignatureTau.tau_principal' depends on axioms: [propext, Classical.choice, Quot.sound]
info: M7SignatureTauAccepted.lean:111:0: 'M7.SignatureTau.tau_properties' depends on axioms: [propext, Classical.choice, Quot.sound]
info: M7SignatureTauAccepted.lean:112:0: 'M7.SignatureTau.source_tau_equal' depends on axioms: [propext, Classical.choice, Quot.sound]
info: M7SignatureTauAccepted.lean:113:0: 'M7.SignatureTau.tau_comp' depends on axioms: [propext, Classical.choice, Quot.sound]
info: M7SignatureTauAccepted.lean:114:0: 'M7.SignatureTau.tau_one' depends on axioms: [propext, Classical.choice, Quot.sound]
info: M7SignatureTauAccepted.lean:115:0: 'M7.SignatureTau.tau_inverse' depends on axioms: [propext, Classical.choice, Quot.sound]
✔ [8770/8817] Built M7ActionGroup (15s)
✔ [8771/8817] Built M7AffinePolynomial (15s)
✔ [8772/8817] Built M5BinaryDivisibility (5.3s)
✔ [8773/8817] Built M5PolynomialExclusion (6.1s)
✔ [8774/8817] Built M5FactorProduct (6.3s)
⚠ [8775/8817] Built M5PolynomialExclusionAccepted (6.1s)
warning: M5PolynomialExclusionAccepted.lean:4:2: Unused tactic linter: `change
  ∀ (F : M5.BinaryPolynomial) (N : ℕ),
    0 < N → F.Monic → F ∣ M5.cyclicModulus N → M5.cyclicModulus N / F ≠ 0` does nothing

Note: This linter can be disabled with `set_option linter.unusedTactic false`
warning: M5PolynomialExclusionAccepted.lean:15:2: Unused tactic linter: `change ∀ F P p : M5.BinaryPolynomial, F ≠ 0 → F ∣ P → (p ∣ P / F ↔ F * p ∣ P)` does nothing

Note: This linter can be disabled with `set_option linter.unusedTactic false`
warning: M5PolynomialExclusionAccepted.lean:28:2: Unused tactic linter: `change
  ∀ (a b F : M5.BinaryPolynomial) (N : ℕ),
    F ∣ a → F ∣ b → F ∣ M5.cyclicModulus N → F ∣ M5.completeSignature a b N` does nothing

Note: This linter can be disabled with `set_option linter.unusedTactic false`
warning: M5PolynomialExclusionAccepted.lean:34:2: Unused tactic linter: `change
  ∀ F G : M5.BinaryPolynomial,
    F.Monic → F ∣ G → G ≠ 0 → G ≠ F → ∃ p : M5.BinaryPolynomial, Irreducible p ∧ F * p ∣ G` does nothing

Note: This linter can be disabled with `set_option linter.unusedTactic false`
warning: M5PolynomialExclusionAccepted.lean:77:6: Try `simp at hc` instead of `simpa using hc`

Note: This linter can be disabled with `set_option linter.unnecessarySimpa false`
warning: M5PolynomialExclusionAccepted.lean:55:2: Unused tactic linter: `change
  ∀ (a b F : M5.BinaryPolynomial) (N : ℕ),
    0 < N →
      F.Monic →
        F ∣ M5.cyclicModulus N →
          F ∣ a →
            F ∣ b →
              (M5.completeSignature a b N = F ↔
                ∀ p : M5.BinaryPolynomial,
                  Irreducible p → p ∣ M5.cyclicModulus N / F → ¬(F * p ∣ a ∧ F * p ∣ b))` does nothing

Note: This linter can be disabled with `set_option linter.unusedTactic false`
warning: M5PolynomialExclusionAccepted.lean:92:2: Unused tactic linter: `change
  ∀ (a b F : M5.BinaryPolynomial) (N : ℕ),
    0 < N →
      F.Monic →
        F ∣ M5.cyclicModulus N →
          F ∣ a →
            F ∣ b →
              (M5.completeSignature a b N = F ↔
                ∀ p ∈ M5.PolynomialExclusion.residualFactors (M5.cyclicModulus N) F,
                  ¬(F * p ∣ a ∧ F * p ∣ b))` does nothing

Note: This linter can be disabled with `set_option linter.unusedTactic false`
⚠ [8776/8817] Built M5Checkpoint90 (13s)
warning: M5Checkpoint90.lean:26:2: Unused tactic linter: `change ∀ (D : ℕ) (lam : M5.Character.BinaryVector D), M5.Character.value lam 0 = 1` does nothing

Note: This linter can be disabled with `set_option linter.unusedTactic false`
warning: M5Checkpoint90.lean:31:2: Unused tactic linter: `change
  ∀ (D : ℕ) (U : Finset ℕ) (f : ℕ → M5.Character.BinaryVector D) (lam : M5.Character.BinaryVector D),
    M5.Character.value lam (M5.SubsetCharacter.vectorSum U f) = ∏ s ∈ U, M5.Character.value lam (f s)` does nothing

Note: This linter can be disabled with `set_option linter.unusedTactic false`
warning: M5Checkpoint90.lean:42:8: Unused tactic linter: `rw [M5.SubsetCharacter.character_add, ih]` does nothing

Note: This linter can be disabled with `set_option linter.unusedTactic false`
warning: M5Checkpoint90.lean:42:8: this tactic is never executed

Note: This linter can be disabled with `set_option linter.unreachableTactic false`
warning: M5Checkpoint90.lean:45:2: Unused tactic linter: `change
  ∀ (D : ℕ) (S : Finset ℕ) (f : ℕ → M5.Character.BinaryVector D) (lam : M5.Character.BinaryVector D),
    M5.SubsetCharacter.signedProduct S (fun s => M5.Character.value lam (f s)) =
      ∑ U ∈ S.powerset,
        Polynomial.C (M5.Character.value lam (M5.SubsetCharacter.vectorSum U f)) *
          (Polynomial.X : Polynomial ℤ) ^ U.card` does nothing

Note: This linter can be disabled with `set_option linter.unusedTactic false`
warning: M5Checkpoint90.lean:65:36: This simp argument is unused:
  Polynomial.coeff_C_mul_X_pow

Hint: Omit it from the simp argument list.
  [apply] simp [Polynomial.finsetSum_coeff, Finset.powersetCard_eq_filter, Finset.sum_filter, eq_comm]

Note: This linter can be disabled with `set_option linter.unusedSimpArgs false`
warning: M5Checkpoint90.lean:61:2: Unused tactic linter: `change
  ∀ (D : ℕ) (S : Finset ℕ) (k : ℕ) (f : ℕ → M5.Character.BinaryVector D) (lam : M5.Character.BinaryVector D),
    (M5.SubsetCharacter.signedProduct S (fun s => M5.Character.value lam (f s))).coeff k =
      ∑ U ∈ S.powersetCard k, M5.Character.value lam (M5.SubsetCharacter.vectorSum U f)` does nothing

Note: This linter can be disabled with `set_option linter.unusedTactic false`
warning: M5Checkpoint90.lean:68:2: Unused tactic linter: `change
  ∀ (D : ℕ) (S : Finset ℕ) (k : ℕ) (f : ℕ → M5.Character.BinaryVector D) (z : M5.Character.BinaryVector D),
    (∑ lam : M5.Character.BinaryVector D,
        M5.Character.value lam z *
          (M5.SubsetCharacter.signedProduct S (fun s => M5.Character.value lam (f s))).coeff k) =
      (2 : ℤ) ^ D * (M5.SubsetCharacter.count S k f z : ℤ)` does nothing

Note: This linter can be disabled with `set_option linter.unusedTactic false`
warning: M5Checkpoint90.lean:88:4: Unused tactic linter: `simp_rw [← M5.SubsetCharacter.character_add]` does nothing

Note: This linter can be disabled with `set_option linter.unusedTactic false`
warning: M5Checkpoint90.lean:91:4: Unused tactic linter: `simp_rw [M5.SubsetCharacter.character_orthogonality]` does nothing

Note: This linter can be disabled with `set_option linter.unusedTactic false`
warning: M5Checkpoint90.lean:88:4: this tactic is never executed

Note: This linter can be disabled with `set_option linter.unreachableTactic false`
warning: M5Checkpoint90.lean:91:4: this tactic is never executed

Note: This linter can be disabled with `set_option linter.unreachableTactic false`
warning: M5Checkpoint90.lean:116:2: Unused tactic linter: `change ∀ (D : ℕ) (lam : M5.Character.BinaryVector D), M5.Character.value lam 0 = 1` does nothing

Note: This linter can be disabled with `set_option linter.unusedTactic false`
warning: M5Checkpoint90.lean:121:2: Unused tactic linter: `change
  ∀ (D n k : ℕ) (f : Fin n → M5.Character.BinaryVector D) (t : Fin k → Fin n) (lam : M5.Character.BinaryVector D),
    M5.Character.value lam (M5.TupleCharacter.vectorSum f t) =
      ∏ i : Fin k, M5.Character.value lam (f (t i))` does nothing

Note: This linter can be disabled with `set_option linter.unusedTactic false`
warning: M5Checkpoint90.lean:138:2: Unused tactic linter: `change
  ∀ (D n k : ℕ) (f : Fin n → M5.Character.BinaryVector D) (lam : M5.Character.BinaryVector D),
    (∑ t : Fin k → Fin n, M5.Character.value lam (M5.TupleCharacter.vectorSum f t)) =
      (∑ a : Fin n, M5.Character.value lam (f a)) ^ k` does nothing

Note: This linter can be disabled with `set_option linter.unusedTactic false`
warning: M5Checkpoint90.lean:146:2: Unused tactic linter: `change
  ∀ (D n k : ℕ) (f : Fin n → M5.Character.BinaryVector D) (z : M5.Character.BinaryVector D),
    (∑ lam : M5.Character.BinaryVector D, M5.Character.value lam z * (∑ a : Fin n, M5.Character.value lam (f a)) ^ k) =
      (2 : ℤ) ^ D * (M5.TupleCharacter.count k f z : ℤ)` does nothing

Note: This linter can be disabled with `set_option linter.unusedTactic false`
warning: M5Checkpoint90.lean:152:2: Unused tactic linter: `change
  ∀ S : Finset M5.BinaryPolynomial, (∑ H ∈ S.powerset, (-1 : ℤ) ^ H.card) = if S = ∅ then 1 else 0` does nothing

Note: This linter can be disabled with `set_option linter.unusedTactic false`
warning: M5Checkpoint90.lean:156:6: Unused tactic linter: `exact Nat.sum_powerset_neg_one_pow_card` does nothing

Note: This linter can be disabled with `set_option linter.unusedTactic false`
warning: M5Checkpoint90.lean:156:6: this tactic is never executed

Note: This linter can be disabled with `set_option linter.unreachableTactic false`
warning: M5Checkpoint90.lean:159:2: Unused tactic linter: `change
  ∀ (S : Finset M5.BinaryPolynomial) (bad : M5.BinaryPolynomial → Bool),
    S.powerset.filter (fun H => ∀ p ∈ H, bad p = true) = (S.filter (fun p => bad p = true)).powerset` does nothing

Note: This linter can be disabled with `set_option linter.unusedTactic false`
warning: M5Checkpoint90.lean:187:8: Try `simp at hm` instead of `simpa using hm`

Note: This linter can be disabled with `set_option linter.unnecessarySimpa false`
warning: M5Checkpoint90.lean:204:6: try 'simp' instead of 'simpa'

Note: This linter can be disabled with `set_option linter.unnecessarySimpa false`
warning: M5Checkpoint90.lean:178:2: Unused tactic linter: `change
  ∀ (S : Finset M5.BinaryPolynomial) (bad : M5.BinaryPolynomial → Bool),
    M5.FiniteExclusion.exclusionSum S bad = if ∀ p ∈ S, bad p = false then 1 else 0` does nothing

Note: This linter can be disabled with `set_option linter.unusedTactic false`
warning: M5Checkpoint90.lean:207:2: Unused tactic linter: `change ∀ F H A : M5.BinaryPolynomial, F ≠ 0 → F ∣ A → (F * H ∣ A ↔ H ∣ A / F)` does nothing

Note: This linter can be disabled with `set_option linter.unusedTactic false`
warning: M5Checkpoint90.lean:220:2: Unused tactic linter: `change
  ∀ p q : M5.BinaryPolynomial, p.Monic → q.Monic → Irreducible p → Irreducible q → p ≠ q → IsCoprime p q` does nothing

Note: This linter can be disabled with `set_option linter.unusedTactic false`
warning: M5Checkpoint90.lean:233:2: Unused tactic linter: `change
  ∀ (S : Finset M5.BinaryPolynomial) (A : M5.BinaryPolynomial),
    (∀ p ∈ S, p.Monic ∧ Irreducible p) → ((∏ p ∈ S, p) ∣ A ↔ ∀ p ∈ S, p ∣ A)` does nothing

Note: This linter can be disabled with `set_option linter.unusedTactic false`
warning: M5Checkpoint90.lean:246:2: Unused tactic linter: `change
  ∀ (S : Finset M5.BinaryPolynomial) (F : M5.BinaryPolynomial) (N : ℕ),
    0 < N →
      F.Monic →
        F ∣ M5.cyclicModulus N →
          S ⊆ M5.FactorProduct.residualFactors (M5.cyclicModulus N) F →
            F * (∏ p ∈ S, p) ∣ M5.cyclicModulus N` does nothing

Note: This linter can be disabled with `set_option linter.unusedTactic false`
warning: M5Checkpoint90.lean:264:2: Unused tactic linter: `change
  ∀ (S : Finset M5.BinaryPolynomial) (F A : M5.BinaryPolynomial),
    F ≠ 0 → F ∣ A → (∀ p ∈ S, p.Monic ∧ Irreducible p) → (F * (∏ p ∈ S, p) ∣ A ↔ ∀ p ∈ S, F * p ∣ A)` does nothing

Note: This linter can be disabled with `set_option linter.unusedTactic false`
info: M5Checkpoint90.lean:274:0: 'M5.cutoff_gt_period' depends on axioms: [propext, Quot.sound]
info: M5Checkpoint90.lean:275:0: 'M5.packed_range' depends on axioms: [propext]
info: M5Checkpoint90.lean:276:0: 'M5.packed_residue' depends on axioms: [propext]
info: M5Checkpoint90.lean:277:0: 'M5.progression_period' depends on axioms: [propext]
info: M5Checkpoint90.lean:278:0: 'M5.recovery_inclusion_positive' does not depend on any axioms
info: M5Checkpoint90.lean:279:0: 'M5.repair_above_packing' does not depend on any axioms
info: M5Checkpoint90.lean:280:0: 'M5.source_below_birth_bound' depends on axioms: [propext]
info: M5Checkpoint90.lean:281:0: 'M5.packed_injective' depends on axioms: [propext, Classical.choice, Quot.sound]
info: M5Checkpoint90.lean:282:0: 'M5.repair_no_collision' depends on axioms: [propext]
info: M5Checkpoint90.lean:283:0: 'M5.Lift.bounded_progression' depends on axioms: [propext, Quot.sound]
info: M5Checkpoint90.lean:284:0: 'M5.Lift.cyclic_as_sub' depends on axioms: [propext, Classical.choice, Quot.sound]
info: M5Checkpoint90.lean:285:0: 'M5.Lift.bounded_source_order' depends on axioms: [propext, Quot.sound]
info: M5Checkpoint90.lean:286:0: 'M5.Lift.modulus_multiple' depends on axioms: [propext, Classical.choice, Quot.sound]
info: M5Checkpoint90.lean:287:0: 'M5.Lift.progression_difference' depends on axioms: [propext, Classical.choice, Quot.sound]
info: M5Checkpoint90.lean:288:0: 'M5.Lift.progression_congruence' depends on axioms: [propext, Classical.choice, Quot.sound]
info: M5Checkpoint90.lean:289:0: 'M5.Lift.common_divisors_lift' depends on axioms: [propext, Classical.choice, Quot.sound]
info: M5Checkpoint90.lean:290:0: 'M5.Lift.triple_divisors_lift' depends on axioms: [propext, Classical.choice, Quot.sound]
info: M5Checkpoint90.lean:291:0: 'M5.Period.cyclic_dvd_iff_root_pow' depends on axioms: [propext, Classical.choice, Quot.sound]
info: M5Checkpoint90.lean:292:0: 'M5.Period.quotient_finite' depends on axioms: [propext, Classical.choice, Quot.sound]
info: M5Checkpoint90.lean:293:0: 'M5.Period.root_is_unit' depends on axioms: [propext, Classical.choice, Quot.sound]
info: M5Checkpoint90.lean:294:0: 'M5.Period.period_law' depends on axioms: [propext, Classical.choice, Quot.sound]
info: M5Checkpoint90.lean:295:0: 'M5.Period.period_dvd_of_dvd' depends on axioms: [propext, Classical.choice, Quot.sound]
info: M5Checkpoint90.lean:296:0: 'M5.Period.period_one' depends on axioms: [propext, Classical.choice, Quot.sound]
info: M5Checkpoint90.lean:297:0: 'M5.Period.quotient_cardinality' depends on axioms: [propext, Classical.choice, Quot.sound]
info: M5Checkpoint90.lean:298:0: 'M5.Period.period_cardinality_bound' depends on axioms: [propext, Classical.choice, Quot.sound]
info: M5Checkpoint90.lean:299:0: 'M5.CRT.interval_representative' depends on axioms: [propext, Classical.choice, Quot.sound]
info: M5Checkpoint90.lean:300:0: 'M5.CRT.prime_crt_representative' depends on axioms: [propext, Classical.choice, Quot.sound]
info: M5Checkpoint90.lean:301:0: 'M5.CRT.safe_prime_residue' depends on axioms: [propext, Quot.sound]
info: M5Checkpoint90.lean:302:0: 'M5.CRT.residues_force_coprime' depends on axioms: [propext, Classical.choice, Quot.sound]
info: M5Checkpoint90.lean:303:0: 'M5.CRT.bounded_connectivity_repair' depends on axioms: [propext, Classical.choice, Quot.sound]
info: M5Checkpoint90.lean:304:0: 'M5.Packing.equal_residue_tag_strict' depends on axioms: [propext, Classical.choice, Quot.sound]
info: M5Checkpoint90.lean:305:0: 'M5.Packing.packed_support_anchor' depends on axioms: [propext, Classical.choice, Quot.sound]
info: M5Checkpoint90.lean:306:0: 'M5.Packing.packed_value_mod' depends on axioms: [propext, Classical.choice, Quot.sound]
info: M5Checkpoint90.lean:307:0: 'M5.Packing.tag_lt_weight' depends on axioms: [propext, Classical.choice, Quot.sound]
info: M5Checkpoint90.lean:308:0: 'M5.Packing.packed_support_range' depends on axioms: [propext, Classical.choice, Quot.sound]
info: M5Checkpoint90.lean:309:0: 'M5.Packing.packed_value_injective' depends on axioms: [propext, Classical.choice, Quot.sound]
info: M5Checkpoint90.lean:310:0: 'M5.Packing.packed_support_card' depends on axioms: [propext, Classical.choice, Quot.sound]
info: M5Checkpoint90.lean:311:0: 'M5.Character.bit_add' depends on axioms: [propext, Classical.choice, Quot.sound]
info: M5Checkpoint90.lean:312:0: 'M5.Character.bit_orthogonality' depends on axioms: [propext, Classical.choice, Quot.sound]
info: M5Checkpoint90.lean:313:0: 'M5.Character.character_add' depends on axioms: [propext, Classical.choice, Quot.sound]
info: M5Checkpoint90.lean:314:0: 'M5.Character.character_orthogonality' depends on axioms: [propext, Classical.choice, Quot.sound]
info: M5Checkpoint90.lean:315:0: 'M5.Character.finite_fibre_count' depends on axioms: [propext, Classical.choice, Quot.sound]
info: M5Checkpoint90.lean:316:0: 'M5.SupportPolynomial.packed_sum_image' depends on axioms: [propext, Classical.choice, Quot.sound]
info: M5Checkpoint90.lean:317:0: 'M5.SupportPolynomial.quotient_monomial_period' depends on axioms: [propext, Classical.choice, Quot.sound]
info: M5Checkpoint90.lean:318:0: 'M5.SupportPolynomial.support_coeff_zero' depends on axioms: [propext, Classical.choice, Quot.sound]
info: M5Checkpoint90.lean:319:0: 'M5.SupportPolynomial.support_degree_bound' depends on axioms: [propext, Classical.choice, Quot.sound]
info: M5Checkpoint90.lean:320:0: 'M5.SupportPolynomial.anchored_support_nonzero' depends on axioms: [propext, Classical.choice, Quot.sound]
info: M5Checkpoint90.lean:321:0: 'M5.SupportPolynomial.packed_polynomial_residue' depends on axioms: [propext, Classical.choice, Quot.sound]
info: M5Checkpoint90.lean:322:0: 'M5.Connectivity.divisor_moebius' depends on axioms: [propext, Classical.choice, Quot.sound]
info: M5Checkpoint90.lean:323:0: 'M5.Connectivity.support_gcd_dvd' depends on axioms: [propext, Classical.choice, Quot.sound]
info: M5Checkpoint90.lean:324:0: 'M5.Connectivity.support_divisor_filter' depends on axioms: [propext, Classical.choice, Quot.sound]
info: M5Checkpoint90.lean:325:0: 'M5.Connectivity.connected_indicator' depends on axioms: [propext, Classical.choice, Quot.sound]
info: M5Checkpoint90.lean:326:0: 'M5.RepairSupport.replacement_anchor' depends on axioms: [propext, Classical.choice, Quot.sound]
info: M5Checkpoint90.lean:327:0: 'M5.RepairSupport.replacement_card' depends on axioms: [propext, Classical.choice, Quot.sound]
info: M5Checkpoint90.lean:328:0: 'M5.RepairSupport.replacement_combined_gcd' depends on axioms: [propext, Classical.choice, Quot.sound]
info: M5Checkpoint90.lean:329:0: 'M5.RepairSupport.replacement_polynomial_residue' depends on axioms: [propext, Classical.choice, Quot.sound]
info: M5Checkpoint90.lean:330:0: 'M5.RepairSupport.replacement_range' depends on axioms: [propext, Classical.choice, Quot.sound]
info: M5Checkpoint90.lean:331:0: 'M5.RepairSupport.replacement_connected' depends on axioms: [propext, Classical.choice, Quot.sound]
info: M5Checkpoint90.lean:332:0: 'M5.Binomial.negative_coeff' depends on axioms: [propext, Classical.choice, Quot.sound]
info: M5Checkpoint90.lean:333:0: 'M5.Binomial.signed_product_split' depends on axioms: [propext, Classical.choice, Quot.sound]
info: M5Checkpoint90.lean:334:0: 'M5.Binomial.binomial_convolution' depends on axioms: [propext, Classical.choice, Quot.sound]
info: M5Checkpoint90.lean:335:0: 'M5.Binomial.signed_coefficient_eval' depends on axioms: [propext, Classical.choice, Quot.sound]
info: M5Checkpoint90.lean:336:0: 'M5.Signature.binary_monic' depends on axioms: [propext, Classical.choice, Quot.sound]
info: M5Checkpoint90.lean:337:0: 'M5.Signature.divisor_constant_one' depends on axioms: [propext, Classical.choice, Quot.sound]
info: M5Checkpoint90.lean:338:0: 'M5.Signature.binary_dvd_antisymm' depends on axioms: [propext, Classical.choice, Quot.sound]
info: M5Checkpoint90.lean:339:0: 'M5.Signature.ordinary_gcd_properties' depends on axioms: [propext, Classical.choice, Quot.sound]
info: M5Checkpoint90.lean:340:0: 'M5.Signature.exact_signature_lift' depends on axioms: [propext, Classical.choice, Quot.sound]
info: M5Checkpoint90.lean:341:0: 'M5.Signature.ordinary_gcd_period_bound' depends on axioms: [propext, Classical.choice, Quot.sound]
info: M5Checkpoint90.lean:342:0: 'M5.QuotientCharacter.character_add' depends on axioms: [propext, Classical.choice, Quot.sound]
info: M5Checkpoint90.lean:343:0: 'M5.QuotientCharacter.coordinates_zero_iff' depends on axioms: [propext, Classical.choice, Quot.sound]
info: M5Checkpoint90.lean:344:0: 'M5.QuotientCharacter.finite_fibre_count' depends on axioms: [propext, Classical.choice, Quot.sound]
info: M5Checkpoint90.lean:345:0: 'M5.QuotientCharacter.character_orthogonality' depends on axioms: [propext, Classical.choice, Quot.sound]
info: M5Checkpoint90.lean:346:0: 'M5.SubsetCharacter.value_zero' depends on axioms: [propext, Classical.choice, Quot.sound]
info: M5Checkpoint90.lean:347:0: 'M5.SubsetCharacter.character_subset_sum' depends on axioms: [propext, Classical.choice, Quot.sound]
info: M5Checkpoint90.lean:348:0: 'M5.SubsetCharacter.signed_product_expansion' depends on axioms: [propext, Classical.choice, Quot.sound]
info: M5Checkpoint90.lean:349:0: 'M5.SubsetCharacter.signed_product_coefficient' depends on axioms: [propext, Classical.choice, Quot.sound]
info: M5Checkpoint90.lean:350:0: 'M5.SubsetCharacter.subset_character_count' depends on axioms: [propext, Classical.choice, Quot.sound]
info: M5Checkpoint90.lean:351:0: 'M5.TupleCharacter.tuple_character_count' depends on axioms: [propext, Classical.choice, Quot.sound]
info: M5Checkpoint90.lean:352:0: 'M5.TupleCharacter.value_zero' depends on axioms: [propext, Classical.choice, Quot.sound]
info: M5Checkpoint90.lean:353:0: 'M5.TupleCharacter.character_tuple_sum' depends on axioms: [propext, Classical.choice, Quot.sound]
info: M5Checkpoint90.lean:354:0: 'M5.TupleCharacter.tuple_character_power' depends on axioms: [propext, Classical.choice, Quot.sound]
info: M5Checkpoint90.lean:355:0: 'M5.TupleCharacter.ordered_tuple_power_count' depends on axioms: [propext, Classical.choice, Quot.sound]
info: M5Checkpoint90.lean:356:0: 'M5.FiniteExclusion.alternating_subsets' depends on axioms: [propext, Classical.choice, Quot.sound]
info: M5Checkpoint90.lean:357:0: 'M5.FiniteExclusion.filtered_powerset' depends on axioms: [propext, Classical.choice, Quot.sound]
info: M5Checkpoint90.lean:358:0: 'M5.FiniteExclusion.exclusion_indicator' depends on axioms: [propext, Classical.choice, Quot.sound]
info: M5Checkpoint90.lean:359:0: 'M5.FactorProduct.common_factor_dvd' depends on axioms: [propext, Classical.choice, Quot.sound]
info: M5Checkpoint90.lean:360:0: 'M5.FactorProduct.distinct_irreducibles_coprime' depends on axioms: [propext, Classical.choice, Quot.sound]
info: M5Checkpoint90.lean:361:0: 'M5.FactorProduct.irreducible_product_dvd' depends on axioms: [propext, Classical.choice, Quot.sound]
info: M5Checkpoint90.lean:362:0: 'M5.FactorProduct.cyclic_cap' depends on axioms: [propext, Classical.choice, Quot.sound]
info: M5Checkpoint90.lean:363:0: 'M5.FactorProduct.product_event_iff' depends on axioms: [propext, Classical.choice, Quot.sound]
✔ [8777/8817] Built M6ActualTransfer (23s)
✔ [8778/8817] Built M7ActualOrbit (21s)
ℹ [8779/8817] Built M7AffinePolynomialAccepted (21s)
info: M7AffinePolynomialAccepted.lean:65:0: 'M7.AffinePolynomial.rho_add_val' depends on axioms: [propext, Classical.choice, Quot.sound]
info: M7AffinePolynomialAccepted.lean:66:0: 'M7.AffinePolynomial.rho_mul_val' depends on axioms: [propext, Classical.choice, Quot.sound]
info: M7AffinePolynomialAccepted.lean:67:0: 'M7.AffinePolynomial.rho_power_unit' depends on axioms: [propext, Classical.choice, Quot.sound]
info: M7AffinePolynomialAccepted.lean:68:0: 'M7.AffinePolynomial.support_sum' depends on axioms: [propext, Classical.choice, Quot.sound]
info: M7AffinePolynomialAccepted.lean:69:0: 'M7.AffinePolynomial.substitution_support_sum' depends on axioms: [propext, Classical.choice, Quot.sound]
info: M7AffinePolynomialAccepted.lean:70:0: 'M7.AffinePolynomial.image_affine' depends on axioms: [propext, Classical.choice, Quot.sound]
info: M7AffinePolynomialAccepted.lean:71:0: 'M7.AffinePolynomial.action_images' depends on axioms: [propext, Classical.choice, Quot.sound]
✔ [8780/8817] Built M7CanonicalOuter (21s)
✔ [8781/8817] Built M5PolynomialIndicator (3.6s)
✔ [8782/8817] Built M5ArithmeticSubset (4.0s)
⚠ [8783/8817] Built M5PolynomialIndicatorAccepted (7.2s)
warning: M5PolynomialIndicatorAccepted.lean:57:8: `if_neg` has been deprecated: Use `ite_eq_right` instead
⚠ [8784/8817] Built M5ArithmeticSubsetAccepted (7.2s)
warning: M5ArithmeticSubsetAccepted.lean:13:47: This simp argument is unused:
  Finset.sum_apply

Hint: Omit it from the simp argument list.
  [apply] simp [M5.SupportPolynomial.ofSupport, M5.SubsetCharacter.vectorSum, M5.QuotientCharacter.coordinates, map_sum]

Note: This linter can be disabled with `set_option linter.unusedSimpArgs false`
warning: M5ArithmeticSubsetAccepted.lean:33:6: Unused tactic linter: `apply M5.SubsetCount.subset_character_count` does nothing

Note: This linter can be disabled with `set_option linter.unusedTactic false`
warning: M5ArithmeticSubsetAccepted.lean:34:6: Unused tactic linter: `apply M5.subset_character_count` does nothing

Note: This linter can be disabled with `set_option linter.unusedTactic false`
warning: M5ArithmeticSubsetAccepted.lean:33:6: this tactic is never executed

Note: This linter can be disabled with `set_option linter.unreachableTactic false`
warning: M5ArithmeticSubsetAccepted.lean:34:6: this tactic is never executed

Note: This linter can be disabled with `set_option linter.unreachableTactic false`
✔ [8785/8817] Built M6FinalDomain (15s)
✔ [8786/8817] Built M7ActualFactorized (14s)
✔ [8787/8817] Built M5AnchoredCount (6.8s)
✔ [8788/8817] Built M5CompletionBlock (7.2s)
⚠ [8789/8817] Built M7ActualOrbitAccepted (17s)
warning: M7ActualOrbitAccepted.lean:70:61: Used `tac1 <;> tac2` where `(tac1; tac2)` would suffice

Note: This linter can be disabled with `set_option linter.unnecessarySeqFocus false`
warning: M7ActualOrbitAccepted.lean:75:61: Used `tac1 <;> tac2` where `(tac1; tac2)` would suffice

Note: This linter can be disabled with `set_option linter.unnecessarySeqFocus false`
warning: M7ActualOrbitAccepted.lean:80:79: Used `tac1 <;> tac2` where `(tac1; tac2)` would suffice

Note: This linter can be disabled with `set_option linter.unnecessarySeqFocus false`
warning: M7ActualOrbitAccepted.lean:115:61: Used `tac1 <;> tac2` where `(tac1; tac2)` would suffice

Note: This linter can be disabled with `set_option linter.unnecessarySeqFocus false`
info: M7ActualOrbitAccepted.lean:118:0: 'M7.ActualOrbit.action_partition' depends on axioms: [propext, Classical.choice, Quot.sound]
info: M7ActualOrbitAccepted.lean:119:0: 'M7.ActualOrbit.count_product' depends on axioms: [propext, Classical.choice, Quot.sound]
info: M7ActualOrbitAccepted.lean:120:0: 'M7.ActualOrbit.distinct_partition' depends on axioms: [propext, Classical.choice, Quot.sound]
info: M7ActualOrbitAccepted.lean:121:0: 'M7.ActualOrbit.exact_division' depends on axioms: [propext, Classical.choice, Quot.sound]
info: M7ActualOrbitAccepted.lean:122:0: 'M7.ActualOrbit.fiber_count' depends on axioms: [propext, Classical.choice, Quot.sound]
info: M7ActualOrbitAccepted.lean:123:0: 'M7.ActualOrbit.stabilizer_positive' depends on axioms: [propext, Classical.choice, Quot.sound]
⚠ [8790/8817] Built M7CanonicalOuterAccepted (17s)
warning: M7CanonicalOuterAccepted.lean:42:32: This simp argument is unused:
  Function.comp_def

Hint: Omit it from the simp argument list.
  [apply] simp [M7.Action.affine]

Note: This linter can be disabled with `set_option linter.unusedSimpArgs false`
warning: M7CanonicalOuterAccepted.lean:98:11: `dif_pos` has been deprecated: Use `dite_eq_left` instead
warning: M7CanonicalOuterAccepted.lean:167:8: `dif_pos` has been deprecated: Use `dite_eq_left` instead
warning: M7CanonicalOuterAccepted.lean:181:40: `dif_pos` has been deprecated: Use `dite_eq_left` instead
warning: M7CanonicalOuterAccepted.lean:205:8: `dif_pos` has been deprecated: Use `dite_eq_left` instead
info: M7CanonicalOuterAccepted.lean:233:0: 'M7.CanonicalOuter.canonical_anchored' depends on axioms: [propext, Classical.choice, Quot.sound]
info: M7CanonicalOuterAccepted.lean:234:0: 'M7.CanonicalOuter.canonical_cards' depends on axioms: [propext, Classical.choice, Quot.sound]
info: M7CanonicalOuterAccepted.lean:235:0: 'M7.CanonicalOuter.normalize_act_shifts' depends on axioms: [propext, Classical.choice, Quot.sound]
info: M7CanonicalOuterAccepted.lean:236:0: 'M7.CanonicalOuter.pair_key_injective' depends on axioms: [propext, Classical.choice, Quot.sound]
info: M7CanonicalOuterAccepted.lean:237:0: 'M7.CanonicalOuter.realizer_correct' depends on axioms: [propext, Classical.choice, Quot.sound]
info: M7CanonicalOuterAccepted.lean:238:0: 'M7.CanonicalOuter.realizer_inverse' depends on axioms: [propext, Classical.choice, Quot.sound]
info: M7CanonicalOuterAccepted.lean:239:0: 'M7.CanonicalOuter.unit_index' depends on axioms: [propext, Classical.choice, Quot.sound]
info: M7CanonicalOuterAccepted.lean:240:0: 'M7.CanonicalOuter.indices_nonempty' depends on axioms: [propext, Classical.choice, Quot.sound]
info: M7CanonicalOuterAccepted.lean:241:0: 'M7.CanonicalOuter.choices_nonempty' depends on axioms: [propext, Classical.choice, Quot.sound]
info: M7CanonicalOuterAccepted.lean:242:0: 'M7.CanonicalOuter.canonical_key_agrees' depends on axioms: [propext, Classical.choice, Quot.sound]
info: M7CanonicalOuterAccepted.lean:243:0: 'M7.CanonicalOuter.canonical_minimal' depends on axioms: [propext, Classical.choice, Quot.sound]
info: M7CanonicalOuterAccepted.lean:244:0: 'M7.CanonicalOuter.chosen_outer_member' depends on axioms: [propext, Classical.choice, Quot.sound]
info: M7CanonicalOuterAccepted.lean:245:0: 'M7.CanonicalOuter.canonical_key_member' depends on axioms: [propext, Classical.choice, Quot.sound]
info: M7CanonicalOuterAccepted.lean:246:0: 'M7.CanonicalOuter.keyset_all_records' depends on axioms: [propext, Classical.choice, Quot.sound]
info: M7CanonicalOuterAccepted.lean:247:0: 'M7.CanonicalOuter.keyset_action' depends on axioms: [propext, Classical.choice, Quot.sound]
info: M7CanonicalOuterAccepted.lean:248:0: 'M7.CanonicalOuter.canonical_invariant' depends on axioms: [propext, Classical.choice, Quot.sound]
info: M7CanonicalOuterAccepted.lean:249:0: 'M7.CanonicalOuter.orbit_complete' depends on axioms: [propext, Classical.choice, Quot.sound]
⚠ [8791/8817] Built M5OrderCountAcceptedDependencies (4.8s)
warning: M5OrderCountAcceptedDependencies.lean:5:2: Unused tactic linter: `change
  ∀ U : Finset ℕ,
    0 ∉ U → M5.SupportPolynomial.ofSupport (insert 0 U) = 1 + M5.SupportPolynomial.ofSupport U` does nothing

Note: This linter can be disabled with `set_option linter.unusedTactic false`
warning: M5OrderCountAcceptedDependencies.lean:10:2: Unused tactic linter: `change
  ∀ (P : M5.BinaryPolynomial) (U : Finset ℕ),
    0 ∉ U →
      (P ∣ M5.SupportPolynomial.ofSupport (insert 0 U) ↔
        AdjoinRoot.mk P (M5.SupportPolynomial.ofSupport U) = 1)` does nothing

Note: This linter can be disabled with `set_option linter.unusedTactic false`
warning: M5OrderCountAcceptedDependencies.lean:25:2: Unused tactic linter: `change
  ∀ (P : M5.BinaryPolynomial) (hP : P.Monic) (W : Finset ℕ) (k : ℕ),
    0 ∉ W → M5.ArithmeticSubset.n P hP W k 1 = (M5.AnchoredCount.count P W k : ℤ)` does nothing

Note: This linter can be disabled with `set_option linter.unusedTactic false`
⚠ [8792/8817] Built M5CompletionBlockAccepted (7.7s)
warning: M5CompletionBlockAccepted.lean:4:2: Unused tactic linter: `change
  ∀ A U : Finset ℕ,
    Disjoint A U →
      M5.SupportPolynomial.ofSupport (A ∪ U) =
        M5.SupportPolynomial.ofSupport A + M5.SupportPolynomial.ofSupport U` does nothing

Note: This linter can be disabled with `set_option linter.unusedTactic false`
warning: M5CompletionBlockAccepted.lean:10:2: Unused tactic linter: `change
  ∀ (P : M5.BinaryPolynomial) (A U : Finset ℕ),
    Disjoint A U →
      (P ∣ M5.SupportPolynomial.ofSupport (A ∪ U) ↔
        AdjoinRoot.mk P (M5.SupportPolynomial.ofSupport U) =
          AdjoinRoot.mk P (M5.SupportPolynomial.ofSupport A))` does nothing

Note: This linter can be disabled with `set_option linter.unusedTactic false`
warning: M5CompletionBlockAccepted.lean:29:2: Unused tactic linter: `change
  ∀ (P : M5.BinaryPolynomial) (hP : P.Monic) (A W : Finset ℕ) (k : ℕ),
    Disjoint A W →
      M5.ArithmeticSubset.n P hP W k (AdjoinRoot.mk P (M5.SupportPolynomial.ofSupport A)) =
        (M5.CompletionBlock.count P A W k : ℤ)` does nothing

Note: This linter can be disabled with `set_option linter.unusedTactic false`
✔ [8793/8817] Built M7Domain (14s)
✔ [8794/8817] Built M7RecipeSignature (16s)
✔ [8795/8817] Built M5ConditionalCount (7.2s)
✔ [8796/8817] Built M7OrbitResidual (14s)
✔ [8797/8817] Built M7ActualFactorizedReady (15s)
⚠ [8798/8817] Built M5ConditionalCountAccepted (15s)
warning: M5ConditionalCountAccepted.lean:50:44: `dif_pos` has been deprecated: Use `dite_eq_left` instead
warning: M5ConditionalCountAccepted.lean:54:52: This simp argument is unused:
  Nat.cast_one

Hint: Omit it from the simp argument list.
  [apply] simp only [Finset.card_eq_sum_ones, Nat.cast_sum, Finset.sum_filter]

Note: This linter can be disabled with `set_option linter.unusedSimpArgs false`
warning: M5ConditionalCountAccepted.lean:145:6: This simp argument is unused:
  not_lt_of_ge hAw

Hint: Omit it from the simp argument list.
  [apply] simp [M5.ConditionalCount.completionC, hAw, hBw, not_lt_of_ge hBw]

Note: This linter can be disabled with `set_option linter.unusedSimpArgs false`
warning: M5ConditionalCountAccepted.lean:145:24: This simp argument is unused:
  not_lt_of_ge hBw

Hint: Omit it from the simp argument list.
  [apply] simp [M5.ConditionalCount.completionC, hAw, hBw, not_lt_of_ge hAw]

Note: This linter can be disabled with `set_option linter.unusedSimpArgs false`
info: M5ConditionalCountAccepted.lean:185:0: 'M5.ConditionalCount.restricted_subset_domain' depends on axioms: [propext, Classical.choice, Quot.sound]
info: M5ConditionalCountAccepted.lean:186:0: 'M5.ConditionalCount.selected_divisor_indicator' depends on axioms: [propext, Classical.choice, Quot.sound]
info: M5ConditionalCountAccepted.lean:187:0: 'M5.ConditionalCount.two_block_completion_count' depends on axioms: [propext, Classical.choice, Quot.sound]
info: M5ConditionalCountAccepted.lean:188:0: 'M5.ConditionalCount.conditional_arithmetic_expansion' depends on axioms: [propext, Classical.choice, Quot.sound]
info: M5ConditionalCountAccepted.lean:189:0: 'M5.ConditionalCount.exact_completion_C' depends on axioms: [propext, Classical.choice, Quot.sound]
info: M5ConditionalCountAccepted.lean:190:0: 'M5.ConditionalCount.completion_nonnegative_and_exists' depends on axioms: [propext, Classical.choice, Quot.sound]
⚠ [8799/8817] Built M7DomainAccepted (20s)
warning: M7DomainAccepted.lean:49:57: This simp argument is unused:
  max_lt_iff

Hint: Omit it from the simp argument list.
  [apply] simp_all [M6.Final.Admissible, M6.ActualTransfer.span]

Note: This linter can be disabled with `set_option linter.unusedSimpArgs false`
warning: M7DomainAccepted.lean:68:12: This simp argument is unused:
  Polynomial.coeff_C_mul_X_pow

Hint: Omit it from the simp argument list.
  [apply] simp [hval, Ne.symm hval]

Note: This linter can be disabled with `set_option linter.unusedSimpArgs false`
warning: M7DomainAccepted.lean:68:42: This simp argument is unused:
  hval

Hint: Omit it from the simp argument list.
  [apply] simp [Polynomial.coeff_C_mul_X_pow, Ne.symm hval]

Note: This linter can be disabled with `set_option linter.unusedSimpArgs false`
warning: M7DomainAccepted.lean:77:10: This simp argument is unused:
  Polynomial.coeff_C_mul_X_pow

Hint: Omit it from the simp argument list.
  [apply] simp [hval, Ne.symm hval]

Note: This linter can be disabled with `set_option linter.unusedSimpArgs false`
warning: M7DomainAccepted.lean:77:40: This simp argument is unused:
  hval

Hint: Omit it from the simp argument list.
  [apply] simp [Polynomial.coeff_C_mul_X_pow, Ne.symm hval]

Note: This linter can be disabled with `set_option linter.unusedSimpArgs false`
info: M7DomainAccepted.lean:78:0: 'M7.Domain.coefficients_indicator' depends on axioms: [propext, Classical.choice, Quot.sound]
info: M7DomainAccepted.lean:79:0: 'M7.Domain.block_polynomial' depends on axioms: [propext, Classical.choice, Quot.sound]
info: M7DomainAccepted.lean:80:0: 'M7.Domain.shift_anchor' depends on axioms: [propext, Classical.choice, Quot.sound]
info: M7DomainAccepted.lean:81:0: 'M7.Domain.shift_card' depends on axioms: [propext, Classical.choice, Quot.sound]
info: M7DomainAccepted.lean:82:0: 'M7.Domain.support_gcd' depends on axioms: [propext, Classical.choice, Quot.sound]
info: M7DomainAccepted.lean:83:0: 'M7.Domain.admissible' depends on axioms: [propext, Classical.choice, Quot.sound]
✔ [8800/8817] Built M7CanonicalClasses (19s)
⚠ [8801/8817] Built M7ActualFactorizedAccepted (22s)
warning: M7ActualFactorizedAccepted.lean:58:4: this tactic is never executed

Note: This linter can be disabled with `set_option linter.unreachableTactic false`
warning: M7ActualFactorizedAccepted.lean:58:4: Unused tactic linter: `simp [M7.ActualFactorized.leftImage, M7.ActualFactorized.rightImage,
  M7.ActualFactorized.toRecord, M7.Action.act]` does nothing

Note: This linter can be disabled with `set_option linter.unusedTactic false`
warning: M7ActualFactorizedAccepted.lean:71:37: This simp argument is unused:
  M7.ActualFactorized.leftImage

Hint: Omit it from the simp argument list.
  [apply] simp [Prod.ext_iff, M7.Action.act, M7.ActualFactorized.rightImage]

Note: This linter can be disabled with `set_option linter.unusedSimpArgs false`
warning: M7ActualFactorizedAccepted.lean:71:68: This simp argument is unused:
  M7.ActualFactorized.rightImage

Hint: Omit it from the simp argument list.
  [apply] simp [Prod.ext_iff, M7.Action.act, M7.ActualFactorized.leftImage]

Note: This linter can be disabled with `set_option linter.unusedSimpArgs false`
info: M7ActualFactorizedAccepted.lean:84:0: 'M7.ActualFactorized.record_coordinates' depends on axioms: [propext, Quot.sound]
info: M7ActualFactorizedAccepted.lean:85:0: 'M7.ActualFactorized.numerator_record_count' depends on axioms: [propext, Classical.choice, Quot.sound]
info: M7ActualFactorizedAccepted.lean:86:0: 'M7.ActualFactorized.stabilizer_numerator' depends on axioms: [propext, Classical.choice, Quot.sound]
info: M7ActualFactorizedAccepted.lean:87:0: 'M7.ActualFactorized.positive_denominator' depends on axioms: [propext, Classical.choice, Quot.sound]
info: M7ActualFactorizedAccepted.lean:88:0: 'M7.ActualFactorized.translate_outer' depends on axioms: [propext, Classical.choice, Quot.sound]
info: M7ActualFactorizedAccepted.lean:89:0: 'M7.ActualFactorized.sector_compatibility' depends on axioms: [propext, Classical.choice, Quot.sound]
info: M7ActualFactorizedAccepted.lean:90:0: 'M7.ActualFactorized.numerator_action_count' depends on axioms: [propext, Classical.choice, Quot.sound]
info: M7ActualFactorizedAccepted.lean:91:0: 'M7.ActualFactorized.exact_orbit_quotient' depends on axioms: [propext, Classical.choice, Quot.sound]
✔ [8802/8817] Built M7PrefixSector (8.3s)
⚠ [8803/8817] Built M7OrbitResidualAccepted (23s)
warning: M7OrbitResidualAccepted.lean:57:2: Try this: 
  letI̵

The goal is a proposition, so `let` is preferred over `letI`.
The difference between `let` and `letI` is that `letI` inlines the value.
But this is not relevant for proofs because of proof irrelevance.

Note: This linter can be disabled with `set_option linter.style.haveILetI false`
info: M7OrbitResidualAccepted.lean:174:0: 'M7.OrbitResidual.covered_membership' depends on axioms: [propext, Classical.choice, Quot.sound]
info: M7OrbitResidualAccepted.lean:175:0: 'M7.OrbitResidual.insert_remaining' depends on axioms: [propext, Classical.choice, Quot.sound]
info: M7OrbitResidualAccepted.lean:176:0: 'M7.OrbitResidual.orbit_action' depends on axioms: [propext, Classical.choice, Quot.sound]
info: M7OrbitResidualAccepted.lean:177:0: 'M7.OrbitResidual.orbit_disjoint' depends on axioms: [propext, Classical.choice, Quot.sound]
info: M7OrbitResidualAccepted.lean:178:0: 'M7.OrbitResidual.fresh_separated' depends on axioms: [propext, Classical.choice, Quot.sound]
info: M7OrbitResidualAccepted.lean:179:0: 'M7.OrbitResidual.orbit_self' depends on axioms: [propext, Classical.choice, Quot.sound]
info: M7OrbitResidualAccepted.lean:180:0: 'M7.OrbitResidual.insert_strict' depends on axioms: [propext, Classical.choice, Quot.sound]
info: M7OrbitResidualAccepted.lean:181:0: 'M7.OrbitResidual.remaining_partition' depends on axioms: [propext, Classical.choice, Quot.sound]
info: M7OrbitResidualAccepted.lean:182:0: 'M7.OrbitResidual.sum_intersections' depends on axioms: [propext, Classical.choice, Quot.sound]
info: M7OrbitResidualAccepted.lean:183:0: 'M7.OrbitResidual.subtraction_card' depends on axioms: [propext, Classical.choice, Quot.sound]
info: M7OrbitResidualAccepted.lean:184:0: 'M7.OrbitResidual.nonnegative_positive' depends on axioms: [propext, Classical.choice, Quot.sound]
info: M7OrbitResidualAccepted.lean:185:0: 'M7.OrbitResidual.subtraction_partition' depends on axioms: [propext, Classical.choice, Quot.sound]
⚠ [8804/8817] Built M7PrefixSectorAccepted (13s)
warning: M7PrefixSectorAccepted.lean:32:2: Unused tactic linter: `change
  ∀ (N w : ℕ) (A B WA WB : Finset ℕ),
    M7.PrefixSector.count N w ∅ A B WA WB = 0 ∧ M7.PrefixSector.completions N w ∅ A B WA WB = ∅` does nothing

Note: This linter can be disabled with `set_option linter.unusedTactic false`
warning: M7PrefixSectorAccepted.lean:42:66: This simp argument is unused:
  hA

Hint: Omit it from the simp argument list.
  [apply] simp [M7.PrefixSector.count, M5.ConditionalCount.completionC, Nat.not_le_of_lt hA]

Note: This linter can be disabled with `set_option linter.unusedSimpArgs false`
warning: M7PrefixSectorAccepted.lean:43:66: This simp argument is unused:
  hB

Hint: Omit it from the simp argument list.
  [apply] simp [M7.PrefixSector.count, M5.ConditionalCount.completionC, Nat.not_le_of_lt hB]

Note: This linter can be disabled with `set_option linter.unusedSimpArgs false`
warning: M7PrefixSectorAccepted.lean:40:2: Unused tactic linter: `change M7.PrefixSector.count N w E A B WA WB = 0` does nothing

Note: This linter can be disabled with `set_option linter.unusedTactic false`
warning: M7PrefixSectorAccepted.lean:74:8: Unused tactic linter: `omega` does nothing

Note: This linter can be disabled with `set_option linter.unusedTactic false`
warning: M7PrefixSectorAccepted.lean:74:8: this tactic is never executed

Note: This linter can be disabled with `set_option linter.unreachableTactic false`
warning: M7PrefixSectorAccepted.lean:73:4: Used `tac1 <;> tac2` where `(tac1; tac2)` would suffice

Note: This linter can be disabled with `set_option linter.unnecessarySeqFocus false`
info: M7PrefixSectorAccepted.lean:86:0: 'M7.PrefixSector.completion_membership' depends on axioms: [propext, Classical.choice, Quot.sound]
info: M7PrefixSectorAccepted.lean:87:0: 'M7.PrefixSector.count_nonnegative' depends on axioms: [propext, Classical.choice, Quot.sound]
info: M7PrefixSectorAccepted.lean:88:0: 'M7.PrefixSector.disjoint_sector_sum' depends on axioms: [propext, Classical.choice, Quot.sound]
info: M7PrefixSectorAccepted.lean:89:0: 'M7.PrefixSector.disjoint_signatures' depends on axioms: [propext, Classical.choice, Quot.sound]
info: M7PrefixSectorAccepted.lean:90:0: 'M7.PrefixSector.empty_sector' depends on axioms: [propext, Classical.choice, Quot.sound]
info: M7PrefixSectorAccepted.lean:91:0: 'M7.PrefixSector.exact_sector_count' depends on axioms: [propext, Classical.choice, Quot.sound]
info: M7PrefixSectorAccepted.lean:92:0: 'M7.PrefixSector.leaf_zero_one' depends on axioms: [propext, Classical.choice, Quot.sound]
info: M7PrefixSectorAccepted.lean:93:0: 'M7.PrefixSector.overfull_zero' depends on axioms: [propext, Classical.choice, Quot.sound]
info: M7PrefixSectorAccepted.lean:94:0: 'M7.PrefixSector.positive_iff' depends on axioms: [propext, Classical.choice, Quot.sound]
✔ [8805/8817] Built M7Connectivity (19s)
✔ [8806/8817] Built M7RecipeSignatureReady (16s)
ℹ [8807/8817] Built M7CanonicalClassesAccepted (20s)
info: M7CanonicalClassesAccepted.lean:59:0: 'M7.CanonicalClasses.idempotent' depends on axioms: [propext, Classical.choice, Quot.sound]
info: M7CanonicalClassesAccepted.lean:60:0: 'M7.CanonicalClasses.insert_normalized' depends on axioms: [propext, Classical.choice, Quot.sound]
info: M7CanonicalClassesAccepted.lean:61:0: 'M7.CanonicalClasses.orbit_membership' depends on axioms: [propext, Classical.choice, Quot.sound]
info: M7CanonicalClassesAccepted.lean:62:0: 'M7.CanonicalClasses.coverage_iff' depends on axioms: [propext, Classical.choice, Quot.sound]
info: M7CanonicalClassesAccepted.lean:63:0: 'M7.CanonicalClasses.fresh_representative' depends on axioms: [propext, Classical.choice, Quot.sound]
info: M7CanonicalClassesAccepted.lean:64:0: 'M7.CanonicalClasses.normalized_separated' depends on axioms: [propext, Classical.choice, Quot.sound]
✔ [8808/8817] Built M7PrefixCompleted (7.7s)
⚠ [8809/8817] Built M7PrefixCompletedAccepted (15s)
warning: M7PrefixCompletedAccepted.lean:68:6: try 'simp' instead of 'simpa'

Note: This linter can be disabled with `set_option linter.unnecessarySimpa false`
warning: M7PrefixCompletedAccepted.lean:12:6: This simp argument is unused:
  Finset.mem_product

Hint: Omit it from the simp argument list.
  [apply] simp only [M5.ConditionalCount.validCompletions, Finset.mem_filter, Finset.mem_powersetCard, Prod.fst,
    Prod.snd] at hF

Note: This linter can be disabled with `set_option linter.unusedSimpArgs false`
warning: M7PrefixCompletedAccepted.lean:12:26: This simp argument is unused:
  Finset.mem_powersetCard

Hint: Omit it from the simp argument list.
  [apply] simp only [M5.ConditionalCount.validCompletions, Finset.mem_filter, Finset.mem_product, Prod.fst,
    Prod.snd] at hF

Note: This linter can be disabled with `set_option linter.unusedSimpArgs false`
warning: M7PrefixCompletedAccepted.lean:12:51: This simp argument is unused:
  Prod.fst

Hint: Omit it from the simp argument list.
  [apply] simp only [M5.ConditionalCount.validCompletions, Finset.mem_filter, Finset.mem_product,
    Finset.mem_powersetCard, Prod.snd] at hF

Note: This linter can be disabled with `set_option linter.unusedSimpArgs false`
warning: M7PrefixCompletedAccepted.lean:12:61: This simp argument is unused:
  Prod.snd

Hint: Omit it from the simp argument list.
  [apply] simp only [M5.ConditionalCount.validCompletions, Finset.mem_filter, Finset.mem_product,
    Finset.mem_powersetCard, Prod.fst] at hF

Note: This linter can be disabled with `set_option linter.unusedSimpArgs false`
warning: M7PrefixCompletedAccepted.lean:70:48: Variable name `w` is not explicitly referenced.

Hint: The binding can be removed (if unused) or named `_` (if used implicitly). Alternatively, prefix the name with `_` to silence this warning:
  [apply] _w

Note: This linter can be disabled with `set_option linter.unusedVariables false`
warning: M7PrefixCompletedAccepted.lean:70:56: Variable name `E` is not explicitly referenced.

Hint: The binding can be removed (if unused) or named `_` (if used implicitly). Alternatively, prefix the name with `_` to silence this warning:
  [apply] _E

Note: This linter can be disabled with `set_option linter.unusedVariables false`
warning: M7PrefixCompletedAccepted.lean:108:78: Used `tac1 <;> tac2` where `(tac1; tac2)` would suffice

Note: This linter can be disabled with `set_option linter.unnecessarySeqFocus false`
warning: M7PrefixCompletedAccepted.lean:112:49: Variable name `w` is not explicitly referenced.

Hint: The binding can be removed (if unused) or named `_` (if used implicitly). Alternatively, prefix the name with `_` to silence this warning:
  [apply] _w

Note: This linter can be disabled with `set_option linter.unusedVariables false`
warning: M7PrefixCompletedAccepted.lean:112:57: Variable name `E` is not explicitly referenced.

Hint: The binding can be removed (if unused) or named `_` (if used implicitly). Alternatively, prefix the name with `_` to silence this warning:
  [apply] _E

Note: This linter can be disabled with `set_option linter.unusedVariables false`
warning: M7PrefixCompletedAccepted.lean:152:6: This simp argument is unused:
  Finset.mem_product

Hint: Omit it from the simp argument list.
  [apply] simp only [M5.ConditionalCount.validCompletions, Finset.mem_filter, Finset.mem_powersetCard] at hx

Note: This linter can be disabled with `set_option linter.unusedSimpArgs false`
warning: M7PrefixCompletedAccepted.lean:152:26: This simp argument is unused:
  Finset.mem_powersetCard

Hint: Omit it from the simp argument list.
  [apply] simp only [M5.ConditionalCount.validCompletions, Finset.mem_filter, Finset.mem_product] at hx

Note: This linter can be disabled with `set_option linter.unusedSimpArgs false`
info: M7PrefixCompletedAccepted.lean:378:0: 'M7.PrefixCompleted.completed_membership' depends on axioms: [propext, Classical.choice, Quot.sound]
info: M7PrefixCompletedAccepted.lean:379:0: 'M7.PrefixCompleted.left_children' depends on axioms: [propext, Classical.choice, Quot.sound]
info: M7PrefixCompletedAccepted.lean:380:0: 'M7.PrefixCompleted.left_disjoint' depends on axioms: [propext, Classical.choice, Quot.sound]
info: M7PrefixCompletedAccepted.lean:381:0: 'M7.PrefixCompleted.left_sets' depends on axioms: [propext, Classical.choice, Quot.sound]
info: M7PrefixCompletedAccepted.lean:382:0: 'M7.PrefixCompleted.overfull_empty' depends on axioms: [propext, Classical.choice, Quot.sound]
info: M7PrefixCompletedAccepted.lean:383:0: 'M7.PrefixCompleted.right_children' depends on axioms: [propext, Classical.choice, Quot.sound]
info: M7PrefixCompletedAccepted.lean:384:0: 'M7.PrefixCompleted.right_disjoint' depends on axioms: [propext, Classical.choice, Quot.sound]
info: M7PrefixCompletedAccepted.lean:385:0: 'M7.PrefixCompleted.right_sets' depends on axioms: [propext, Classical.choice, Quot.sound]
info: M7PrefixCompletedAccepted.lean:386:0: 'M7.PrefixCompleted.union_injective' depends on axioms: [propext, Classical.choice, Quot.sound]
info: M7PrefixCompletedAccepted.lean:387:0: 'M7.PrefixCompleted.count_completed' depends on axioms: [propext, Classical.choice, Quot.sound]
info: M7PrefixCompletedAccepted.lean:388:0: 'M7.PrefixCompleted.left_count_split' depends on axioms: [propext, Classical.choice, Quot.sound]
info: M7PrefixCompletedAccepted.lean:389:0: 'M7.PrefixCompleted.right_count_split' depends on axioms: [propext, Classical.choice, Quot.sound]
⚠ [8810/8817] Built M7ConnectivityAccepted (26s)
warning: M7ConnectivityAccepted.lean:70:42: `Set.mem_setOf_eq` has been deprecated: Use `Set.mem_ofPred_eq` instead
warning: M7ConnectivityAccepted.lean:113:6: try 'simp' instead of 'simpa'

Note: This linter can be disabled with `set_option linter.unnecessarySimpa false`
info: M7ConnectivityAccepted.lean:257:0: 'M7.Connectivity.anchored_closure' depends on axioms: [propext, Classical.choice, Quot.sound]
info: M7ConnectivityAccepted.lean:258:0: 'M7.Connectivity.closure_equiv_top' depends on axioms: [propext, Classical.choice, Quot.sound]
info: M7ConnectivityAccepted.lean:259:0: 'M7.Connectivity.difference_affine' depends on axioms: [propext, Classical.choice, Quot.sound]
info: M7ConnectivityAccepted.lean:260:0: 'M7.Connectivity.connected_action' depends on axioms: [propext, Classical.choice, Quot.sound]
info: M7ConnectivityAccepted.lean:261:0: 'M7.Connectivity.difference_shift' depends on axioms: [propext, Classical.choice, Quot.sound]
info: M7ConnectivityAccepted.lean:262:0: 'M7.Connectivity.connected_shift' depends on axioms: [propext, Classical.choice, Quot.sound]
info: M7ConnectivityAccepted.lean:263:0: 'M7.Connectivity.gcd_mem' depends on axioms: [propext, Classical.choice, Quot.sound]
info: M7ConnectivityAccepted.lean:264:0: 'M7.Connectivity.nat_support_image' depends on axioms: [propext, Classical.choice, Quot.sound]
info: M7ConnectivityAccepted.lean:265:0: 'M7.Connectivity.scalar_mem' depends on axioms: [propext, Quot.sound]
info: M7ConnectivityAccepted.lean:266:0: 'M7.Connectivity.one_mem_top' depends on axioms: [propext, Classical.choice, Quot.sound]
info: M7ConnectivityAccepted.lean:267:0: 'M7.Connectivity.finite_generation_gcd' depends on axioms: [propext, Classical.choice, Quot.sound]
info: M7ConnectivityAccepted.lean:268:0: 'M7.Connectivity.anchored_gcd' depends on axioms: [propext, Classical.choice, Quot.sound]
info: M7ConnectivityAccepted.lean:269:0: 'M7.Connectivity.connected_admissible' depends on axioms: [propext, Classical.choice, Quot.sound]
info: M7ConnectivityAccepted.lean:270:0: 'M7.Connectivity.anchor_admissible' depends on axioms: [propext, Classical.choice, Quot.sound]
⚠ [8811/8817] Built M7RecipeSignatureAccepted (24s)
warning: M7RecipeSignatureAccepted.lean:15:10: This simp argument is unused:
  he

Hint: Omit it from the simp argument list.
  [apply] simp [Ideal.span_insert, Ideal.span_singleton_mul_left_unit, hu, hv, sup_comm]

Note: This linter can be disabled with `set_option linter.unusedSimpArgs false`
warning: M7RecipeSignatureAccepted.lean:25:6: this tactic is never executed

Note: This linter can be disabled with `set_option linter.unreachableTactic false`
warning: M7RecipeSignatureAccepted.lean:25:6: Unused tactic linter: `exact (M6.Cyclic.signature_divides _ _ _).2` does nothing

Note: This linter can be disabled with `set_option linter.unusedTactic false`
info: M7RecipeSignatureAccepted.lean:98:0: 'M7.RecipeSignature.pair_ideal_action' depends on axioms: [propext, Classical.choice, Quot.sound]
info: M7RecipeSignatureAccepted.lean:99:0: 'M7.RecipeSignature.signature_properties' depends on axioms: [propext, Classical.choice, Quot.sound]
info: M7RecipeSignatureAccepted.lean:100:0: 'M7.RecipeSignature.action_signature' depends on axioms: [propext, Classical.choice, Quot.sound]
info: M7RecipeSignatureAccepted.lean:101:0: 'M7.RecipeSignature.outer_source_signature' depends on axioms: [propext, Classical.choice, Quot.sound]
info: M7RecipeSignatureAccepted.lean:102:0: 'M7.RecipeSignature.sector_meets_iff' depends on axioms: [propext, Classical.choice, Quot.sound]
info: M7RecipeSignatureAccepted.lean:103:0: 'M7.RecipeSignature.tau_degree' depends on axioms: [propext, Classical.choice, Quot.sound]
info: M7RecipeSignatureAccepted.lean:104:0: 'M7.RecipeSignature.action_signature_degree' depends on axioms: [propext, Classical.choice, Quot.sound]
info: M7RecipeSignatureAccepted.lean:105:0: 'M7.RecipeSignature.translation_invariant' depends on axioms: [propext, Classical.choice, Quot.sound]
info: M7RecipeSignatureAccepted.lean:106:0: 'M7.RecipeSignature.source_orbit_quotient' depends on axioms: [propext, Classical.choice, Quot.sound]
✔ [8812/8817] Built M7PrefixBits (7.5s)
✔ [8813/8817] Built M7ResiduePrefix (10s)
⚠ [8814/8817] Built M7ResiduePrefixAccepted (8.1s)
warning: M7ResiduePrefixAccepted.lean:49:24: Used `tac1 <;> tac2` where `(tac1; tac2)` would suffice

Note: This linter can be disabled with `set_option linter.unnecessarySeqFocus false`
warning: M7ResiduePrefixAccepted.lean:81:28: This simp argument is unused:
  ZMod.natCast_zmod_val

Hint: Omit it from the simp argument list.
  [apply] simp [Finset.image_image]

Note: This linter can be disabled with `set_option linter.unusedSimpArgs false`
info: M7ResiduePrefixAccepted.lean:143:0: 'M7.ResiduePrefix.completed_bounds' depends on axioms: [propext, Classical.choice, Quot.sound]
info: M7ResiduePrefixAccepted.lean:144:0: 'M7.ResiduePrefix.encode_card' depends on axioms: [propext, Classical.choice, Quot.sound]
info: M7ResiduePrefixAccepted.lean:145:0: 'M7.ResiduePrefix.gcd_union' depends on axioms: [propext, Classical.choice, Quot.sound]
info: M7ResiduePrefixAccepted.lean:146:0: 'M7.ResiduePrefix.nat_roundtrip' depends on axioms: [propext, Classical.choice, Quot.sound]
info: M7ResiduePrefixAccepted.lean:147:0: 'M7.ResiduePrefix.decode_injective' depends on axioms: [propext, Classical.choice, Quot.sound]
info: M7ResiduePrefixAccepted.lean:148:0: 'M7.ResiduePrefix.count_completed' depends on axioms: [propext, Classical.choice, Quot.sound]
info: M7ResiduePrefixAccepted.lean:149:0: 'M7.ResiduePrefix.polynomial_bridge' depends on axioms: [propext, Classical.choice, Quot.sound]
info: M7ResiduePrefixAccepted.lean:150:0: 'M7.ResiduePrefix.residue_roundtrip' depends on axioms: [propext, Classical.choice, Quot.sound]
info: M7ResiduePrefixAccepted.lean:151:0: 'M7.ResiduePrefix.completed_membership' depends on axioms: [propext, Classical.choice, Quot.sound]
info: M7ResiduePrefixAccepted.lean:152:0: 'M7.ResiduePrefix.signature_bridge' depends on axioms: [propext, Classical.choice, Quot.sound]
✔ [8815/8817] Built M7PrefixOrbit (11s)
✔ [8816/8817] Built M7RawCoverage (10s)
Build completed successfully (8817 jobs).
