Traceback (most recent call last):
  File "/home/jing/science-mango-quantum-harness-publish-20260914/pipelines/quantum_formalize/examples/m8/whole_resources/preflight.py", line 9, in <module>
    r=subprocess.run(['/home/jing/.elan/bin/lake',*cmd],cwd=P,capture_output=True,text=True,timeout=1200);(H/log).write_text(r.stdout+r.stderr);assert r.returncode==0,r.stdout+r.stderr
                                                                                                                                                       ^^^^^^^^^^^^^^^
AssertionError: ⚠ [3007/3013] Replayed M6CyclicAccepted
warning: M6CyclicAccepted.lean:14:2: Unused tactic linter: `change ∀ F K h : M6.Cyclic.BinaryPolynomial, F ≠ 0 → (F * K ∣ F * h ↔ K ∣ h)` does nothing

Note: This linter can be disabled with `set_option linter.unusedTactic false`
warning: M6CyclicAccepted.lean:30:4: this tactic is never executed

Note: This linter can be disabled with `set_option linter.unreachableTactic false`
warning: M6CyclicAccepted.lean:31:4: this tactic is never executed

Note: This linter can be disabled with `set_option linter.unreachableTactic false`
warning: M6CyclicAccepted.lean:32:4: this tactic is never executed

Note: This linter can be disabled with `set_option linter.unreachableTactic false`
warning: M6CyclicAccepted.lean:23:4: Unused tactic linter: `change
  ∃ p q r, EuclideanDomain.gcd (EuclideanDomain.gcd a b) M = p * a + q * b + r * M` does nothing

Note: This linter can be disabled with `set_option linter.unusedTactic false`
warning: M6CyclicAccepted.lean:30:4: Unused tactic linter: `change
  ∃ p q r, EuclideanDomain.gcd a (EuclideanDomain.gcd b M) = p * a + q * b + r * M` does nothing

Note: This linter can be disabled with `set_option linter.unusedTactic false`
warning: M6CyclicAccepted.lean:31:4: Unused tactic linter: `refine
  ⟨EuclideanDomain.gcdA a (EuclideanDomain.gcd b M),
    EuclideanDomain.gcdB a (EuclideanDomain.gcd b M) * EuclideanDomain.gcdA b M,
    EuclideanDomain.gcdB a (EuclideanDomain.gcd b M) * EuclideanDomain.gcdB b M, ?_⟩` does nothing

Note: This linter can be disabled with `set_option linter.unusedTactic false`
warning: M6CyclicAccepted.lean:32:4: Unused tactic linter: `calc
  _ =
      a * EuclideanDomain.gcdA a (EuclideanDomain.gcd b M) +
        (EuclideanDomain.gcd b M) * EuclideanDomain.gcdB a (EuclideanDomain.gcd b M) :=
    EuclideanDomain.gcd_eq_gcd_ab _ _
  _ = _ := by
    rw [EuclideanDomain.gcd_eq_gcd_ab b M]
    ring` does nothing

Note: This linter can be disabled with `set_option linter.unusedTactic false`
warning: M6CyclicAccepted.lean:39:2: Unused tactic linter: `change
  ∀ a b M : M6.Cyclic.BinaryPolynomial,
    M6.Cyclic.signature a b M ∣ a ∧ M6.Cyclic.signature a b M ∣ b ∧ M6.Cyclic.signature a b M ∣ M` does nothing

Note: This linter can be disabled with `set_option linter.unusedTactic false`
warning: M6CyclicAccepted.lean:45:2: Unused tactic linter: `change
  ∀ a b M h : M6.Cyclic.BinaryPolynomial, (M ∣ a * h ∧ M ∣ b * h) ↔ M ∣ M6.Cyclic.signature a b M * h` does nothing

Note: This linter can be disabled with `set_option linter.unusedTactic false`
warning: M6CyclicAccepted.lean:75:99: This simp argument is unused:
  and_comm

Hint: Omit it from the simp argument list.
  [apply] simp only [M6.Cyclic.boundary, M6.Cyclic.image, Prod.mk.injEq, ← map_mul, AdjoinRoot.mk_eq_zero]

Note: This linter can be disabled with `set_option linter.unusedSimpArgs false`
warning: M6CyclicAccepted.lean:72:2: Unused tactic linter: `change
  ∀ (N : ℕ) (a b h : M6.Cyclic.BinaryPolynomial),
    M6.Cyclic.boundary N a b (M6.Cyclic.image N h) = (0, 0) ↔
      M6.Cyclic.modulus N ∣ M6.Cyclic.signature a b (M6.Cyclic.modulus N) * h` does nothing

Note: This linter can be disabled with `set_option linter.unusedTactic false`
info: M6CyclicAccepted.lean:76:0: 'M6.Cyclic.boundary_is_cycle' depends on axioms: [propext, Classical.choice, Quot.sound]
info: M6CyclicAccepted.lean:77:0: 'M6.Cyclic.kernel_cancellation' depends on axioms: [propext, Classical.choice, Quot.sound]
info: M6CyclicAccepted.lean:78:0: 'M6.Cyclic.signature_bezout' depends on axioms: [propext, Classical.choice, Quot.sound]
info: M6CyclicAccepted.lean:79:0: 'M6.Cyclic.signature_divides' depends on axioms: [propext, Classical.choice, Quot.sound]
info: M6CyclicAccepted.lean:80:0: 'M6.Cyclic.kernel_divisibility' depends on axioms: [propext, Classical.choice, Quot.sound]
info: M6CyclicAccepted.lean:81:0: 'M6.Cyclic.boundary_kernel' depends on axioms: [propext, Classical.choice, Quot.sound]
⚠ [8713/8814] Replayed M6PhysicalAccepted
warning: M6PhysicalAccepted.lean:31:26: This simp argument is unused:
  neg_add

Hint: Omit it from the simp argument list.
  [apply] simp [sub_eq_add_neg, add_assoc, add_comm, add_left_comm, mul_assoc, mul_comm, mul_left_comm]

Note: This linter can be disabled with `set_option linter.unusedSimpArgs false`
warning: M6PhysicalAccepted.lean:31:56: This simp argument is unused:
  add_left_comm

Hint: Omit it from the simp argument list.
  [apply] simp [sub_eq_add_neg, neg_add, add_assoc, add_comm, mul_assoc, mul_comm, mul_left_comm]

Note: This linter can be disabled with `set_option linter.unusedSimpArgs false`
warning: M6PhysicalAccepted.lean:32:6: This simp argument is unused:
  mul_assoc

Hint: Omit it from the simp argument list.
  [apply] simp [sub_eq_add_neg, neg_add, add_assoc, add_comm, add_left_comm, mul_comm, mul_left_comm]

Note: This linter can be disabled with `set_option linter.unusedSimpArgs false`
warning: M6PhysicalAccepted.lean:78:2: Unused tactic linter: `change
  ∀ (N : ℕ) (a : M6.Physical.Block N), M6.Physical.rev N (M6.Physical.rev N a) = a` does nothing

Note: This linter can be disabled with `set_option linter.unusedTactic false`
warning: M6PhysicalAccepted.lean:98:2: Unused tactic linter: `change ∀ (N : ℕ) (z : M6.Physical.Word N), M6.Physical.J N (M6.Physical.J N z) = z` does nothing

Note: This linter can be disabled with `set_option linter.unusedTactic false`
warning: M6PhysicalAccepted.lean:121:4: This simp argument is unused:
  Prod.fst

Hint: Omit it from the simp argument list.
  [apply] simp only [M6.Physical.pairing, M6.Physical.J, M6.Physical.boundary, Prod.snd, M6.Physical.conv_adjoint]

Note: This linter can be disabled with `set_option linter.unusedSimpArgs false`
warning: M6PhysicalAccepted.lean:121:14: This simp argument is unused:
  Prod.snd

Hint: Omit it from the simp argument list.
  [apply] simp only [M6.Physical.pairing, M6.Physical.J, M6.Physical.boundary, Prod.fst, M6.Physical.conv_adjoint]

Note: This linter can be disabled with `set_option linter.unusedSimpArgs false`
info: M6PhysicalAccepted.lean:139:0: 'M6.Physical.conv_add' depends on axioms: [propext, Classical.choice, Quot.sound]
info: M6PhysicalAccepted.lean:140:0: 'M6.Physical.conv_adjoint' depends on axioms: [propext, Classical.choice, Quot.sound]
info: M6PhysicalAccepted.lean:141:0: 'M6.Physical.boundary_pairing' depends on axioms: [propext, Classical.choice, Quot.sound]
info: M6PhysicalAccepted.lean:142:0: 'M6.Physical.conv_assoc' depends on axioms: [propext, Classical.choice, Quot.sound]
info: M6PhysicalAccepted.lean:143:0: 'M6.Physical.conv_comm' depends on axioms: [propext, Classical.choice, Quot.sound]
info: M6PhysicalAccepted.lean:144:0: 'M6.Physical.boundary_cycle' depends on axioms: [propext, Classical.choice, Quot.sound]
info: M6PhysicalAccepted.lean:145:0: 'M6.Physical.dot_delta' depends on axioms: [propext, Classical.choice, Quot.sound]
info: M6PhysicalAccepted.lean:146:0: 'M6.Physical.rev_involution' depends on axioms: [propext, Quot.sound]
info: M6PhysicalAccepted.lean:147:0: 'M6.Physical.J_involution' depends on axioms: [propext, Quot.sound]
info: M6PhysicalAccepted.lean:148:0: 'M6.Physical.cycle_orthogonal' depends on axioms: [propext, Classical.choice, Quot.sound]
info: M6PhysicalAccepted.lean:149:0: 'M6.Physical.rev_weight' depends on axioms: [propext, Classical.choice, Quot.sound]
info: M6PhysicalAccepted.lean:150:0: 'M6.Physical.J_weight' depends on axioms: [propext, Classical.choice, Quot.sound]
⚠ [8718/8814] Replayed M6KernelFibersAccepted
warning: M6KernelFibersAccepted.lean:27:8: This simp argument is unused:
  Nat.card_fun

Hint: Omit it from the simp argument list.
  [apply] simp [Nat.card_eq_fintype_card, ZMod.card]

Note: This linter can be disabled with `set_option linter.unusedSimpArgs false`
warning: M6KernelFibersAccepted.lean:22:2: Unused tactic linter: `change
  ∀ (F : M6.KernelFibers.BP), F.Monic → Nat.card (AdjoinRoot F) = 2 ^ F.natDegree` does nothing

Note: This linter can be disabled with `set_option linter.unusedTactic false`
warning: M6KernelFibersAccepted.lean:38:2: Unused tactic linter: `change
  ∀ (F K : M6.KernelFibers.BP) (hF : F.Monic), K ≠ 0 → Function.Injective (M6.KernelFibers.embed F K hF)` does nothing

Note: This linter can be disabled with `set_option linter.unusedTactic false`
warning: M6KernelFibersAccepted.lean:55:2: Unused tactic linter: `change
  ∀ (F K : M6.KernelFibers.BP) (hF : F.Monic) (z : AdjoinRoot (F * K)),
    AdjoinRoot.mk (F * K) F * z = 0 → ∃ t : AdjoinRoot F, M6.KernelFibers.embed F K hF t = z` does nothing

Note: This linter can be disabled with `set_option linter.unusedTactic false`
warning: M6KernelFibersAccepted.lean:70:2: Unused tactic linter: `change
  ∀ (F K : M6.KernelFibers.BP),
    F.Monic → K ≠ 0 → Nat.card (M6.KernelFibers.annihilator F K) = 2 ^ F.natDegree` does nothing

Note: This linter can be disabled with `set_option linter.unusedTactic false`
info: M6KernelFibersAccepted.lean:90:0: 'M6.KernelFibers.embed_mk' depends on axioms: [propext, Classical.choice, Quot.sound]
info: M6KernelFibersAccepted.lean:91:0: 'M6.KernelFibers.embed_annihilated' depends on axioms: [propext, Classical.choice, Quot.sound]
info: M6KernelFibersAccepted.lean:92:0: 'M6.KernelFibers.embed_injective' depends on axioms: [propext, Classical.choice, Quot.sound]
info: M6KernelFibersAccepted.lean:93:0: 'M6.KernelFibers.embed_surjective_kernel' depends on axioms: [propext, Classical.choice, Quot.sound]
info: M6KernelFibersAccepted.lean:94:0: 'M6.KernelFibers.quotient_card' depends on axioms: [propext, Classical.choice, Quot.sound]
info: M6KernelFibersAccepted.lean:95:0: 'M6.KernelFibers.annihilator_card' depends on axioms: [propext, Classical.choice, Quot.sound]
⚠ [8726/8814] Replayed M7SupportsAccepted
warning: M7SupportsAccepted.lean:9:8: `if_pos` has been deprecated: Use `ite_eq_left` instead
warning: M7SupportsAccepted.lean:20:8: `if_neg` has been deprecated: Use `ite_eq_right` instead
warning: M7SupportsAccepted.lean:17:36: This simp argument is unused:
  hjn

Hint: Omit it from the simp argument list.
  [apply] simp [Polynomial.coeff_X_pow, Ne.symm hjn]

Note: This linter can be disabled with `set_option linter.unusedSimpArgs false`
warning: M7SupportsAccepted.lean:26:34: This simp argument is unused:
  hin

Hint: Omit it from the simp argument list.
  [apply] simp [Polynomial.coeff_X_pow, Ne.symm hin]

Note: This linter can be disabled with `set_option linter.unusedSimpArgs false`
warning: M7SupportsAccepted.lean:35:15: `if_pos` has been deprecated: Use `ite_eq_left` instead
warning: M7SupportsAccepted.lean:35:27: `if_pos` has been deprecated: Use `ite_eq_left` instead
warning: M7SupportsAccepted.lean:40:15: `if_neg` has been deprecated: Use `ite_eq_right` instead
warning: M7SupportsAccepted.lean:40:28: `if_neg` has been deprecated: Use `ite_eq_right` instead
info: M7SupportsAccepted.lean:82:0: 'M7.Supports.coefficient' depends on axioms: [propext, Classical.choice, Quot.sound]
info: M7SupportsAccepted.lean:83:0: 'M7.Supports.indicator_coefficient' depends on axioms: [propext, Classical.choice, Quot.sound]
info: M7SupportsAccepted.lean:84:0: 'M7.Supports.anchor' depends on axioms: [propext, Classical.choice, Quot.sound]
info: M7SupportsAccepted.lean:85:0: 'M7.Supports.support' depends on axioms: [propext, Classical.choice, Quot.sound]
info: M7SupportsAccepted.lean:86:0: 'M7.Supports.degree_lt' depends on axioms: [propext, Classical.choice, Quot.sound]
info: M7SupportsAccepted.lean:87:0: 'M7.Supports.support_card' depends on axioms: [propext, Classical.choice, Quot.sound]
ℹ [8728/8814] Replayed M7OrbitFibersAccepted
info: M7OrbitFibersAccepted.lean:153:0: 'M7.OrbitFibers.action_partition' depends on axioms: [propext, Classical.choice, Quot.sound]
info: M7OrbitFibersAccepted.lean:154:0: 'M7.OrbitFibers.fiber_equiv' depends on axioms: [propext, Classical.choice, Quot.sound]
info: M7OrbitFibersAccepted.lean:155:0: 'M7.OrbitFibers.fiber_count' depends on axioms: [propext, Classical.choice, Quot.sound]
info: M7OrbitFibersAccepted.lean:156:0: 'M7.OrbitFibers.action_count_product' depends on axioms: [propext, Classical.choice, Quot.sound]
info: M7OrbitFibersAccepted.lean:157:0: 'M7.OrbitFibers.orbit_partition' depends on axioms: [propext, Classical.choice, Quot.sound]
info: M7OrbitFibersAccepted.lean:158:0: 'M7.OrbitFibers.stabilizer_positive' depends on axioms: [propext, Classical.choice, Quot.sound]
info: M7OrbitFibersAccepted.lean:159:0: 'M7.OrbitFibers.orbit_count_div' depends on axioms: [propext, Classical.choice, Quot.sound]
ℹ [8731/8814] Replayed M7CyclicSubstitutionAccepted
info: M7CyclicSubstitutionAccepted.lean:71:0: 'M7.CyclicSubstitution.hom_polynomial' depends on axioms: [propext, Classical.choice, Quot.sound]
info: M7CyclicSubstitutionAccepted.lean:72:0: 'M7.CyclicSubstitution.hom_root' depends on axioms: [propext, Classical.choice, Quot.sound]
info: M7CyclicSubstitutionAccepted.lean:73:0: 'M7.CyclicSubstitution.root_power' depends on axioms: [propext, Classical.choice, Quot.sound]
info: M7CyclicSubstitutionAccepted.lean:74:0: 'M7.CyclicSubstitution.point_root' depends on axioms: [propext, Classical.choice, Quot.sound]
info: M7CyclicSubstitutionAccepted.lean:75:0: 'M7.CyclicSubstitution.power_mod' depends on axioms: [propext, Classical.choice, Quot.sound]
info: M7CyclicSubstitutionAccepted.lean:76:0: 'M7.CyclicSubstitution.point_mul' depends on axioms: [propext, Classical.choice, Quot.sound]
info: M7CyclicSubstitutionAccepted.lean:77:0: 'M7.CyclicSubstitution.point_one' depends on axioms: [propext, Classical.choice, Quot.sound]
info: M7CyclicSubstitutionAccepted.lean:78:0: 'M7.CyclicSubstitution.point_inverse' depends on axioms: [propext, Classical.choice, Quot.sound]
ℹ [8733/8814] Replayed M7QuotientAutoAccepted
info: M7QuotientAutoAccepted.lean:62:0: 'M7.QuotientAuto.polynomial_substitution' depends on axioms: [propext, Classical.choice, Quot.sound]
info: M7QuotientAutoAccepted.lean:63:0: 'M7.QuotientAuto.substitution_root' depends on axioms: [propext, Classical.choice, Quot.sound]
info: M7QuotientAutoAccepted.lean:64:0: 'M7.QuotientAuto.substitution_scalars' depends on axioms: [propext, Classical.choice, Quot.sound]
info: M7QuotientAutoAccepted.lean:65:0: 'M7.QuotientAuto.substitution_comp' depends on axioms: [propext, Classical.choice, Quot.sound]
info: M7QuotientAutoAccepted.lean:66:0: 'M7.QuotientAuto.substitution_one' depends on axioms: [propext, Classical.choice, Quot.sound]
info: M7QuotientAutoAccepted.lean:67:0: 'M7.QuotientAuto.substitution_left_inverse' depends on axioms: [propext, Classical.choice, Quot.sound]
info: M7QuotientAutoAccepted.lean:68:0: 'M7.QuotientAuto.substitution_right_inverse' depends on axioms: [propext, Classical.choice, Quot.sound]
info: M7QuotientAutoAccepted.lean:69:0: 'M7.QuotientAuto.substitution_bijective' depends on axioms: [propext, Classical.choice, Quot.sound]
ℹ [8735/8814] Replayed M7SignatureIdealAccepted
info: M7SignatureIdealAccepted.lean:102:0: 'M7.SignatureIdeal.modulus_zero' depends on axioms: [propext, Classical.choice, Quot.sound]
info: M7SignatureIdealAccepted.lean:103:0: 'M7.SignatureIdeal.full_signature_ideal' depends on axioms: [propext, Classical.choice, Quot.sound]
info: M7SignatureIdealAccepted.lean:104:0: 'M7.SignatureIdeal.principal_gcd' depends on axioms: [propext, Classical.choice, Quot.sound]
info: M7SignatureIdealAccepted.lean:105:0: 'M7.SignatureIdeal.quotient_membership' depends on axioms: [propext, Classical.choice, Quot.sound]
info: M7SignatureIdealAccepted.lean:106:0: 'M7.SignatureIdeal.monic_injective' depends on axioms: [propext, Classical.choice, Quot.sound]
⚠ [8737/8814] Replayed M7SignatureTauAccepted
warning: M7SignatureTauAccepted.lean:4:2: Unused tactic linter: `change ∀ F : M6.Cyclic.BinaryPolynomial, F ≠ 0 → F.Monic` does nothing

Note: This linter can be disabled with `set_option linter.unusedTactic false`
info: M7SignatureTauAccepted.lean:106:0: 'M7.SignatureTau.binary_monic' depends on axioms: [propext, Classical.choice, Quot.sound]
info: M7SignatureTauAccepted.lean:107:0: 'M7.SignatureTau.modulus_monic' depends on axioms: [propext, Classical.choice, Quot.sound]
info: M7SignatureTauAccepted.lean:108:0: 'M7.SignatureTau.gcd_canonical' depends on axioms: [propext, Classical.choice, Quot.sound]
info: M7SignatureTauAccepted.lean:109:0: 'M7.SignatureTau.reduced_image' depends on axioms: [propext, Classical.choice, Quot.sound]
info: M7SignatureTauAccepted.lean:110:0: 'M7.SignatureTau.tau_principal' depends on axioms: [propext, Classical.choice, Quot.sound]
info: M7SignatureTauAccepted.lean:111:0: 'M7.SignatureTau.tau_properties' depends on axioms: [propext, Classical.choice, Quot.sound]
info: M7SignatureTauAccepted.lean:112:0: 'M7.SignatureTau.source_tau_equal' depends on axioms: [propext, Classical.choice, Quot.sound]
info: M7SignatureTauAccepted.lean:113:0: 'M7.SignatureTau.tau_comp' depends on axioms: [propext, Classical.choice, Quot.sound]
info: M7SignatureTauAccepted.lean:114:0: 'M7.SignatureTau.tau_one' depends on axioms: [propext, Classical.choice, Quot.sound]
info: M7SignatureTauAccepted.lean:115:0: 'M7.SignatureTau.tau_inverse' depends on axioms: [propext, Classical.choice, Quot.sound]
⚠ [8739/8814] Replayed M7QuotientDegreeAccepted
warning: M7QuotientDegreeAccepted.lean:4:2: Unused tactic linter: `change
  ∀ F : M6.Cyclic.BinaryPolynomial, F.Monic → Nat.card (AdjoinRoot F) = 2 ^ F.natDegree` does nothing

Note: This linter can be disabled with `set_option linter.unusedTactic false`
info: M7QuotientDegreeAccepted.lean:47:0: 'M7.QuotientDegree.adjoin_card' depends on axioms: [propext, Classical.choice, Quot.sound]
info: M7QuotientDegreeAccepted.lean:48:0: 'M7.QuotientDegree.span_containment' depends on axioms: [propext, Classical.choice, Quot.sound]
info: M7QuotientDegreeAccepted.lean:49:0: 'M7.QuotientDegree.quotient_equiv' depends on axioms: [propext, Classical.choice, Quot.sound]
info: M7QuotientDegreeAccepted.lean:50:0: 'M7.QuotientDegree.quotient_card' depends on axioms: [propext, Classical.choice, Quot.sound]
info: M7QuotientDegreeAccepted.lean:51:0: 'M7.QuotientDegree.degree_invariant' depends on axioms: [propext, Classical.choice, Quot.sound]
⚠ [8740/8814] Replayed M7FactorizedAccepted
warning: M7FactorizedAccepted.lean:22:39: This simp argument is unused:
  Nat.mul_comm

Hint: Omit it from the simp argument list.
  [apply] simp [← Finset.sum_filter]

Note: This linter can be disabled with `set_option linter.unusedSimpArgs false`
warning: M7FactorizedAccepted.lean:44:31: This simp argument is unused:
  h

Hint: Omit it from the simp argument list.
  [apply] simp

Note: This linter can be disabled with `set_option linter.unusedSimpArgs false`
warning: M7FactorizedAccepted.lean:56:31: This simp argument is unused:
  h

Hint: Omit it from the simp argument list.
  [apply] simp

Note: This linter can be disabled with `set_option linter.unusedSimpArgs false`
info: M7FactorizedAccepted.lean:73:0: 'M7.Factorized.pair_count' depends on axioms: [propext, Classical.choice, Quot.sound]
info: M7FactorizedAccepted.lean:74:0: 'M7.Factorized.numerator_record_card' depends on axioms: [propext, Classical.choice, Quot.sound]
info: M7FactorizedAccepted.lean:75:0: 'M7.Factorized.exact_target_card' depends on axioms: [propext, Classical.choice, Quot.sound]
info: M7FactorizedAccepted.lean:76:0: 'M7.Factorized.exact_target_positive' depends on axioms: [propext, Classical.choice, Quot.sound]
info: M7FactorizedAccepted.lean:77:0: 'M7.Factorized.left_partition' depends on axioms: [propext, Classical.choice, Quot.sound]
info: M7FactorizedAccepted.lean:78:0: 'M7.Factorized.right_partition' depends on axioms: [propext, Classical.choice, Quot.sound]
⚠ [8760/8814] Replayed M7DomainAccepted
warning: M7DomainAccepted.lean:49:57: This simp argument is unused:
  max_lt_iff

Hint: Omit it from the simp argument list.
  [apply] simp_all [M6.Final.Admissible, M6.ActualTransfer.span]

Note: This linter can be disabled with `set_option linter.unusedSimpArgs false`
warning: M7DomainAccepted.lean:68:12: This simp argument is unused:
  Polynomial.coeff_C_mul_X_pow

Hint: Omit it from the simp argument list.
  [apply] simp [hval, Ne.symm hval]

Note: This linter can be disabled with `set_option linter.unusedSimpArgs false`
warning: M7DomainAccepted.lean:68:42: This simp argument is unused:
  hval

Hint: Omit it from the simp argument list.
  [apply] simp [Polynomial.coeff_C_mul_X_pow, Ne.symm hval]

Note: This linter can be disabled with `set_option linter.unusedSimpArgs false`
warning: M7DomainAccepted.lean:77:10: This simp argument is unused:
  Polynomial.coeff_C_mul_X_pow

Hint: Omit it from the simp argument list.
  [apply] simp [hval, Ne.symm hval]

Note: This linter can be disabled with `set_option linter.unusedSimpArgs false`
warning: M7DomainAccepted.lean:77:40: This simp argument is unused:
  hval

Hint: Omit it from the simp argument list.
  [apply] simp [Polynomial.coeff_C_mul_X_pow, Ne.symm hval]

Note: This linter can be disabled with `set_option linter.unusedSimpArgs false`
info: M7DomainAccepted.lean:78:0: 'M7.Domain.coefficients_indicator' depends on axioms: [propext, Classical.choice, Quot.sound]
info: M7DomainAccepted.lean:79:0: 'M7.Domain.block_polynomial' depends on axioms: [propext, Classical.choice, Quot.sound]
info: M7DomainAccepted.lean:80:0: 'M7.Domain.shift_anchor' depends on axioms: [propext, Classical.choice, Quot.sound]
info: M7DomainAccepted.lean:81:0: 'M7.Domain.shift_card' depends on axioms: [propext, Classical.choice, Quot.sound]
info: M7DomainAccepted.lean:82:0: 'M7.Domain.support_gcd' depends on axioms: [propext, Classical.choice, Quot.sound]
info: M7DomainAccepted.lean:83:0: 'M7.Domain.admissible' depends on axioms: [propext, Classical.choice, Quot.sound]
⚠ [8762/8814] Replayed M7ActionAccepted
warning: M7ActionAccepted.lean:82:2: Unused tactic linter: `change M7.Action.compose g (M7.Action.identity N) = g` does nothing

Note: This linter can be disabled with `set_option linter.unusedTactic false`
warning: M7ActionAccepted.lean:99:2: Unused tactic linter: `change Fintype.card (M7.Action.Record 1) = 2` does nothing

Note: This linter can be disabled with `set_option linter.unusedTactic false`
info: M7ActionAccepted.lean:110:0: 'M7.Action.act_compose' depends on axioms: [propext, Classical.choice, Quot.sound]
info: M7ActionAccepted.lean:111:0: 'M7.Action.act_identity' depends on axioms: [propext, Classical.choice, Quot.sound]
info: M7ActionAccepted.lean:112:0: 'M7.Action.affine_bijective' depends on axioms: [propext, Quot.sound]
info: M7ActionAccepted.lean:113:0: 'M7.Action.associative' depends on axioms: [propext, Quot.sound]
info: M7ActionAccepted.lean:114:0: 'M7.Action.left_identity' depends on axioms: [propext, Quot.sound]
info: M7ActionAccepted.lean:115:0: 'M7.Action.left_inverse' depends on axioms: [propext, Quot.sound]
info: M7ActionAccepted.lean:116:0: 'M7.Action.act_inverse' depends on axioms: [propext, Classical.choice, Quot.sound]
info: M7ActionAccepted.lean:117:0: 'M7.Action.normal_form' depends on axioms: [propext, Quot.sound]
info: M7ActionAccepted.lean:118:0: 'M7.Action.record_card' depends on axioms: [propext, Classical.choice, Quot.sound]
info: M7ActionAccepted.lean:119:0: 'M7.Action.order_one_records' depends on axioms: [propext, Classical.choice, Quot.sound]
info: M7ActionAccepted.lean:120:0: 'M7.Action.right_identity' depends on axioms: [propext, Quot.sound]
info: M7ActionAccepted.lean:121:0: 'M7.Action.right_inverse' depends on axioms: [propext, Quot.sound]
info: M7ActionAccepted.lean:122:0: 'M7.Action.support_cards' depends on axioms: [propext, Classical.choice, Quot.sound]
ℹ [8768/8814] Replayed M7AffinePolynomialAccepted
info: M7AffinePolynomialAccepted.lean:65:0: 'M7.AffinePolynomial.rho_add_val' depends on axioms: [propext, Classical.choice, Quot.sound]
info: M7AffinePolynomialAccepted.lean:66:0: 'M7.AffinePolynomial.rho_mul_val' depends on axioms: [propext, Classical.choice, Quot.sound]
info: M7AffinePolynomialAccepted.lean:67:0: 'M7.AffinePolynomial.rho_power_unit' depends on axioms: [propext, Classical.choice, Quot.sound]
info: M7AffinePolynomialAccepted.lean:68:0: 'M7.AffinePolynomial.support_sum' depends on axioms: [propext, Classical.choice, Quot.sound]
info: M7AffinePolynomialAccepted.lean:69:0: 'M7.AffinePolynomial.substitution_support_sum' depends on axioms: [propext, Classical.choice, Quot.sound]
info: M7AffinePolynomialAccepted.lean:70:0: 'M7.AffinePolynomial.image_affine' depends on axioms: [propext, Classical.choice, Quot.sound]
info: M7AffinePolynomialAccepted.lean:71:0: 'M7.AffinePolynomial.action_images' depends on axioms: [propext, Classical.choice, Quot.sound]
⚠ [8769/8814] Replayed M7ActualOrbitAccepted
warning: M7ActualOrbitAccepted.lean:70:61: Used `tac1 <;> tac2` where `(tac1; tac2)` would suffice

Note: This linter can be disabled with `set_option linter.unnecessarySeqFocus false`
warning: M7ActualOrbitAccepted.lean:75:61: Used `tac1 <;> tac2` where `(tac1; tac2)` would suffice

Note: This linter can be disabled with `set_option linter.unnecessarySeqFocus false`
warning: M7ActualOrbitAccepted.lean:80:79: Used `tac1 <;> tac2` where `(tac1; tac2)` would suffice

Note: This linter can be disabled with `set_option linter.unnecessarySeqFocus false`
warning: M7ActualOrbitAccepted.lean:115:61: Used `tac1 <;> tac2` where `(tac1; tac2)` would suffice

Note: This linter can be disabled with `set_option linter.unnecessarySeqFocus false`
info: M7ActualOrbitAccepted.lean:118:0: 'M7.ActualOrbit.action_partition' depends on axioms: [propext, Classical.choice, Quot.sound]
info: M7ActualOrbitAccepted.lean:119:0: 'M7.ActualOrbit.count_product' depends on axioms: [propext, Classical.choice, Quot.sound]
info: M7ActualOrbitAccepted.lean:120:0: 'M7.ActualOrbit.distinct_partition' depends on axioms: [propext, Classical.choice, Quot.sound]
info: M7ActualOrbitAccepted.lean:121:0: 'M7.ActualOrbit.exact_division' depends on axioms: [propext, Classical.choice, Quot.sound]
info: M7ActualOrbitAccepted.lean:122:0: 'M7.ActualOrbit.fiber_count' depends on axioms: [propext, Classical.choice, Quot.sound]
info: M7ActualOrbitAccepted.lean:123:0: 'M7.ActualOrbit.stabilizer_positive' depends on axioms: [propext, Classical.choice, Quot.sound]
⚠ [8772/8814] Replayed M8AnchorAccepted
warning: M8AnchorAccepted.lean:5:98: `if_false` has been deprecated: Use `ite_false` instead
warning: M8AnchorAccepted.lean:5:108: `if_true` has been deprecated: Use `ite_true` instead
warning: M8AnchorAccepted.lean:5:98: `if_false` has been deprecated: Use `ite_false` instead
warning: M8AnchorAccepted.lean:5:108: `if_true` has been deprecated: Use `ite_true` instead
info: M8AnchorAccepted.lean:76:0: 'M8.Anchor.anchored' depends on axioms: [propext, Classical.choice, Quot.sound]
info: M8AnchorAccepted.lean:77:0: 'M8.Anchor.inverse_trial' depends on axioms: [propext, Classical.choice, Quot.sound]
info: M8AnchorAccepted.lean:78:0: 'M8.Anchor.record_injective' depends on axioms: [propext, Quot.sound]
info: M8AnchorAccepted.lean:79:0: 'M8.Anchor.span_le' depends on axioms: [propext, Classical.choice, Quot.sound]
info: M8AnchorAccepted.lean:80:0: 'M8.Anchor.span_lt_order' depends on axioms: [propext, Classical.choice, Quot.sound]
info: M8AnchorAccepted.lean:81:0: 'M8.Anchor.translation_reconstruction' depends on axioms: [propext, Classical.choice, Quot.sound]
info: M8AnchorAccepted.lean:82:0: 'M8.Anchor.passing_presentations' depends on axioms: [propext, Classical.choice, Quot.sound]
info: M8AnchorAccepted.lean:83:0: 'M8.Anchor.trial_formula' depends on axioms: [propext, Classical.choice, Quot.sound]
⚠ [8774/8814] Replayed M8CutoffAccepted
warning: M8CutoffAccepted.lean:4:2: Unused tactic linter: `change ∀ (N a b : ℕ), a ≤ N → b ≤ N → 2 * N * a * b ≤ 2 * N ^ 3` does nothing

Note: This linter can be disabled with `set_option linter.unusedTactic false`
warning: M8CutoffAccepted.lean:12:2: Unused tactic linter: `change ∀ N : ℕ, M8.Cutoff.limit N = min (N - 1) (Nat.log2 (N + 1))` does nothing

Note: This linter can be disabled with `set_option linter.unusedTactic false`
warning: M8CutoffAccepted.lean:21:36: this tactic is never executed

Note: This linter can be disabled with `set_option linter.unreachableTactic false`
warning: M8CutoffAccepted.lean:24:37: this tactic is never executed

Note: This linter can be disabled with `set_option linter.unreachableTactic false`
warning: M8CutoffAccepted.lean:17:2: Unused tactic linter: `change
  ∀ N : ℕ,
    M8.Cutoff.limit N ≤ N - 1 ∧ M8.Cutoff.limit N ≤ Nat.log 2 (N + 1) ∧ (0 < N → M8.Cutoff.limit N < N)` does nothing

Note: This linter can be disabled with `set_option linter.unusedTactic false`
warning: M8CutoffAccepted.lean:21:36: Unused tactic linter: `exact min_le_right _ _` does nothing

Note: This linter can be disabled with `set_option linter.unusedTactic false`
warning: M8CutoffAccepted.lean:24:37: Unused tactic linter: `exact min_le_left _ _` does nothing

Note: This linter can be disabled with `set_option linter.unusedTactic false`
warning: M8CutoffAccepted.lean:30:2: Unused tactic linter: `change ∀ (N R : ℕ), R ≤ M8.Cutoff.limit N → 2 ^ R * 8 ^ N < 2 ^ (4 * (N + 1))` does nothing

Note: This linter can be disabled with `set_option linter.unusedTactic false`
warning: M8CutoffAccepted.lean:39:2: Unused tactic linter: `change ∀ (N R : ℕ), R ≤ M8.Cutoff.limit N → 2 ^ R ≤ N + 1` does nothing

Note: This linter can be disabled with `set_option linter.unusedTactic false`
warning: M8CutoffAccepted.lean:45:2: Unused tactic linter: `change ∀ (N R : ℕ), R ≤ M8.Cutoff.limit N → N ^ 2 * 2 ^ R ≤ (N + 1) ^ 3` does nothing

Note: This linter can be disabled with `set_option linter.unusedTactic false`
warning: M8CutoffAccepted.lean:53:2: Unused tactic linter: `change ∀ (N R : ℕ), R ≤ M8.Cutoff.limit N → 4 ^ R ≤ (N + 1) ^ 2` does nothing

Note: This linter can be disabled with `set_option linter.unusedTactic false`
warning: M8CutoffAccepted.lean:62:2: Unused tactic linter: `change
  ∀ (N R : ℕ), R ≤ M8.Cutoff.limit N → N ^ 3 * 4 ^ R ≤ (N + 1) ^ 5 ∧ N ^ 4 * 4 ^ R ≤ (N + 1) ^ 6` does nothing

Note: This linter can be disabled with `set_option linter.unusedTactic false`
info: M8CutoffAccepted.lean:78:0: 'M8.Cutoff.anchor_trial_envelope' depends on axioms: [propext]
info: M8CutoffAccepted.lean:79:0: 'M8.Cutoff.bit_length_limit' depends on axioms: [propext, Classical.choice, Quot.sound]
info: M8CutoffAccepted.lean:80:0: 'M8.Cutoff.limit_bounds' depends on axioms: [propext]
info: M8CutoffAccepted.lean:81:0: 'M8.Cutoff.coefficient_capacity' depends on axioms: [propext, Classical.choice, Quot.sound]
info: M8CutoffAccepted.lean:82:0: 'M8.Cutoff.state_bound' depends on axioms: [propext, Classical.choice, Quot.sound]
info: M8CutoffAccepted.lean:83:0: 'M8.Cutoff.indexed_storage_envelope' depends on axioms: [propext, Classical.choice, Quot.sound]
info: M8CutoffAccepted.lean:84:0: 'M8.Cutoff.state_square' depends on axioms: [propext, Classical.choice, Quot.sound]
info: M8CutoffAccepted.lean:85:0: 'M8.Cutoff.indexed_work_envelopes' depends on axioms: [propext, Classical.choice, Quot.sound]
⚠ [8776/8814] Replayed M8FiniteSearchAccepted
warning: M8FiniteSearchAccepted.lean:4:2: Unused tactic linter: `change
  ∀ (n : ℕ) (α : Type) (test : Fin n → Option α) (start fuel : ℕ),
    (M8.FiniteSearch.walk test start fuel).2 ≤ fuel` does nothing

Note: This linter can be disabled with `set_option linter.unusedTactic false`
warning: M8FiniteSearchAccepted.lean:29:43: `dif_pos` has been deprecated: Use `dite_eq_left` instead
warning: M8FiniteSearchAccepted.lean:49:45: `dif_pos` has been deprecated: Use `dite_eq_left` instead
warning: M8FiniteSearchAccepted.lean:63:16: Try `simp at hw` instead of `simpa using hw`

Note: This linter can be disabled with `set_option linter.unnecessarySimpa false`
warning: M8FiniteSearchAccepted.lean:49:61: This simp argument is unused:
  Prod.fst

Hint: Omit it from the simp argument list.
  [apply] simp only [M8.FiniteSearch.walk, dif_pos hs, ht]

Note: This linter can be disabled with `set_option linter.unusedSimpArgs false`
warning: M8FiniteSearchAccepted.lean:36:2: Unused tactic linter: `change
  ∀ (n : ℕ) (α : Type) (test : Fin n → Option α) (start fuel : ℕ),
    (M8.FiniteSearch.walk test start fuel).1 = none ↔
      ∀ i : Fin n, start ≤ i.val → i.val < start + fuel → test i = none` does nothing

Note: This linter can be disabled with `set_option linter.unusedTactic false`
warning: M8FiniteSearchAccepted.lean:94:45: `dif_pos` has been deprecated: Use `dite_eq_left` instead
warning: M8FiniteSearchAccepted.lean:116:45: `dif_pos` has been deprecated: Use `dite_eq_left` instead
warning: M8FiniteSearchAccepted.lean:145:34: `dif_neg` has been deprecated: Use `dite_eq_right` instead
warning: M8FiniteSearchAccepted.lean:77:2: Unused tactic linter: `change
  ∀ (n : ℕ) (α : Type) (test : Fin n → Option α) (start fuel : ℕ) (i : Fin n) (a : α),
    (M8.FiniteSearch.walk test start fuel).1 = some (i, a) ↔ M8.FiniteSearch.First test start fuel i a` does nothing

Note: This linter can be disabled with `set_option linter.unusedTactic false`
warning: M8FiniteSearchAccepted.lean:171:47: `dif_pos` has been deprecated: Use `dite_eq_left` instead
warning: M8FiniteSearchAccepted.lean:175:47: `dif_pos` has been deprecated: Use `dite_eq_left` instead
warning: M8FiniteSearchAccepted.lean:156:2: Unused tactic linter: `change
  ∀ (n : ℕ) (α : Type) (test : Fin n → Option α) (start fuel : ℕ) (i : Fin n) (a : α),
    (M8.FiniteSearch.walk test start fuel).1 = some (i, a) →
      (M8.FiniteSearch.walk test start fuel).2 = i.val - start + 1` does nothing

Note: This linter can be disabled with `set_option linter.unusedTactic false`
warning: M8FiniteSearchAccepted.lean:184:2: Unused tactic linter: `change
  ∀ (n : ℕ) (α : Type) (test : Fin n → Option α), (M8.FiniteSearch.find test).2 ≤ n` does nothing

Note: This linter can be disabled with `set_option linter.unusedTactic false`
warning: M8FiniteSearchAccepted.lean:194:34: try 'simp' instead of 'simpa'

Note: This linter can be disabled with `set_option linter.unnecessarySimpa false`
warning: M8FiniteSearchAccepted.lean:199:2: Unused tactic linter: `change
  ∀ (n : ℕ) (α : Type) (test : Fin n → Option α) (i : Fin n) (a : α),
    (M8.FiniteSearch.find test).1 = some (i, a) ↔
      test i = some a ∧ ∀ j : Fin n, j.val < i.val → test j = none` does nothing

Note: This linter can be disabled with `set_option linter.unusedTactic false`
info: M8FiniteSearchAccepted.lean:212:0: 'M8.FiniteSearch.calls_bound' depends on axioms: [propext, Classical.choice, Quot.sound]
info: M8FiniteSearchAccepted.lean:213:0: 'M8.FiniteSearch.exhaustion_calls' depends on axioms: [propext, Quot.sound]
info: M8FiniteSearchAccepted.lean:214:0: 'M8.FiniteSearch.find_bound' depends on axioms: [propext, Classical.choice, Quot.sound]
info: M8FiniteSearchAccepted.lean:215:0: 'M8.FiniteSearch.none_iff' depends on axioms: [propext, Quot.sound]
info: M8FiniteSearchAccepted.lean:216:0: 'M8.FiniteSearch.find_none' depends on axioms: [propext, Quot.sound]
info: M8FiniteSearchAccepted.lean:217:0: 'M8.FiniteSearch.some_iff' depends on axioms: [propext, Quot.sound]
info: M8FiniteSearchAccepted.lean:218:0: 'M8.FiniteSearch.find_some' depends on axioms: [propext, Quot.sound]
info: M8FiniteSearchAccepted.lean:219:0: 'M8.FiniteSearch.successful_calls' depends on axioms: [propext, Quot.sound]
⚠ [8778/8814] Replayed M8DiscoveryAccepted
warning: M8DiscoveryAccepted.lean:25:10: `dif_pos` has been deprecated: Use `dite_eq_left` instead
warning: M8DiscoveryAccepted.lean:56:10: `if_pos` has been deprecated: Use `ite_eq_left` instead
warning: M8DiscoveryAccepted.lean:62:10: `if_neg` has been deprecated: Use `ite_eq_right` instead
warning: M8DiscoveryAccepted.lean:69:19: `if_neg` has been deprecated: Use `ite_eq_right` instead
warning: M8DiscoveryAccepted.lean:78:37: `dif_pos` has been deprecated: Use `dite_eq_left` instead
warning: M8DiscoveryAccepted.lean:127:8: `if_pos` has been deprecated: Use `ite_eq_left` instead
info: M8DiscoveryAccepted.lean:252:0: 'M8.Discovery.good_presentations' depends on axioms: [propext, Classical.choice, Quot.sound]
info: M8DiscoveryAccepted.lean:253:0: 'M8.Discovery.inverse' depends on axioms: [propext, Classical.choice, Quot.sound]
info: M8DiscoveryAccepted.lean:254:0: 'M8.Discovery.test_spec' depends on axioms: [propext, Classical.choice, Quot.sound]
info: M8DiscoveryAccepted.lean:255:0: 'M8.Discovery.right_none' depends on axioms: [propext, Classical.choice, Quot.sound]
info: M8DiscoveryAccepted.lean:256:0: 'M8.Discovery.none_iff' depends on axioms: [propext, Classical.choice, Quot.sound]
info: M8DiscoveryAccepted.lean:257:0: 'M8.Discovery.complete' depends on axioms: [propext, Classical.choice, Quot.sound]
info: M8DiscoveryAccepted.lean:258:0: 'M8.Discovery.sound' depends on axioms: [propext, Classical.choice, Quot.sound]
info: M8DiscoveryAccepted.lean:259:0: 'M8.Discovery.anchored' depends on axioms: [propext, Classical.choice, Quot.sound]
info: M8DiscoveryAccepted.lean:260:0: 'M8.Discovery.cutoff' depends on axioms: [propext, Classical.choice, Quot.sound]
info: M8DiscoveryAccepted.lean:261:0: 'M8.Discovery.lex_first' depends on axioms: [propext, Classical.choice, Quot.sound]
⚠ [8780/8814] Replayed M8OrbitSpanAccepted
warning: M8OrbitSpanAccepted.lean:29:26: `dif_pos` has been deprecated: Use `dite_eq_left` instead
info: M8OrbitSpanAccepted.lean:51:0: 'M8.OrbitSpan.spans_nonempty' depends on axioms: [propext, Classical.choice, Quot.sound]
info: M8OrbitSpanAccepted.lean:52:0: 'M8.OrbitSpan.attained' depends on axioms: [propext, Classical.choice, Quot.sound]
info: M8OrbitSpanAccepted.lean:53:0: 'M8.OrbitSpan.less_than_order' depends on axioms: [propext, Classical.choice, Quot.sound]
info: M8OrbitSpanAccepted.lean:54:0: 'M8.OrbitSpan.small_iff' depends on axioms: [propext, Classical.choice, Quot.sound]
info: M8OrbitSpanAccepted.lean:55:0: 'M8.OrbitSpan.anchor_minimum' depends on axioms: [propext, Classical.choice, Quot.sound]
⚠ [8782/8814] Replayed M8WeightedSearchAccepted
warning: M8WeightedSearchAccepted.lean:28:70: `dif_pos` has been deprecated: Use `dite_eq_left` instead
warning: M8WeightedSearchAccepted.lean:19:2: Unused tactic linter: `change ∀ (n : ℕ) (α : Type) (test : Fin n → Option α × ℕ) (start fuel : ℕ), _` does nothing

Note: This linter can be disabled with `set_option linter.unusedTactic false`
warning: M8WeightedSearchAccepted.lean:35:2: Unused tactic linter: `change
  ∀ (n : ℕ) (α : Type) (test : Fin n → Option α × ℕ) (start fuel : ℕ),
    (∀ i, (test i).2 = 0) → (M8.WeightedSearch.walk test start fuel).work = 0` does nothing

Note: This linter can be disabled with `set_option linter.unusedTactic false`
warning: M8WeightedSearchAccepted.lean:46:2: Unused tactic linter: `change ∀ (n : ℕ) (α : Type) (test : Fin n → Option α × ℕ), _` does nothing

Note: This linter can be disabled with `set_option linter.unusedTactic false`
warning: M8WeightedSearchAccepted.lean:52:2: Unused tactic linter: `change
  ∀ (n : ℕ) (α : Type) (test : Fin n → Option α × ℕ) (C : ℕ),
    (∀ i, (test i).2 ≤ C) → (M8.WeightedSearch.find test).work ≤ n * C` does nothing

Note: This linter can be disabled with `set_option linter.unusedTactic false`
warning: M8WeightedSearchAccepted.lean:63:2: Unused tactic linter: `change
  ∀ (n : ℕ) (α : Type) (test : Fin n → Option α × ℕ) (C overhead : ℕ),
    (∀ i, (test i).2 ≤ C) →
      (M8.WeightedSearch.find test).calls * overhead + (M8.WeightedSearch.find test).work ≤
        n * (overhead + C)` does nothing

Note: This linter can be disabled with `set_option linter.unusedTactic false`
info: M8WeightedSearchAccepted.lean:74:0: 'M8.WeightedSearch.callback_bound' depends on axioms: [propext]
info: M8WeightedSearchAccepted.lean:75:0: 'M8.WeightedSearch.projection' depends on axioms: [propext]
info: M8WeightedSearchAccepted.lean:76:0: 'M8.WeightedSearch.find_projection' depends on axioms: [propext]
info: M8WeightedSearchAccepted.lean:77:0: 'M8.WeightedSearch.find_callback_bound' depends on axioms: [propext, Classical.choice, Quot.sound]
info: M8WeightedSearchAccepted.lean:78:0: 'M8.WeightedSearch.total_bound' depends on axioms: [propext, Classical.choice, Quot.sound]
info: M8WeightedSearchAccepted.lean:79:0: 'M8.WeightedSearch.zero_cost' depends on axioms: [propext]
ℹ [8784/8814] Replayed M8DiscoveryResourcesAccepted
info: M8DiscoveryResourcesAccepted.lean:143:0: 'M8.DiscoveryResources.fold_charges' depends on axioms: [propext, Classical.choice, Quot.sound]
info: M8DiscoveryResourcesAccepted.lean:144:0: 'M8.DiscoveryResources.leaf_bound' depends on axioms: [propext, Classical.choice, Quot.sound]
info: M8DiscoveryResourcesAccepted.lean:145:0: 'M8.DiscoveryResources.right_bound' depends on axioms: [propext, Classical.choice, Quot.sound]
info: M8DiscoveryResourcesAccepted.lean:146:0: 'M8.DiscoveryResources.left_bound' depends on axioms: [propext, Classical.choice, Quot.sound]
info: M8DiscoveryResourcesAccepted.lean:147:0: 'M8.DiscoveryResources.right_projection' depends on axioms: [propext, Quot.sound]
info: M8DiscoveryResourcesAccepted.lean:148:0: 'M8.DiscoveryResources.left_projection' depends on axioms: [propext, Quot.sound]
info: M8DiscoveryResourcesAccepted.lean:149:0: 'M8.DiscoveryResources.unit_bound' depends on axioms: [propext, Classical.choice, Quot.sound]
info: M8DiscoveryResourcesAccepted.lean:150:0: 'M8.DiscoveryResources.unit_projection' depends on axioms: [propext, Quot.sound]
info: M8DiscoveryResourcesAccepted.lean:151:0: 'M8.DiscoveryResources.projection' depends on axioms: [propext, Quot.sound]
info: M8DiscoveryResourcesAccepted.lean:152:0: 'M8.DiscoveryResources.work_bound' depends on axioms: [propext, Classical.choice, Quot.sound]
⚠ [8787/8814] Replayed M6FinalDependencies
warning: M6FinalDependencies.lean:7:4: This simp argument is unused:
  Polynomial.coeff_C_mul_X_pow

Hint: Omit it from the simp argument list.
  [apply] simp [M6.Coordinates.blockPolynomial, Polynomial.finsetSum_coeff, Fin.val_eq_val, i.isLt]

Note: This linter can be disabled with `set_option linter.unusedSimpArgs false`
warning: M6FinalDependencies.lean:7:50: This simp argument is unused:
  i.isLt

Hint: Omit it from the simp argument list.
  [apply] simp [M6.Coordinates.blockPolynomial, Polynomial.finsetSum_coeff, Polynomial.coeff_C_mul_X_pow,
    Fin.val_eq_val]

Note: This linter can be disabled with `set_option linter.unusedSimpArgs false`
warning: M6FinalDependencies.lean:20:4: this tactic is never executed

Note: This linter can be disabled with `set_option linter.unreachableTactic false`
warning: M6FinalDependencies.lean:21:4: this tactic is never executed

Note: This linter can be disabled with `set_option linter.unreachableTactic false`
warning: M6FinalDependencies.lean:20:4: Unused tactic linter: `exact_mod_cast ZMod.val_lt i` does nothing

Note: This linter can be disabled with `set_option linter.unusedTactic false`
warning: M6FinalDependencies.lean:21:4: Unused tactic linter: `exact_mod_cast Finset.mem_range.mp hi` does nothing

Note: This linter can be disabled with `set_option linter.unusedTactic false`
warning: M6FinalDependencies.lean:40:12: This simp argument is unused:
  Polynomial.coeff_C_mul_X_pow

Hint: Omit it from the simp argument list.
  [apply] simp [hv, Ne.symm hv]

Note: This linter can be disabled with `set_option linter.unusedSimpArgs false`
warning: M6FinalDependencies.lean:40:42: This simp argument is unused:
  hv

Hint: Omit it from the simp argument list.
  [apply] simp [Polynomial.coeff_C_mul_X_pow, Ne.symm hv]

Note: This linter can be disabled with `set_option linter.unusedSimpArgs false`
warning: M6FinalDependencies.lean:52:10: This simp argument is unused:
  Polynomial.coeff_C_mul_X_pow

Hint: Omit it from the simp argument list.
  [apply] simp [hv, Ne.symm hv]

Note: This linter can be disabled with `set_option linter.unusedSimpArgs false`
warning: M6FinalDependencies.lean:52:40: This simp argument is unused:
  hv

Hint: Omit it from the simp argument list.
  [apply] simp [Polynomial.coeff_C_mul_X_pow, Ne.symm hv]

Note: This linter can be disabled with `set_option linter.unusedSimpArgs false`
warning: M6FinalDependencies.lean:114:8: this tactic is never executed

Note: This linter can be disabled with `set_option linter.unreachableTactic false`
warning: M6FinalDependencies.lean:114:8: Unused tactic linter: `exact Polynomial.degree_le_of_dvd hn hdiv` does nothing

Note: This linter can be disabled with `set_option linter.unusedTactic false`
warning: M6FinalDependencies.lean:209:2: Unused tactic linter: `change
  ∀ (a b M : M6.BoundaryFibers.BP) (h : AdjoinRoot M),
    M6.BoundaryFibers.boundary a b M h = (0, 0) ↔ AdjoinRoot.mk M (M6.Cyclic.signature a b M) * h = 0` does nothing

Note: This linter can be disabled with `set_option linter.unusedTactic false`
warning: M6FinalDependencies.lean:216:2: Unused tactic linter: `change ∀ p : M6.BoundaryFibers.BP, p ≠ 0 → p.Monic` does nothing

Note: This linter can be disabled with `set_option linter.unusedTactic false`
warning: M6FinalDependencies.lean:226:2: Unused tactic linter: `change ∀ a b M : M6.BoundaryFibers.BP, M ≠ 0 → M6.Cyclic.signature a b M ≠ 0` does nothing

Note: This linter can be disabled with `set_option linter.unusedTactic false`
warning: M6FinalDependencies.lean:233:2: Unused tactic linter: `change
  ∀ a b M : M6.BoundaryFibers.BP,
    M ≠ 0 →
      Nat.card { h : AdjoinRoot M // M6.BoundaryFibers.boundary a b M h = (0, 0) } =
        2 ^ (M6.Cyclic.signature a b M).natDegree` does nothing

Note: This linter can be disabled with `set_option linter.unusedTactic false`
warning: M6FinalDependencies.lean:242:2: Unused tactic linter: `change
  ∀ (a b M : M6.BoundaryFibers.BP),
    M ≠ 0 →
      ∀ h₀ : AdjoinRoot M,
        Nat.card { h : AdjoinRoot M // M6.BoundaryFibers.boundary a b M h = M6.BoundaryFibers.boundary a b M h₀ } =
          2 ^ (M6.Cyclic.signature a b M).natDegree` does nothing

Note: This linter can be disabled with `set_option linter.unusedTactic false`
warning: M6FinalDependencies.lean:268:2: Unused tactic linter: `change
  ∀ (N : ℕ) (z w : M6.Physical.Word N),
    M6.Flatten.flatten N (z + w) = M6.Flatten.flatten N z + M6.Flatten.flatten N w` does nothing

Note: This linter can be disabled with `set_option linter.unusedTactic false`
warning: M6FinalDependencies.lean:308:52: This simp argument is unused:
  hi

Hint: Omit it from the simp argument list.
  [apply] simp [M6.Flatten.unflatten, M6.Flatten.flatten, Nat.add_sub_cancel_left]

Note: This linter can be disabled with `set_option linter.unusedSimpArgs false`
warning: M6FinalDependencies.lean:308:56: This simp argument is unused:
  Nat.add_sub_cancel_left

Hint: Omit it from the simp argument list.
  [apply] simp [M6.Flatten.unflatten, M6.Flatten.flatten, hi]

Note: This linter can be disabled with `set_option linter.unusedSimpArgs false`
warning: M6FinalDependencies.lean:315:57: `if_pos` has been deprecated: Use `ite_eq_left` instead
warning: M6FinalDependencies.lean:315:67: `dif_pos` has been deprecated: Use `dite_eq_left` instead
warning: M6FinalDependencies.lean:320:57: `if_neg` has been deprecated: Use `ite_eq_right` instead
warning: M6FinalDependencies.lean:320:67: `dif_neg` has been deprecated: Use `dite_eq_right` instead
warning: M6FinalDependencies.lean:315:67: This simp argument is unused:
  dif_pos h

Hint: Omit it from the simp argument list.
  [apply] simp only [M6.Flatten.flatten, M6.Flatten.unflatten, if_pos h]

Note: This linter can be disabled with `set_option linter.unusedSimpArgs false`
warning: M6FinalDependencies.lean:320:67: This simp argument is unused:
  dif_neg h

Hint: Omit it from the simp argument list.
  [apply] simp only [M6.Flatten.flatten, M6.Flatten.unflatten, if_neg h]

Note: This linter can be disabled with `set_option linter.unusedSimpArgs false`
warning: M6FinalDependencies.lean:323:15: This simp argument is unused:
  Fin.val_mk

Hint: Omit it from the simp argument list.
  [apply] simp only [ZMod.val_natCast, Nat.mod_eq_of_lt hi]

Note: This linter can be disabled with `set_option linter.unusedSimpArgs false`
warning: M6FinalDependencies.lean:327:2: Unused tactic linter: `change
  ∀ (N : ℕ) (c : ZMod 2) (z : M6.Physical.Word N),
    M6.Flatten.flatten N (c • z) = c • M6.Flatten.flatten N z` does nothing

Note: This linter can be disabled with `set_option linter.unusedTactic false`
warning: M6FinalDependencies.lean:361:14: This simp argument is unused:
  hi

Hint: Omit it from the simp argument list.
  [apply] simp

Note: This linter can be disabled with `set_option linter.unusedSimpArgs false`
warning: M6FinalDependencies.lean:400:34: This simp argument is unused:
  Fintype.card_fun

Hint: Omit it from the simp argument list.
  [apply] simp [Nat.card_eq_fintype_card, ZMod.card]

Note: This linter can be disabled with `set_option linter.unusedSimpArgs false`
warning: M6FinalDependencies.lean:481:4: try 'simp' instead of 'simpa'

Note: This linter can be disabled with `set_option linter.unnecessarySimpa false`
warning: M6FinalDependencies.lean:483:2: try 'simp' instead of 'simpa'

Note: This linter can be disabled with `set_option linter.unnecessarySimpa false`
warning: M6FinalDependencies.lean:486:2: Unused tactic linter: `change
  ∀ (a b : ZMod 2), M6.Character.sign (a + b) = M6.Character.sign a * M6.Character.sign b` does nothing

Note: This linter can be disabled with `set_option linter.unusedTactic false`
warning: M6FinalDependencies.lean:491:2: Unused tactic linter: `change
  ∀ (a : ZMod 2), (M6.Character.sign a = 1 ↔ a = 0) ∧ (M6.Character.sign a = -1 ↔ a ≠ 0)` does nothing

Note: This linter can be disabled with `set_option linter.unusedTactic false`
warning: M6FinalDependencies.lean:500:2: Unused tactic linter: `change
  ∀ (m : ℕ) (q r z : M6.Character.Vector m),
    M6.Character.character (q + r) z = M6.Character.character q z * M6.Character.character r z` does nothing

Note: This linter can be disabled with `set_option linter.unusedTactic false`
warning: M6FinalDependencies.lean:505:2: Unused tactic linter: `change
  ∀ (m : ℕ) (f : Fin m → ZMod 2), M6.Character.sign (∑ i, f i) = ∏ i, M6.Character.sign (f i)` does nothing

Note: This linter can be disabled with `set_option linter.unusedTactic false`
warning: M6FinalDependencies.lean:518:2: Unused tactic linter: `change
  ∀ (m : ℕ) (q z : M6.Character.Vector m), M6.Character.character q z = ∏ i, M6.Character.sign (q i * z i)` does nothing

Note: This linter can be disabled with `set_option linter.unusedTactic false`
warning: M6FinalDependencies.lean:531:8: `if_pos` has been deprecated: Use `ite_eq_left` instead
warning: M6FinalDependencies.lean:541:8: `if_neg` has been deprecated: Use `ite_eq_right` instead
warning: M6FinalDependencies.lean:543:4: `push_neg` has been deprecated. Prefer using `push Not` instead.
If you'd rather continue using `push_neg` in your project, you can implement it as follows:
```
open Lean.Parser.Tactic in
macro "push_neg" cfg:optConfig loc:(location)? : tactic =>
  `(tactic| push $cfg:optConfig Not $[$loc]?)
```
warning: M6FinalDependencies.lean:524:2: Unused tactic linter: `change
  ∀ (m : ℕ) (D : Submodule (ZMod 2) (M6.Character.Vector m)) (z : M6.Character.Vector m),
    M6.Character.characterSum D z = M6.Character.orthogonalIndicator D z` does nothing

Note: This linter can be disabled with `set_option linter.unusedTactic false`
warning: M6FinalDependencies.lean:564:2: Unused tactic linter: `change
  ∀ (m : ℕ) (w : Fin m → ZMod 2 → Polynomial ℤ) (q : M6.Character.Vector m),
    M6.Character.localTransform w q =
      ∑ z : M6.Character.Vector m, Polynomial.C (M6.Character.character q z) * ∏ i, w i (z i)` does nothing

Note: This linter can be disabled with `set_option linter.unusedTactic false`
warning: M6FinalDependencies.lean:574:2: Unused tactic linter: `change
  ∀ (m : ℕ) (D : Submodule (ZMod 2) (M6.Character.Vector m)) (w : Fin m → ZMod 2 → Polynomial ℤ),
    Polynomial.C ((M6.Character.subspaceWords D).card : ℤ) * M6.Character.weightedDual D w =
      M6.Character.weightedTransform D w` does nothing

Note: This linter can be disabled with `set_option linter.unusedTactic false`
warning: M6FinalDependencies.lean:594:2: Unused tactic linter: `change
  ∀ (m : ℕ) (i : Fin m) (s : ZMod 2),
    M6.Character.pinnedCharacterFactor (M6.Pinned.free m) i s =
      1 + Polynomial.C (M6.Character.sign s) * Polynomial.X` does nothing

Note: This linter can be disabled with `set_option linter.unusedTactic false`
warning: M6FinalDependencies.lean:603:2: Unused tactic linter: `change ∀ (m : ℕ) (v : M6.Character.Vector m), M6.Pinned.weight v = ∑ i, (v i).val` does nothing

Note: This linter can be disabled with `set_option linter.unusedTactic false`
warning: M6FinalDependencies.lean:622:37: `if_pos` has been deprecated: Use `ite_eq_left` instead
warning: M6FinalDependencies.lean:636:37: `if_neg` has been deprecated: Use `ite_eq_right` instead
warning: M6FinalDependencies.lean:642:70: Used `tac1 <;> tac2` where `(tac1; tac2)` would suffice

Note: This linter can be disabled with `set_option linter.unnecessarySeqFocus false`
warning: M6FinalDependencies.lean:618:2: Unused tactic linter: `change
  ∀ (m : ℕ) (P : M6.Pinned.Pins m) (v : M6.Character.Vector m),
    (∏ i, M6.Character.boundaryFactor P i (v i)) = M6.Character.pinnedMonomial P v` does nothing

Note: This linter can be disabled with `set_option linter.unusedTactic false`
warning: M6FinalDependencies.lean:645:2: Unused tactic linter: `change
  ∀ (m : ℕ) (D : Submodule (ZMod 2) (M6.Character.Vector m)) (P : M6.Pinned.Pins m),
    Polynomial.C ((M6.Character.subspaceWords D).card : ℤ) * M6.Pinned.enumerator (M6.Character.dualWords D) P =
      M6.Character.pinnedTransform D P` does nothing

Note: This linter can be disabled with `set_option linter.unusedTactic false`
warning: M6FinalDependencies.lean:684:12: `if_neg` has been deprecated: Use `ite_eq_right` instead
warning: M6FinalDependencies.lean:656:2: Unused tactic linter: `change ∀ (m : ℕ) (q : M6.Character.Vector m), _` does nothing

Note: This linter can be disabled with `set_option linter.unusedTactic false`
warning: M6FinalDependencies.lean:695:2: Unused tactic linter: `change ∀ (m : ℕ) (D : Submodule (ZMod 2) (M6.Character.Vector m)), _` does nothing

Note: This linter can be disabled with `set_option linter.unusedTactic false`
warning: M6FinalDependencies.lean:761:2: Unused tactic linter: `change
  ∀ (m : ℕ) (c : M6.Pinned.Pins m → ℤ) (P : M6.Pinned.Pins m) (i : Fin m),
    M6.Pinned.refines P (M6.Pinned.choose c P i).1 ∧
      (M6.Pinned.choose c P i).1 i ≠ none ∧ (M6.Pinned.choose c P i).2 ≤ 1` does nothing

Note: This linter can be disabled with `set_option linter.unusedTactic false`
warning: M6FinalDependencies.lean:785:61: This simp argument is unused:
  and_assoc

Hint: Omit it from the simp argument list.
  [apply] simp [Int.natCast_pos, Finset.card_pos, Finset.Nonempty]

Note: This linter can be disabled with `set_option linter.unusedSimpArgs false`
warning: M6FinalDependencies.lean:814:10: `dif_pos` has been deprecated: Use `dite_eq_left` instead
warning: M6FinalDependencies.lean:841:4: `Polynomial.finset_sum_coeff` has been deprecated: Use `Polynomial.finsetSum_coeff` instead
warning: M6FinalDependencies.lean:841:33: This simp argument is unused:
  Polynomial.coeff_X_pow

Hint: Omit it from the simp argument list.
  [apply] simp only [M6.Pinned.enumerator, M6.Pinned.count, Polynomial.finset_sum_coeff, Finset.card_eq_sum_ones,
    Nat.cast_sum, Nat.cast_one, Finset.sum_filter]

Note: This linter can be disabled with `set_option linter.unusedSimpArgs false`
warning: M6FinalDependencies.lean:842:43: This simp argument is unused:
  Nat.cast_one

Hint: Omit it from the simp argument list.
  [apply] simp only [M6.Pinned.enumerator, M6.Pinned.count, Polynomial.finset_sum_coeff, Polynomial.coeff_X_pow,
    Finset.card_eq_sum_ones, Nat.cast_sum, Finset.sum_filter]

Note: This linter can be disabled with `set_option linter.unusedSimpArgs false`
warning: M6FinalDependencies.lean:837:2: Unused tactic linter: `change
  ∀ (m : ℕ) (L : Finset (M6.Pinned.Vector m)) (P : M6.Pinned.Pins m) (d : ℕ),
    (M6.Pinned.enumerator L P).coeff d = M6.Pinned.count L P d` does nothing

Note: This linter can be disabled with `set_option linter.unusedTactic false`
warning: M6FinalDependencies.lean:853:2: Unused tactic linter: `change
  ∀ (m : ℕ) (c : M6.Pinned.Pins m → ℤ),
    M6.Pinned.partitions c →
      ∀ (P : M6.Pinned.Pins m) (xs : List (Fin m)), 0 < c P → 0 < c (M6.Pinned.recover c P xs).1` does nothing

Note: This linter can be disabled with `set_option linter.unusedTactic false`
warning: M6FinalDependencies.lean:878:2: Unused tactic linter: `change ∀ (m : ℕ) (v : M6.Pinned.Vector m), M6.Pinned.weight v ≤ m` does nothing

Note: This linter can be disabled with `set_option linter.unusedTactic false`
warning: M6FinalDependencies.lean:896:29: This simp argument is unused:
  M6.Pinned.enumerator

Hint: Omit it from the simp argument list.
  [apply] simp [M6.Pinned.count]

Note: This linter can be disabled with `set_option linter.unusedSimpArgs false`
warning: M6FinalDependencies.lean:901:35: This simp argument is unused:
  M6.Pinned.enumerator

Hint: Omit it from the simp argument list.
  [apply] simp_all [M6.Pinned.count, M6.Pinned.agrees_pin, Finset.filter_insert, Finset.sum_insert,
    Polynomial.coeff_sum, Polynomial.coeff_monomial]

Note: This linter can be disabled with `set_option linter.unusedSimpArgs false`
warning: M6FinalDependencies.lean:903:10: This simp argument is unused:
  Finset.sum_insert

Hint: Omit it from the simp argument list.
  [apply] simp_all [M6.Pinned.count, M6.Pinned.enumerator, M6.Pinned.agrees_pin, Finset.filter_insert,
    Polynomial.coeff_sum, Polynomial.coeff_monomial]

Note: This linter can be disabled with `set_option linter.unusedSimpArgs false`
warning: M6FinalDependencies.lean:903:29: This simp argument is unused:
  Polynomial.coeff_sum

Hint: Omit it from the simp argument list.
  [apply] simp_all [M6.Pinned.count, M6.Pinned.enumerator, M6.Pinned.agrees_pin, Finset.filter_insert,
    Finset.sum_insert, Polynomial.coeff_monomial]

Note: This linter can be disabled with `set_option linter.unusedSimpArgs false`
warning: M6FinalDependencies.lean:904:10: This simp argument is unused:
  Polynomial.coeff_monomial

Hint: Omit it from the simp argument list.
  [apply] simp_all [M6.Pinned.count, M6.Pinned.enumerator, M6.Pinned.agrees_pin, Finset.filter_insert,
    Finset.sum_insert, Polynomial.coeff_sum]

Note: This linter can be disabled with `set_option linter.unusedSimpArgs false`
warning: M6FinalDependencies.lean:888:2: Unused tactic linter: `change
  ∀ (m : ℕ) (L : Finset (M6.Pinned.Vector m)) (d : ℕ),
    M6.Pinned.partitions (fun P => M6.Pinned.count L P d)` does nothing

Note: This linter can be disabled with `set_option linter.unusedTactic false`
warning: M6FinalDependencies.lean:908:2: Unused tactic linter: `change
  ∀ (m : ℕ) (L : Finset (M6.Pinned.Vector m)),
    M6.Pinned.firstPositive m (M6.Pinned.enumerator L (M6.Pinned.free m)) = M6.Pinned.distance L` does nothing

Note: This linter can be disabled with `set_option linter.unusedTactic false`
warning: M6FinalDependencies.lean:964:29: This simp argument is unused:
  Prod.fst

Hint: Omit it from the simp argument list.
  [apply] simp only [hc, Prod.snd] at hcprop

Note: This linter can be disabled with `set_option linter.unusedSimpArgs false`
warning: M6FinalDependencies.lean:964:39: This simp argument is unused:
  Prod.snd

Hint: Omit it from the simp argument list.
  [apply] simp only [hc, Prod.fst] at hcprop

Note: This linter can be disabled with `set_option linter.unusedSimpArgs false`
warning: M6FinalDependencies.lean:965:29: This simp argument is unused:
  Prod.fst

Hint: Omit it from the simp argument list.
  [apply] simp only [hr, Prod.snd] at hrprop

Note: This linter can be disabled with `set_option linter.unusedSimpArgs false`
warning: M6FinalDependencies.lean:965:39: This simp argument is unused:
  Prod.snd

Hint: Omit it from the simp argument list.
  [apply] simp only [hr, Prod.fst] at hrprop

Note: This linter can be disabled with `set_option linter.unusedSimpArgs false`
warning: M6FinalDependencies.lean:966:52: This simp argument is unused:
  Prod.fst

Hint: Omit it from the simp argument list.
  [apply] simp only [M6.Pinned.recover, hc, hr, Prod.snd]

Note: This linter can be disabled with `set_option linter.unusedSimpArgs false`
warning: M6FinalDependencies.lean:966:62: This simp argument is unused:
  Prod.snd

Hint: Omit it from the simp argument list.
  [apply] simp only [M6.Pinned.recover, hc, hr, Prod.fst]

Note: This linter can be disabled with `set_option linter.unusedSimpArgs false`
warning: M6FinalDependencies.lean:937:2: Unused tactic linter: `change
  ∀ (m : ℕ) (c : M6.Pinned.Pins m → ℤ) (P : M6.Pinned.Pins m) (xs : List (Fin m)),
    M6.Pinned.refines P (M6.Pinned.recover c P xs).1 ∧
      (∀ i ∈ xs, (M6.Pinned.recover c P xs).1 i ≠ none) ∧ (M6.Pinned.recover c P xs).2 ≤ xs.length` does nothing

Note: This linter can be disabled with `set_option linter.unusedTactic false`
warning: M6FinalDependencies.lean:1069:2: Unused tactic linter: `change
  ∀ (m : ℕ) (LX LZ : Finset (M6.CSS.Vector m)) (J : M6.CSS.Vector m → M6.CSS.Vector m),
    Function.Involutive J →
      (∀ v, M6.Pinned.weight (J v) = M6.Pinned.weight v) →
        (∀ v, v ∈ LX ↔ J v ∈ LZ) → M6.Pinned.distance LX = M6.Pinned.distance LZ` does nothing

Note: This linter can be disabled with `set_option linter.unusedTactic false`
warning: M6FinalDependencies.lean:1107:42: Used `tac1 <;> tac2` where `(tac1; tac2)` would suffice

Note: This linter can be disabled with `set_option linter.unnecessarySeqFocus false`
warning: M6FinalDependencies.lean:1110:2: Unused tactic linter: `change
  ∀ (m : ℕ) (v : M6.CSS.Vector m),
    M6.CSS.weight (v, 0) = M6.Pinned.weight v ∧ M6.CSS.weight (0, v) = M6.Pinned.weight v` does nothing

Note: This linter can be disabled with `set_option linter.unusedTactic false`
warning: M6FinalDependencies.lean:1145:44: This simp argument is unused:
  hs

Hint: Omit it from the simp argument list.
  [apply] simp [M6.CSS.quantumDistance, hdef, hL, hne, hsne, hmin]

Note: This linter can be disabled with `set_option linter.unusedSimpArgs false`
warning: M6FinalDependencies.lean:1145:53: This simp argument is unused:
  hsne

Hint: Omit it from the simp argument list.
  [apply] simp [M6.CSS.quantumDistance, hdef, hL, hs, hne, hmin]

Note: This linter can be disabled with `set_option linter.unusedSimpArgs false`
warning: M6FinalDependencies.lean:1150:2: Unused tactic linter: `change
  ∀ (m : ℕ) (p : M6.CSS.Pauli m),
    M6.Pinned.weight p.1 ≤ M6.CSS.weight p ∧ M6.Pinned.weight p.2 ≤ M6.CSS.weight p` does nothing

Note: This linter can be disabled with `set_option linter.unusedTactic false`
warning: M6FinalDependencies.lean:1202:8: Try `simp at hpX` instead of `simpa using hpX`

Note: This linter can be disabled with `set_option linter.unnecessarySimpa false`
warning: M6FinalDependencies.lean:1203:8: Try `simp at hpZ` instead of `simpa using hpZ`

Note: This linter can be disabled with `set_option linter.unnecessarySimpa false`
warning: M6FinalDependencies.lean:1211:8: Try `simp at hu` instead of `simpa using hu`

Note: This linter can be disabled with `set_option linter.unnecessarySimpa false`
warning: M6FinalDependencies.lean:1223:6: Try `simp at hu` instead of `simpa using hu`

Note: This linter can be disabled with `set_option linter.unnecessarySimpa false`
warning: M6FinalDependencies.lean:1376:56: `dif_neg` has been deprecated: Use `dite_eq_right` instead
warning: M6FinalDependencies.lean:1418:18: Used `tac1 <;> tac2` where `(tac1; tac2)` would suffice

Note: This linter can be disabled with `set_option linter.unnecessarySeqFocus false`
warning: M6FinalDependencies.lean:1444:48: This simp argument is unused:
  Fintype.card_fun

Hint: Omit it from the simp argument list.
  [apply] simp [M6.Transfer.Input, M6.Transfer.Bit, ZMod.card]

Note: This linter can be disabled with `set_option linter.unusedSimpArgs false`
warning: M6FinalDependencies.lean:1569:10: `if_pos` has been deprecated: Use `ite_eq_left` instead
warning: M6FinalDependencies.lean:1572:12: `if_pos` has been deprecated: Use `ite_eq_left` instead
warning: M6FinalDependencies.lean:1573:10: `if_neg` has been deprecated: Use `ite_eq_right` instead
warning: M6FinalDependencies.lean:1575:6: `push_neg` has been deprecated. Prefer using `push Not` instead.
If you'd rather continue using `push_neg` in your project, you can implement it as follows:
```
open Lean.Parser.Tactic in
macro "push_neg" cfg:optConfig loc:(location)? : tactic =>
  `(tactic| push $cfg:optConfig Not $[$loc]?)
```
warning: M6FinalDependencies.lean:1578:12: `if_neg` has been deprecated: Use `ite_eq_right` instead
warning: M6FinalDependencies.lean:1636:2: Unused tactic linter: `change
  ∀ p q : Polynomial ℤ,
    M6.Transfer.polynomialMass (p + q) ≤ M6.Transfer.polynomialMass p + M6.Transfer.polynomialMass q` does nothing

Note: This linter can be disabled with `set_option linter.unusedTactic false`
warning: M6FinalDependencies.lean:1674:2: Unused tactic linter: `change
  ∀ (I : Type) (s : Finset I) (f : I → Polynomial ℤ),
    M6.Transfer.polynomialMass (∑ i ∈ s, f i) ≤ ∑ i ∈ s, M6.Transfer.polynomialMass (f i)` does nothing

Note: This linter can be disabled with `set_option linter.unusedTactic false`
warning: M6FinalDependencies.lean:1686:2: Unused tactic linter: `change
  ∀ p q : Polynomial ℤ,
    M6.Transfer.polynomialMass (p * q) ≤ M6.Transfer.polynomialMass p * M6.Transfer.polynomialMass q` does nothing

Note: This linter can be disabled with `set_option linter.unusedTactic false`
warning: M6FinalDependencies.lean:1705:2: Unused tactic linter: `change
  ∀ (R : ℕ) (W : M6.Transfer.Memory R → M6.Transfer.Bit → Polynomial ℤ) (v : M6.Transfer.Memory R → Polynomial ℤ),
    (∀ m t, M6.Transfer.polynomialMass (W m t) ≤ 4) →
      M6.Transfer.rowMass (M6.Transfer.propagate W v) ≤ 8 * M6.Transfer.rowMass v` does nothing

Note: This linter can be disabled with `set_option linter.unusedTactic false`
warning: M6FinalDependencies.lean:1750:2: Unused tactic linter: `change
  ∀ (R : ℕ) (W : ℕ → M6.Transfer.Memory R → M6.Transfer.Bit → Polynomial ℤ) (start : M6.Transfer.Memory R) (n : ℕ),
    (∀ i m t, M6.Transfer.polynomialMass (W i m t) ≤ 4) →
      M6.Transfer.rowMass (M6.Transfer.layers W start n) ≤ 8 ^ n` does nothing

Note: This linter can be disabled with `set_option linter.unusedTactic false`
warning: M6FinalDependencies.lean:1790:16: This simp argument is unused:
  nsmul_eq_mul

Hint: Omit it from the simp argument list.
  [apply] simp [hc]

Note: This linter can be disabled with `set_option linter.unusedSimpArgs false`
warning: M6FinalDependencies.lean:1766:2: Unused tactic linter: `change
  ∀ (R N : ℕ) (W : ℕ → M6.Transfer.Memory R → M6.Transfer.Bit → Polynomial ℤ) (d : ℕ),
    (∀ i m t, M6.Transfer.polynomialMass (W i m t) ≤ 4) →
      ((M6.Transfer.arrayTrace W N).coeff d).natAbs ≤ 2 ^ R * 8 ^ N` does nothing

Note: This linter can be disabled with `set_option linter.unusedTactic false`
warning: M6FinalDependencies.lean:1793:2: Unused tactic linter: `change
  ∀ R N : ℕ,
    Fintype.card (M6.Transfer.Memory R) * N * (M6.Transfer.scatterEventList R N).length =
      M6.Transfer.traceCoefficientOps R N` does nothing

Note: This linter can be disabled with `set_option linter.unusedTactic false`
warning: M6FinalDependencies.lean:1812:48: This simp argument is unused:
  Function.update_apply

Hint: Omit it from the simp argument list.
  [apply] simp [M6.Transfer.scatterUpdate, h, ha, Ne.symm ha]

Note: This linter can be disabled with `set_option linter.unusedSimpArgs false`
warning: M6FinalDependencies.lean:1830:8: `if_neg` has been deprecated: Use `ite_eq_right` instead
warning: M6FinalDependencies.lean:1830:19: `if_neg` has been deprecated: Use `ite_eq_right` instead
warning: M6FinalDependencies.lean:1830:30: `if_neg` has been deprecated: Use `ite_eq_right` instead
warning: M6FinalDependencies.lean:1837:24: This simp argument is unused:
  Polynomial.coeff_mul_C

Hint: Omit it from the simp argument list.
  [apply] simp

Note: This linter can be disabled with `set_option linter.unusedSimpArgs false`
warning: M6FinalDependencies.lean:1815:2: Unused tactic linter: `change ∀ (p q : Polynomial ℤ) (d : ℕ), q.natDegree ≤ 2 → _` does nothing

Note: This linter can be disabled with `set_option linter.unusedTactic false`
warning: M6FinalDependencies.lean:1864:4: `Polynomial.finset_sum_coeff` has been deprecated: Use `Polynomial.finsetSum_coeff` instead
warning: M6FinalDependencies.lean:1870:29: `if_true` has been deprecated: Use `ite_true` instead
warning: M6FinalDependencies.lean:1876:17: `if_pos` has been deprecated: Use `ite_eq_left` instead
warning: M6FinalDependencies.lean:1905:12: `if_pos` has been deprecated: Use `ite_eq_left` instead
warning: M6FinalDependencies.lean:1909:18: This simp argument is unused:
  eq_comm

Hint: Omit it from the simp argument list.
  [apply] simp [hm]

Note: This linter can be disabled with `set_option linter.unusedSimpArgs false`
warning: M6FinalDependencies.lean:1923:6: `Polynomial.finset_sum_coeff` has been deprecated: Use `Polynomial.finsetSum_coeff` instead
warning: M6FinalDependencies.lean:1935:41: `Polynomial.finset_sum_coeff` has been deprecated: Use `Polynomial.finsetSum_coeff` instead
warning: M6FinalDependencies.lean:1963:32: `Polynomial.finset_sum_coeff` has been deprecated: Use `Polynomial.finsetSum_coeff` instead
warning: M6FinalDependencies.lean:1947:47: This simp argument is unused:
  Ne.symm hv

Hint: Omit it from the simp argument list.
  [apply] simp [Polynomial.coeff_monomial, hv]

Note: This linter can be disabled with `set_option linter.unusedSimpArgs false`
warning: M6FinalDependencies.lean:1960:43: This simp argument is unused:
  Ne.symm hv

Hint: Omit it from the simp argument list.
  [apply] simp [Polynomial.coeff_monomial, hv]

Note: This linter can be disabled with `set_option linter.unusedSimpArgs false`
warning: M6FinalDependencies.lean:1932:2: Unused tactic linter: `change M6.Transfer.scalarTracePolynomial W N = M6.Transfer.arrayTrace W N` does nothing

Note: This linter can be disabled with `set_option linter.unusedTactic false`
warning: M6FinalDependencies.lean:1974:44: `if_pos` has been deprecated: Use `ite_eq_left` instead
warning: M6FinalDependencies.lean:2052:31: This simp argument is unused:
  Polynomial.sum

Hint: Omit it from the simp argument list.
  [apply] simp [M6.Normalize.divide, Polynomial.coeff_sum, Polynomial.coeff_monomial, hd]

Note: This linter can be disabled with `set_option linter.unusedSimpArgs false`
warning: M6FinalDependencies.lean:2052:47: This simp argument is unused:
  Polynomial.coeff_sum

Hint: Omit it from the simp argument list.
  [apply] simp [M6.Normalize.divide, Polynomial.sum, Polynomial.coeff_monomial, hd]

Note: This linter can be disabled with `set_option linter.unusedSimpArgs false`
warning: M6FinalDependencies.lean:2052:69: This simp argument is unused:
  Polynomial.coeff_monomial

Hint: Omit it from the simp argument list.
  [apply] simp [M6.Normalize.divide, Polynomial.sum, Polynomial.coeff_sum, hd]

Note: This linter can be disabled with `set_option linter.unusedSimpArgs false`
warning: M6FinalDependencies.lean:2054:31: This simp argument is unused:
  Polynomial.sum

Hint: Omit it from the simp argument list.
  [apply] simp [M6.Normalize.divide, Polynomial.coeff_sum, Polynomial.coeff_monomial, hd, hz]

Note: This linter can be disabled with `set_option linter.unusedSimpArgs false`
warning: M6FinalDependencies.lean:2054:47: This simp argument is unused:
  Polynomial.coeff_sum

Hint: Omit it from the simp argument list.
  [apply] simp [M6.Normalize.divide, Polynomial.sum, Polynomial.coeff_monomial, hd, hz]

Note: This linter can be disabled with `set_option linter.unusedSimpArgs false`
warning: M6FinalDependencies.lean:2054:69: This simp argument is unused:
  Polynomial.coeff_monomial

Hint: Omit it from the simp argument list.
  [apply] simp [M6.Normalize.divide, Polynomial.sum, Polynomial.coeff_sum, hd, hz]

Note: This linter can be disabled with `set_option linter.unusedSimpArgs false`
warning: M6FinalDependencies.lean:2049:2: Unused tactic linter: `change
  ∀ (k : ℤ) (p : Polynomial ℤ) (d : ℕ), (M6.Normalize.divide k p).coeff d = p.coeff d / k` does nothing

Note: This linter can be disabled with `set_option linter.unusedTactic false`
warning: M6FinalDependencies.lean:2057:2: Unused tactic linter: `change ∀ (k : ℤ) (p : Polynomial ℤ) (d : ℕ), k ∣ (Polynomial.C k * p).coeff d` does nothing

Note: This linter can be disabled with `set_option linter.unusedTactic false`
warning: M6FinalDependencies.lean:2063:2: Unused tactic linter: `change
  ∀ (k : ℤ) (p : Polynomial ℤ) (n : ℕ),
    (∀ d, n < d → p.coeff d = 0) → ∀ d, n < d → (M6.Normalize.divide k p).coeff d = 0` does nothing

Note: This linter can be disabled with `set_option linter.unusedTactic false`
warning: M6FinalDependencies.lean:2073:8: This simp argument is unused:
  Int.mul_ediv_cancel_left

Hint: Omit it from the simp argument list.
  [apply] simp [hk]

Note: This linter can be disabled with `set_option linter.unusedSimpArgs false`
warning: M6FinalDependencies.lean:2068:2: Unused tactic linter: `change
  ∀ (k : ℤ) (p : Polynomial ℤ), k ≠ 0 → M6.Normalize.divide k (Polynomial.C k * p) = p` does nothing

Note: This linter can be disabled with `set_option linter.unusedTactic false`
warning: M6FinalDependencies.lean:2085:62: This simp argument is unused:
  h₂

Hint: Omit it from the simp argument list.
  [apply] simp [M6.Flatten.flatten, M6.ActualTransfer.rightIndex, h₁]

Note: This linter can be disabled with `set_option linter.unusedSimpArgs false`
warning: M6FinalDependencies.lean:2266:6: Unused tactic linter: `change (L' a = b ↔ L a = b.val)` does nothing

Note: This linter can be disabled with `set_option linter.unusedTactic false`
warning: M6FinalDependencies.lean:2447:33: try 'simp' instead of 'simpa'

Note: This linter can be disabled with `set_option linter.unnecessarySimpa false`
warning: M6FinalDependencies.lean:2486:33: try 'simp' instead of 'simpa'

Note: This linter can be disabled with `set_option linter.unnecessarySimpa false`
warning: M6FinalDependencies.lean:2584:4: Try `simp at hmem` instead of `simpa using hmem`

Note: This linter can be disabled with `set_option linter.unnecessarySimpa false`
warning: M6FinalDependencies.lean:2642:35: Used `tac1 <;> tac2` where `(tac1; tac2)` would suffice

Note: This linter can be disabled with `set_option linter.unnecessarySeqFocus false`
warning: M6FinalDependencies.lean:2689:2: Unused tactic linter: `change
  ∀ R : ℕ, Filter.Tendsto (fun N : ℕ => (N : ℝ) ^ 3 * (4 : ℝ) ^ R / (4 : ℝ) ^ N) Filter.atTop (nhds 0)` does nothing

Note: This linter can be disabled with `set_option linter.unusedTactic false`
warning: M6FinalDependencies.lean:2695:2: Unused tactic linter: `change M6.FixedSpan.recipe.Monic ∧ M6.FixedSpan.recipe.natDegree = 2` does nothing

Note: This linter can be disabled with `set_option linter.unusedTactic false`
warning: M6FinalDependencies.lean:2702:2: Unused tactic linter: `change ∀ N : ℕ, 3 ∣ N → M6.FixedSpan.recipe ∣ M6.Cyclic.modulus N` does nothing

Note: This linter can be disabled with `set_option linter.unusedTactic false`
warning: M6FinalDependencies.lean:2729:2: Unused tactic linter: `change M6.FixedSpan.recipe.support = {0, 1, 2}` does nothing

Note: This linter can be disabled with `set_option linter.unusedTactic false`
warning: M6FinalDependencies.lean:2737:2: Unused tactic linter: `change
  ∀ R : ℕ, Filter.Tendsto (fun N : ℕ => (N : ℝ) ^ 4 * (4 : ℝ) ^ R / (4 : ℝ) ^ N) Filter.atTop (nhds 0)` does nothing

Note: This linter can be disabled with `set_option linter.unusedTactic false`
warning: M6FinalDependencies.lean:2743:2: Unused tactic linter: `change
  ∀ N : ℕ,
    3 ∣ N →
      M6.Cyclic.signature M6.FixedSpan.recipe M6.FixedSpan.recipe (M6.Cyclic.modulus N) =
        M6.FixedSpan.recipe` does nothing

Note: This linter can be disabled with `set_option linter.unusedTactic false`
warning: M6FinalDependencies.lean:2768:2: Unused tactic linter: `change
  ∀ (a b : M6.Final.BP), a.coeff 0 = 1 → b.coeff 0 = 1 → M6.ActualTransfer.span a b = 0 → a = 1 ∧ b = 1` does nothing

Note: This linter can be disabled with `set_option linter.unusedTactic false`
warning: M6FinalDependencies.lean:2782:41: `if_true` has been deprecated: Use `ite_true` instead
warning: M6FinalDependencies.lean:2783:42: This simp argument is unused:
  M6.ActualTransfer.window

Hint: Omit it from the simp argument list.
  [apply] simp [M6.ActualTransfer.boundaryWeight, M6.Character.boundaryFactor, M6.Pinned.free]

Note: This linter can be disabled with `set_option linter.unusedSimpArgs false`
warning: M6FinalDependencies.lean:2803:2: Used `tac1 <;> tac2` where `(tac1; tac2)` would suffice

Note: This linter can be disabled with `set_option linter.unnecessarySeqFocus false`
warning: M6FinalDependencies.lean:2814:2: Unused tactic linter: `change ∀ N : ℕ, M6.Cyclic.signature 1 1 (M6.Cyclic.modulus N) = 1` does nothing

Note: This linter can be disabled with `set_option linter.unusedTactic false`
warning: M6FinalDependencies.lean:2822:2: Try this: 
  haveI̵

The goal is a proposition, so `have` is preferred over `haveI`.
The difference between `have` and `haveI` is that `haveI` inlines the value.
But this is not relevant for proofs because of proof irrelevance.

Note: This linter can be disabled with `set_option linter.style.haveILetI false`
warning: M6FinalDependencies.lean:2823:2: Try this: 
  letI̵

The goal is a proposition, so `let` is preferred over `letI`.
The difference between `let` and `letI` is that `letI` inlines the value.
But this is not relevant for proofs because of proof irrelevance.

Note: This linter can be disabled with `set_option linter.style.haveILetI false`
warning: M6FinalDependencies.lean:2819:2: Unused tactic linter: `change
  ∀ (N : ℕ) (W : ℕ → M6.Transfer.Memory 0 → M6.Transfer.Bit → Polynomial ℤ) (p : Polynomial ℤ),
    (∀ i m n, M6.Transfer.edgeMatrix (W i) m n = p) → M6.Transfer.arrayTrace W N = p ^ N` does nothing

Note: This linter can be disabled with `set_option linter.unusedTactic false`
warning: M6FinalDependencies.lean:2874:2: Unused tactic linter: `change
  ∀ R N : ℕ, 0 < N → M6.Transfer.addressLocations R N ≤ 2 ^ (M6.Transfer.addressBits R N)` does nothing

Note: This linter can be disabled with `set_option linter.unusedTactic false`
warning: M6FinalDependencies.lean:2897:34: this tactic is never executed

Note: This linter can be disabled with `set_option linter.unreachableTactic false`
warning: M6FinalDependencies.lean:2897:34: Unused tactic linter: `nlinarith` does nothing

Note: This linter can be disabled with `set_option linter.unusedTactic false`
warning: M6FinalDependencies.lean:2902:45: This simp argument is unused:
  Fintype.card_fun

Hint: Omit it from the simp argument list.
  [apply] simp [M6.Transfer.Memory, M6.Transfer.Bit, ZMod.card]

Note: This linter can be disabled with `set_option linter.unusedSimpArgs false`
warning: M6FinalDependencies.lean:2900:2: Unused tactic linter: `change ∀ R : ℕ, Fintype.card (M6.Transfer.Memory R) = 2 ^ R` does nothing

Note: This linter can be disabled with `set_option linter.unusedTactic false`
warning: M6FinalDependencies.lean:2905:2: Unused tactic linter: `change ∀ R N : ℕ, R < N → M6.Transfer.traceStorageModel R N ≤ 128 * N ^ 2 * 2 ^ R` does nothing

Note: This linter can be disabled with `set_option linter.unusedTactic false`
warning: M6FinalDependencies.lean:2940:2: Unused tactic linter: `change ∀ R N : ℕ, M6.Transfer.traceCoefficientOps R N = 6 * N * (2 * N + 1) * 4 ^ R` does nothing

Note: This linter can be disabled with `set_option linter.unusedTactic false`
warning: M6FinalDependencies.lean:2951:2: Unused tactic linter: `change ∀ R N : ℕ, R < N → M6.Transfer.traceWorkModel R N ≤ 4096 * N ^ 3 * 4 ^ R` does nothing

Note: This linter can be disabled with `set_option linter.unusedTactic false`
warning: M6FinalDependencies.lean:3013:26: This simp argument is unused:
  M6.Transfer.state_count

Hint: Omit it from the simp argument list.
  [apply] simp

Note: This linter can be disabled with `set_option linter.unusedSimpArgs false`
warning: M6FinalDependencies.lean:3018:2: Unused tactic linter: `change
  ∀ (p : Polynomial ℤ) (L : ℕ), (∑ d : Fin L, (p.coeff d.val).natAbs) ≤ M6.Transfer.polynomialMass p` does nothing

Note: This linter can be disabled with `set_option linter.unusedTactic false`
warning: M6FinalDependencies.lean:3041:2: Unused tactic linter: `change
  ∀ (R N : ℕ) (v : M6.Transfer.Memory R → Polynomial ℤ),
    M6.Transfer.arrayMass (M6.Transfer.encodeCoefficients (N := N) v) ≤ M6.Transfer.rowMass v` does nothing

Note: This linter can be disabled with `set_option linter.unusedTactic false`
warning: M6FinalDependencies.lean:3069:57: This simp argument is unused:
  mul_left_comm

Hint: Omit it from the simp argument list.
  [apply] simp [M6.Transfer.Bit, ← Finset.mul_sum, mul_comm, mul_assoc]

Note: This linter can be disabled with `set_option linter.unusedSimpArgs false`
warning: M6FinalDependencies.lean:3069:72: This simp argument is unused:
  mul_assoc

Hint: Omit it from the simp argument list.
  [apply] simp [M6.Transfer.Bit, ← Finset.mul_sum, mul_comm, mul_left_comm]

Note: This linter can be disabled with `set_option linter.unusedSimpArgs false`
warning: M6FinalDependencies.lean:3069:83: Used `tac1 <;> tac2` where `(tac1; tac2)` would suffice

Note: This linter can be disabled with `set_option linter.unnecessarySeqFocus false`
warning: M6FinalDependencies.lean:3051:2: Unused tactic linter: `change
  ∀ (R N : ℕ) (W : M6.Transfer.Memory R → M6.Transfer.Bit → Polynomial ℤ) (input : M6.Transfer.CoefficientArray R N),
    (∀ m t, M6.Transfer.polynomialMass (W m t) ≤ 4) →
      M6.Transfer.eventMass W input ≤ 8 * M6.Transfer.arrayMass input` does nothing

Note: This linter can be disabled with `set_option linter.unusedTactic false`
warning: M6FinalDependencies.lean:3126:2: Unused tactic linter: `change ∀ R N : ℕ, 2 ^ R * 8 ^ N < 2 ^ (M6.Transfer.coefficientBits R N - 1)` does nothing

Note: This linter can be disabled with `set_option linter.unusedTactic false`
warning: M6FinalDependencies.lean:3154:42: This simp argument is unused:
  M6.Transfer.state_count

Hint: Omit it from the simp argument list.
  [apply] simp [M6.Transfer.scatterEventList, M6.Transfer.ScatterEvent, Fintype.card_prod, M6.Transfer.Bit, mul_assoc,
    mul_comm, mul_left_comm]

Note: This linter can be disabled with `set_option linter.unusedSimpArgs false`
warning: M6FinalDependencies.lean:3155:6: This simp argument is unused:
  mul_assoc

Hint: Omit it from the simp argument list.
  [apply] simp [M6.Transfer.scatterEventList, M6.Transfer.ScatterEvent, Fintype.card_prod, M6.Transfer.Bit,
    M6.Transfer.state_count, mul_comm, mul_left_comm]

Note: This linter can be disabled with `set_option linter.unusedSimpArgs false`
warning: M6FinalDependencies.lean:3155:42: Used `tac1 <;> tac2` where `(tac1; tac2)` would suffice

Note: This linter can be disabled with `set_option linter.unnecessarySeqFocus false`
warning: M6FinalDependencies.lean:3135:2: Unused tactic linter: `change ∀ R N : ℕ, R < N → M6.Transfer.actualTraceStorage R N ≤ 4096 * N ^ 2 * 2 ^ R` does nothing

Note: This linter can be disabled with `set_option linter.unusedTactic false`
warning: M6FinalDependencies.lean:3176:2: Unused tactic linter: `change ∀ R N : ℕ, R < N → M6.Transfer.actualTraceWork R N ≤ 16384 * N ^ 3 * 4 ^ R` does nothing

Note: This linter can be disabled with `set_option linter.unusedTactic false`
warning: M6FinalDependencies.lean:3231:4: Used `tac1 <;> tac2` where `(tac1; tac2)` would suffice

Note: This linter can be disabled with `set_option linter.unnecessarySeqFocus false`
warning: M6FinalDependencies.lean:3215:2: Unused tactic linter: `change
  ∀ R N : ℕ, R < N → M6.Transfer.actualTraceStorage R N < 2 ^ (M6.Transfer.actualAddressBits R N)` does nothing

Note: This linter can be disabled with `set_option linter.unusedTactic false`
warning: M6FinalDependencies.lean:3316:33: This simp argument is unused:
  M6.Transfer.actualAddressBits

Hint: Omit it from the simp argument list.
  [apply] simp only [M6.Transfer.pairedQueryStorage, M6.Transfer.queryCoefficientBits, M6.Transfer.coefficientBits,
    M6.Transfer.PostEvent, Fintype.card_prod, Fintype.card_fin]

Note: This linter can be disabled with `set_option linter.unusedSimpArgs false`
warning: M6FinalDependencies.lean:3317:4: This simp argument is unused:
  M6.Transfer.PostEvent

Hint: Omit it from the simp argument list.
  [apply] simp only [M6.Transfer.pairedQueryStorage, M6.Transfer.queryCoefficientBits, M6.Transfer.coefficientBits,
    M6.Transfer.actualAddressBits, Fintype.card_prod, Fintype.card_fin]

Note: This linter can be disabled with `set_option linter.unusedSimpArgs false`
warning: M6FinalDependencies.lean:3317:27: This simp argument is unused:
  Fintype.card_prod

Hint: Omit it from the simp argument list.
  [apply] simp only [M6.Transfer.pairedQueryStorage, M6.Transfer.queryCoefficientBits, M6.Transfer.coefficientBits,
    M6.Transfer.actualAddressBits, M6.Transfer.PostEvent, Fintype.card_fin]

Note: This linter can be disabled with `set_option linter.unusedSimpArgs false`
warning: M6FinalDependencies.lean:3317:46: This simp argument is unused:
  Fintype.card_fin

Hint: Omit it from the simp argument list.
  [apply] simp only [M6.Transfer.pairedQueryStorage, M6.Transfer.queryCoefficientBits, M6.Transfer.coefficientBits,
    M6.Transfer.actualAddressBits, M6.Transfer.PostEvent, Fintype.card_prod]

Note: This linter can be disabled with `set_option linter.unusedSimpArgs false`
warning: M6FinalDependencies.lean:3320:4: this tactic is never executed

Note: This linter can be disabled with `set_option linter.unreachableTactic false`
warning: M6FinalDependencies.lean:3324:4: this tactic is never executed

Note: This linter can be disabled with `set_option linter.unreachableTactic false`
warning: M6FinalDependencies.lean:3300:2: Unused tactic linter: `change ∀ R N : ℕ, R < N → M6.Transfer.pairedQueryStorage R N ≤ 8192 * N ^ 2 * 2 ^ R` does nothing

Note: This linter can be disabled with `set_option linter.unusedTactic false`
warning: M6FinalDependencies.lean:3320:4: Unused tactic linter: `simp only [M6.Transfer.actualTraceStorage, M6.Transfer.traceStorageModel,
  M6.Transfer.coefficientBits, M6.Transfer.actualAddressBits, M6.Transfer.addressBits, M6.Transfer.CoefficientAddress,
  Fintype.card_prod, Fintype.card_fin, M6.Transfer.state_count]` does nothing

Note: This linter can be disabled with `set_option linter.unusedTactic false`
warning: M6FinalDependencies.lean:3324:4: Unused tactic linter: `nlinarith` does nothing

Note: This linter can be disabled with `set_option linter.unusedTactic false`
warning: M6FinalDependencies.lean:3341:6: This simp argument is unused:
  M6.Transfer.actualAddressBits

Hint: Omit it from the simp argument list.
  [apply] simp [M6.Transfer.postWork, M6.Transfer.PostEvent, M6.Transfer.queryCoefficientBits,
    M6.Transfer.coefficientBits, M6.Transfer.addressBits]

Note: This linter can be disabled with `set_option linter.unusedSimpArgs false`
warning: M6FinalDependencies.lean:3341:37: This simp argument is unused:
  M6.Transfer.addressBits

Hint: Omit it from the simp argument list.
  [apply] simp [M6.Transfer.postWork, M6.Transfer.PostEvent, M6.Transfer.queryCoefficientBits,
    M6.Transfer.coefficientBits, M6.Transfer.actualAddressBits]

Note: This linter can be disabled with `set_option linter.unusedSimpArgs false`
warning: M6FinalDependencies.lean:3342:4: Used `tac1 <;> tac2` where `(tac1; tac2)` would suffice

Note: This linter can be disabled with `set_option linter.unnecessarySeqFocus false`
warning: M6FinalDependencies.lean:3327:2: Unused tactic linter: `change ∀ R N : ℕ, R < N → M6.Transfer.pairedQueryWork R N ≤ 40000 * N ^ 3 * 4 ^ R` does nothing

Note: This linter can be disabled with `set_option linter.unusedTactic false`
warning: M6FinalDependencies.lean:3349:31: This simp argument is unused:
  M6.Transfer.Bit

Hint: Omit it from the simp argument list.
  [apply] simp [M6.Transfer.PostEvent, Fintype.card_prod]

Note: This linter can be disabled with `set_option linter.unusedSimpArgs false`
warning: M6FinalDependencies.lean:3349:67: Used `tac1 <;> tac2` where `(tac1; tac2)` would suffice

Note: This linter can be disabled with `set_option linter.unnecessarySeqFocus false`
warning: M6FinalDependencies.lean:3347:2: Unused tactic linter: `change ∀ N : ℕ, Fintype.card (M6.Transfer.PostEvent N) = 4 * (2 * N + 1)` does nothing

Note: This linter can be disabled with `set_option linter.unusedTactic false`
warning: M6FinalDependencies.lean:3365:34: This simp argument is unused:
  M6.Transfer.pinMaintenanceWork

Hint: Omit it from the simp argument list.
  [apply] simp [M6.Transfer.distanceWork, M6.Transfer.PostEvent, M6.Transfer.queryCoefficientBits,
    M6.Transfer.coefficientBits, M6.Transfer.actualAddressBits, M6.Transfer.addressBits]

Note: This linter can be disabled with `set_option linter.unusedSimpArgs false`
warning: M6FinalDependencies.lean:3366:4: This simp argument is unused:
  M6.Transfer.PostEvent

Hint: Omit it from the simp argument list.
  [apply] simp [M6.Transfer.distanceWork, M6.Transfer.pinMaintenanceWork, M6.Transfer.queryCoefficientBits,
    M6.Transfer.coefficientBits, M6.Transfer.actualAddressBits, M6.Transfer.addressBits]

Note: This linter can be disabled with `set_option linter.unusedSimpArgs false`
warning: M6FinalDependencies.lean:3366:27: This simp argument is unused:
  M6.Transfer.queryCoefficientBits

Hint: Omit it from the simp argument list.
  [apply] simp [M6.Transfer.distanceWork, M6.Transfer.pinMaintenanceWork, M6.Transfer.PostEvent,
    M6.Transfer.coefficientBits, M6.Transfer.actualAddressBits, M6.Transfer.addressBits]

Note: This linter can be disabled with `set_option linter.unusedSimpArgs false`
warning: M6FinalDependencies.lean:3367:4: This simp argument is unused:
  M6.Transfer.coefficientBits

Hint: Omit it from the simp argument list.
  [apply] simp [M6.Transfer.distanceWork, M6.Transfer.pinMaintenanceWork, M6.Transfer.PostEvent,
    M6.Transfer.queryCoefficientBits, M6.Transfer.actualAddressBits, M6.Transfer.addressBits]

Note: This linter can be disabled with `set_option linter.unusedSimpArgs false`
warning: M6FinalDependencies.lean:3367:33: This simp argument is unused:
  M6.Transfer.actualAddressBits

Hint: Omit it from the simp argument list.
  [apply] simp [M6.Transfer.distanceWork, M6.Transfer.pinMaintenanceWork, M6.Transfer.PostEvent,
    M6.Transfer.queryCoefficientBits, M6.Transfer.coefficientBits, M6.Transfer.addressBits]

Note: This linter can be disabled with `set_option linter.unusedSimpArgs false`
warning: M6FinalDependencies.lean:3368:4: This simp argument is unused:
  M6.Transfer.addressBits

Hint: Omit it from the simp argument list.
  [apply] simp [M6.Transfer.distanceWork, M6.Transfer.pinMaintenanceWork, M6.Transfer.PostEvent,
    M6.Transfer.queryCoefficientBits, M6.Transfer.coefficientBits, M6.Transfer.actualAddressBits]

Note: This linter can be disabled with `set_option linter.unusedSimpArgs false`
warning: M6FinalDependencies.lean:3369:2: Used `tac1 <;> tac2` where `(tac1; tac2)` would suffice

Note: This linter can be disabled with `set_option linter.unnecessarySeqFocus false`
warning: M6FinalDependencies.lean:3352:2: Unused tactic linter: `change
  ∀ R N e : ℕ, R < N → e ≤ 180 * (N + 1) ^ 3 → M6.Transfer.distanceWork R N e ≤ 50000 * N ^ 3 * 4 ^ R` does nothing

Note: This linter can be disabled with `set_option linter.unusedTactic false`
warning: M6FinalDependencies.lean:3384:39: This simp argument is unused:
  M6.Transfer.queryCoefficientBits

Hint: Omit it from the simp argument list.
  [apply] simp only [M6.Transfer.solveStorage, M6.Transfer.coefficientBits, M6.Transfer.actualAddressBits,
    M6.Transfer.PostEvent, Fintype.card_prod, Fintype.card_fin]

Note: This linter can be disabled with `set_option linter.unusedSimpArgs false`
warning: M6FinalDependencies.lean:3385:4: This simp argument is unused:
  M6.Transfer.coefficientBits

Hint: Omit it from the simp argument list.
  [apply] simp only [M6.Transfer.solveStorage, M6.Transfer.queryCoefficientBits, M6.Transfer.actualAddressBits,
    M6.Transfer.PostEvent, Fintype.card_prod, Fintype.card_fin]

Note: This linter can be disabled with `set_option linter.unusedSimpArgs false`
warning: M6FinalDependencies.lean:3385:33: This simp argument is unused:
  M6.Transfer.actualAddressBits

Hint: Omit it from the simp argument list.
  [apply] simp only [M6.Transfer.solveStorage, M6.Transfer.queryCoefficientBits, M6.Transfer.coefficientBits,
    M6.Transfer.PostEvent, Fintype.card_prod, Fintype.card_fin]

Note: This linter can be disabled with `set_option linter.unusedSimpArgs false`
warning: M6FinalDependencies.lean:3386:4: This simp argument is unused:
  M6.Transfer.PostEvent

Hint: Omit it from the simp argument list.
  [apply] simp only [M6.Transfer.solveStorage, M6.Transfer.queryCoefficientBits, M6.Transfer.coefficientBits,
    M6.Transfer.actualAddressBits, Fintype.card_prod, Fintype.card_fin]

Note: This linter can be disabled with `set_option linter.unusedSimpArgs false`
warning: M6FinalDependencies.lean:3386:27: This simp argument is unused:
  Fintype.card_prod

Hint: Omit it from the simp argument list.
  [apply] simp only [M6.Transfer.solveStorage, M6.Transfer.queryCoefficientBits, M6.Transfer.coefficientBits,
    M6.Transfer.actualAddressBits, M6.Transfer.PostEvent, Fintype.card_fin]

Note: This linter can be disabled with `set_option linter.unusedSimpArgs false`
warning: M6FinalDependencies.lean:3386:46: This simp argument is unused:
  Fintype.card_fin

Hint: Omit it from the simp argument list.
  [apply] simp only [M6.Transfer.solveStorage, M6.Transfer.queryCoefficientBits, M6.Transfer.coefficientBits,
    M6.Transfer.actualAddressBits, M6.Transfer.PostEvent, Fintype.card_prod]

Note: This linter can be disabled with `set_option linter.unusedSimpArgs false`
warning: M6FinalDependencies.lean:3372:2: Unused tactic linter: `change
  ∀ R N slots : ℕ,
    R < N → slots ≤ 512 * (N + 1) ^ 2 → M6.Transfer.solveStorage R N slots ≤ 16384 * N ^ 2 * 2 ^ R` does nothing

Note: This linter can be disabled with `set_option linter.unusedTactic false`
warning: M6FinalDependencies.lean:3425:33: This simp argument is unused:
  M6.Transfer.distanceWork

Hint: Omit it from the simp argument list.
  [apply] simp [M6.Transfer.witnessWork, M6.Transfer.pinMaintenanceWork, M6.Transfer.queryCoefficientBits,
    M6.Transfer.coefficientBits, M6.Transfer.actualAddressBits, M6.Transfer.addressBits]

Note: This linter can be disabled with `set_option linter.unusedSimpArgs false`
warning: M6FinalDependencies.lean:3427:33: This simp argument is unused:
  M6.Transfer.actualAddressBits

Hint: Omit it from the simp argument list.
  [apply] simp [M6.Transfer.witnessWork, M6.Transfer.distanceWork, M6.Transfer.pinMaintenanceWork,
    M6.Transfer.queryCoefficientBits, M6.Transfer.coefficientBits, M6.Transfer.addressBits]

Note: This linter can be disabled with `set_option linter.unusedSimpArgs false`
warning: M6FinalDependencies.lean:3428:4: This simp argument is unused:
  M6.Transfer.addressBits

Hint: Omit it from the simp argument list.
  [apply] simp [M6.Transfer.witnessWork, M6.Transfer.distanceWork, M6.Transfer.pinMaintenanceWork,
    M6.Transfer.queryCoefficientBits, M6.Transfer.coefficientBits, M6.Transfer.actualAddressBits]

Note: This linter can be disabled with `set_option linter.unusedSimpArgs false`
warning: M6FinalDependencies.lean:3429:2: Used `tac1 <;> tac2` where `(tac1; tac2)` would suffice

Note: This linter can be disabled with `set_option linter.unnecessarySeqFocus false`
warning: M6FinalDependencies.lean:3390:2: Unused tactic linter: `change
  ∀ R N e k : ℕ,
    R < N → e ≤ 180 * (N + 1) ^ 3 → k ≤ 2 * N → M6.Transfer.witnessWork R N e k ≤ 200000 * N ^ 4 * 4 ^ R` does nothing

Note: This linter can be disabled with `set_option linter.unusedTactic false`
warning: M6FinalDependencies.lean:3435:6: `Polynomial.finset_sum_coeff` has been deprecated: Use `Polynomial.finsetSum_coeff` instead
warning: M6FinalDependencies.lean:3467:13: `Polynomial.finset_sum_coeff` has been deprecated: Use `Polynomial.finsetSum_coeff` instead
warning: M6FinalDependencies.lean:3494:2: Unused tactic linter: `change
  ∀ (R N : ℕ) (z w : ℤ) (j k : ℕ),
    z.natAbs ≤ 2 ^ R * 8 ^ N →
      w.natAbs ≤ 2 ^ R * 8 ^ N →
        (z / (2 : ℤ) ^ j - w / (2 : ℤ) ^ k).natAbs < 2 ^ (M6.Transfer.queryCoefficientBits R N - 1)` does nothing

Note: This linter can be disabled with `set_option linter.unusedTactic false`
warning: M6FinalDependencies.lean:3543:2: Unused tactic linter: `change ∀ p : M6.Euclid.BP, (p ≠ 0 → p.Monic) ∧ normalize p = p` does nothing

Note: This linter can be disabled with `set_option linter.unusedTactic false`
warning: M6FinalDependencies.lean:3562:67: This simp argument is unused:
  add_assoc

Hint: Omit it from the simp argument list.
  [apply] simp [M6.Euclid.cancel, sub_eq_add_neg, add_comm, add_left_comm]

Note: This linter can be disabled with `set_option linter.unusedSimpArgs false`
warning: M6FinalDependencies.lean:3559:2: Unused tactic linter: `change ∀ p q : M6.Euclid.BP, M6.Euclid.cancel p q % q = p % q` does nothing

Note: This linter can be disabled with `set_option linter.unusedTactic false`
warning: M6FinalDependencies.lean:3565:2: Unused tactic linter: `change
  ∀ (N : ℕ) (p q : M6.Euclid.BP),
    M6.Euclid.rank p ≤ N + 1 →
      M6.Euclid.rank q ≤ N + 1 → M6.Euclid.dense N p = M6.Euclid.dense N q → p = q` does nothing

Note: This linter can be disabled with `set_option linter.unusedTactic false`
warning: M6FinalDependencies.lean:3590:2: Unused tactic linter: `change
  ∀ (width : ℕ) (p : M6.Euclid.BP),
    M6.Euclid.rank p ≤ width → M6.Euclid.scanRank width p = M6.Euclid.rank p` does nothing

Note: This linter can be disabled with `set_option linter.unusedTactic false`
warning: M6FinalDependencies.lean:3623:2: Unused tactic linter: `change
  ∀ p q : M6.Euclid.BP,
    (M6.Euclid.rank p < M6.Euclid.rank q ↔ p.degree < q.degree) ∧
      (M6.Euclid.rank p ≤ M6.Euclid.rank q ↔ p.degree ≤ q.degree)` does nothing

Note: This linter can be disabled with `set_option linter.unusedTactic false`
warning: M6FinalDependencies.lean:3646:39: This simp argument is unused:
  Nat.add_assoc

Hint: Omit it from the simp argument list.
  [apply] simp [ih, Nat.mul_add, Nat.add_comm, Nat.add_left_comm]

Note: This linter can be disabled with `set_option linter.unusedSimpArgs false`
warning: M6FinalDependencies.lean:3636:2: Unused tactic linter: `change
  ∀ (fuel : ℕ) (p q : M6.Euclid.BP),
    (M6.Euclid.remainderAux fuel p q).passes = 2 * (M6.Euclid.remainderAux fuel p q).cancellations + 1` does nothing

Note: This linter can be disabled with `set_option linter.unusedTactic false`
warning: M6FinalDependencies.lean:3649:2: Unused tactic linter: `change
  ∀ width : ℕ,
    M6.Euclid.scanCost width = width * (6 * width + 4) ∧
      (0 < width → M6.Euclid.scanCost width ≤ 10 * width ^ 2)` does nothing

Note: This linter can be disabled with `set_option linter.unusedTactic false`
warning: M6FinalDependencies.lean:3670:2: Unused tactic linter: `change
  ∀ p q : M6.Euclid.BP,
    p ≠ 0 → q ≠ 0 → q.degree ≤ p.degree → M6.Euclid.rank (M6.Euclid.cancel p q) < M6.Euclid.rank p` does nothing

Note: This linter can be disabled with `set_option linter.unusedTactic false`
warning: M6FinalDependencies.lean:3684:32: This simp argument is unused:
  mul_comm

Hint: Omit it from the simp argument list.
  [apply] simp [M6.Euclid.cancel, hl, mul_left_comm, mul_assoc]

Note: This linter can be disabled with `set_option linter.unusedSimpArgs false`
warning: M6FinalDependencies.lean:3684:42: This simp argument is unused:
  mul_left_comm

Hint: Omit it from the simp argument list.
  [apply] simp [M6.Euclid.cancel, hl, mul_comm, mul_assoc]

Note: This linter can be disabled with `set_option linter.unusedSimpArgs false`
warning: M6FinalDependencies.lean:3684:57: This simp argument is unused:
  mul_assoc

Hint: Omit it from the simp argument list.
  [apply] simp [M6.Euclid.cancel, hl, mul_comm, mul_left_comm]

Note: This linter can be disabled with `set_option linter.unusedSimpArgs false`
warning: M6FinalDependencies.lean:3679:2: Unused tactic linter: `change ∀ (N : ℕ) (p q : M6.Euclid.BP), p ≠ 0 → _` does nothing

Note: This linter can be disabled with `set_option linter.unusedTactic false`
warning: M6FinalDependencies.lean:3702:136: Used `tac1 <;> tac2` where `(tac1; tac2)` would suffice

Note: This linter can be disabled with `set_option linter.unnecessarySeqFocus false`
warning: M6FinalDependencies.lean:3692:2: Unused tactic linter: `change
  ∀ (fuel : ℕ) (p q : M6.Euclid.BP),
    (M6.Euclid.euclidAux fuel p q).passes =
      2 * (M6.Euclid.euclidAux fuel p q).cancellations + 3 * (M6.Euclid.euclidAux fuel p q).rounds + 1` does nothing

Note: This linter can be disabled with `set_option linter.unusedTactic false`
warning: M6FinalDependencies.lean:3705:2: Unused tactic linter: `change ∀ p q : M6.Euclid.BP, EuclideanDomain.gcd q p = GCDMonoid.gcd p q` does nothing

Note: This linter can be disabled with `set_option linter.unusedTactic false`
warning: M6FinalDependencies.lean:3720:59: this tactic is never executed

Note: This linter can be disabled with `set_option linter.unreachableTactic false`
warning: M6FinalDependencies.lean:3718:2: Unused tactic linter: `change
  ∀ p q : M6.Euclid.BP,
    (M6.Euclid.euclid p q).passes =
      2 * (M6.Euclid.euclid p q).cancellations + 3 * (M6.Euclid.euclid p q).rounds + 2` does nothing

Note: This linter can be disabled with `set_option linter.unusedTactic false`
warning: M6FinalDependencies.lean:3720:59: Unused tactic linter: `omega` does nothing

Note: This linter can be disabled with `set_option linter.unusedTactic false`
warning: M6FinalDependencies.lean:3723:2: Unused tactic linter: `change
  ∀ (fuel : ℕ) (p q : M6.Euclid.BP),
    M6.Euclid.rank p ≤ fuel →
      (M6.Euclid.remainderAux fuel p q).value = p % q ∧
        (M6.Euclid.remainderAux fuel p q).cancellations + M6.Euclid.rank (M6.Euclid.remainderAux fuel p q).value ≤
          M6.Euclid.rank p` does nothing

Note: This linter can be disabled with `set_option linter.unusedTactic false`
warning: M6FinalDependencies.lean:3755:2: Unused tactic linter: `change
  ∀ (fuel : ℕ) (p q : M6.Euclid.BP) (width : ℕ),
    M6.Euclid.rank p ≤ width → M6.Euclid.rank q ≤ width → M6.Euclid.remainderSafe fuel p q width` does nothing

Note: This linter can be disabled with `set_option linter.unusedTactic false`
warning: M6FinalDependencies.lean:3777:2: Unused tactic linter: `change
  ∀ p q : M6.Euclid.BP,
    (M6.Euclid.remainder p q).value = p % q ∧
      (M6.Euclid.remainder p q).cancellations + M6.Euclid.rank (M6.Euclid.remainder p q).value ≤ M6.Euclid.rank p ∧
        (q ≠ 0 → M6.Euclid.rank (M6.Euclid.remainder p q).value < M6.Euclid.rank q)` does nothing

Note: This linter can be disabled with `set_option linter.unusedTactic false`
warning: M6FinalDependencies.lean:3799:82: This simp argument is unused:
  (M6.Euclid.binary_normalization p).2

Hint: Omit it from the simp argument list.
  [apply] simp [M6.Euclid.euclidAux, M6.Euclid.rank, EuclideanDomain.gcd_zero_left]

Note: This linter can be disabled with `set_option linter.unusedSimpArgs false`
warning: M6FinalDependencies.lean:3789:2: Unused tactic linter: `change
  ∀ (fuel : ℕ) (p q : M6.Euclid.BP),
    M6.Euclid.rank q < fuel →
      (M6.Euclid.euclidAux fuel p q).value = EuclideanDomain.gcd q p ∧
        (M6.Euclid.euclidAux fuel p q).cancellations + M6.Euclid.rank (M6.Euclid.euclidAux fuel p q).value ≤
            M6.Euclid.rank p + M6.Euclid.rank q ∧
          (M6.Euclid.euclidAux fuel p q).rounds ≤ M6.Euclid.rank q` does nothing

Note: This linter can be disabled with `set_option linter.unusedTactic false`
warning: M6FinalDependencies.lean:3818:6: try 'simp' instead of 'simpa'

Note: This linter can be disabled with `set_option linter.unnecessarySimpa false`
warning: M6FinalDependencies.lean:3822:8: try 'simp' instead of 'simpa'

Note: This linter can be disabled with `set_option linter.unnecessarySimpa false`
warning: M6FinalDependencies.lean:3813:2: Unused tactic linter: `change
  ∀ (fuel : ℕ) (p q : M6.Euclid.BP),
    M6.Euclid.rank (M6.Euclid.euclidAux fuel p q).value ≤ max (M6.Euclid.rank p) (M6.Euclid.rank q)` does nothing

Note: This linter can be disabled with `set_option linter.unusedTactic false`
warning: M6FinalDependencies.lean:3830:2: Unused tactic linter: `change
  ∀ (fuel : ℕ) (p q : M6.Euclid.BP) (width : ℕ),
    M6.Euclid.rank p ≤ width → M6.Euclid.rank q ≤ width → M6.Euclid.euclidSafe fuel p q width` does nothing

Note: This linter can be disabled with `set_option linter.unusedTactic false`
warning: M6FinalDependencies.lean:3850:2: Unused tactic linter: `change
  ∀ p q : M6.Euclid.BP,
    (M6.Euclid.euclid p q).value = GCDMonoid.gcd p q ∧
      (M6.Euclid.euclid p q).cancellations ≤ M6.Euclid.rank p + M6.Euclid.rank q ∧
        (M6.Euclid.euclid p q).rounds ≤ M6.Euclid.rank q` does nothing

Note: This linter can be disabled with `set_option linter.unusedTactic false`
warning: M6FinalDependencies.lean:3859:2: Unused tactic linter: `change
  ∀ (N : ℕ) (p q : M6.Euclid.BP),
    p.natDegree ≤ N →
      q.natDegree ≤ N →
        M6.Euclid.bitCost N p q ≤ 90 * (N + 1) ^ 3 ∧
          M6.Euclid.euclidSafe (M6.Euclid.rank q + 1) p q (N + 1)` does nothing

Note: This linter can be disabled with `set_option linter.unusedTactic false`
warning: M6FinalDependencies.lean:3885:2: Unused tactic linter: `change
  ∀ (N : ℕ) (a b M : M6.Euclid.BP),
    a.natDegree ≤ N →
      b.natDegree ≤ N →
        M.natDegree ≤ N →
          (M6.Euclid.preprocess a b M).value = GCDMonoid.gcd (GCDMonoid.gcd a b) M ∧
            M6.Euclid.preprocessBitCost N a b M ≤ 180 * (N + 1) ^ 3` does nothing

Note: This linter can be disabled with `set_option linter.unusedTactic false`
warning: M6FinalDependencies.lean:4240:2: Unused tactic linter: `change
  ∀ (width v : ℕ), v ≤ 32 * width → v < 2 ^ (M6.EuclidStorage.registerBits width)` does nothing

Note: This linter can be disabled with `set_option linter.unusedTactic false`
warning: M6FinalDependencies.lean:4252:150: Used `tac1 <;> tac2` where `(tac1; tac2)` would suffice

Note: This linter can be disabled with `set_option linter.unnecessarySeqFocus false`
warning: M6FinalDependencies.lean:4249:2: Unused tactic linter: `change
  ∀ N : ℕ,
    M6.EuclidStorage.polynomialSlots.length = 4 ∧
      M6.EuclidStorage.controlSlots.length = 16 ∧
        M6.EuclidStorage.actualPreprocessStorage N ≤ 512 * (N + 1) ^ 2` does nothing

Note: This linter can be disabled with `set_option linter.unusedTactic false`
warning: M6FinalDependencies.lean:4268:41: This simp argument is unused:
  Nat.add_left_comm

Hint: Omit it from the simp argument list.
  [apply] simp_all [Nat.add_assoc, Nat.add_comm]

Note: This linter can be disabled with `set_option linter.unusedSimpArgs false`
warning: M6FinalDependencies.lean:4287:60: This simp argument is unused:
  List.mem_singleton

Hint: Omit it from the simp argument list.
  [apply] simp only [M6.EuclidStorage.controlValues, List.mem_cons, List.not_mem_nil, or_false, M6.Euclid.rank] at hv

Note: This linter can be disabled with `set_option linter.unusedSimpArgs false`
warning: M6FinalDependencies.lean:4283:2: Unused tactic linter: `change
  ∀ (width : ℕ) (s : M6.EuclidStorage.Slots) (fuel c e t : ℕ),
    M6.EuclidStorage.slotsFit width s →
      fuel ≤ 32 * width →
        c ≤ 32 * width →
          e ≤ 32 * width →
            t ≤ 32 * width →
              ∀ v ∈ M6.EuclidStorage.controlValues s fuel c e t,
                v < 2 ^ M6.EuclidStorage.registerBits width` does nothing

Note: This linter can be disabled with `set_option linter.unusedTactic false`
warning: M6FinalDependencies.lean:4312:14: `if_false` has been deprecated: Use `ite_false` instead
warning: M6FinalDependencies.lean:4359:35: This simp argument is unused:
  ite_true

Hint: Omit it from the simp argument list.
  [apply] simp only [hw, hq, hd, ite_false, false_or, or_false, false_and, and_false, true_and, and_true,
    not_false_eq_true]

Note: This linter can be disabled with `set_option linter.unusedSimpArgs false`
warning: M6FinalDependencies.lean:4359:56: This simp argument is unused:
  false_or

Hint: Omit it from the simp argument list.
  [apply] simp only [hw, hq, hd, ite_true, ite_false, or_false, false_and, and_false, true_and, and_true,
    not_false_eq_true]

Note: This linter can be disabled with `set_option linter.unusedSimpArgs false`
warning: M6FinalDependencies.lean:4360:14: This simp argument is unused:
  false_and

Hint: Omit it from the simp argument list.
  [apply] simp only [hw, hq, hd, ite_true, ite_false, false_or, or_false, and_false, true_and, and_true,
    not_false_eq_true]

Note: This linter can be disabled with `set_option linter.unusedSimpArgs false`
warning: M6FinalDependencies.lean:4360:25: This simp argument is unused:
  and_false

Hint: Omit it from the simp argument list.
  [apply] simp only [hw, hq, hd, ite_true, ite_false, false_or, or_false, false_and, true_and, and_true,
    not_false_eq_true]

Note: This linter can be disabled with `set_option linter.unusedSimpArgs false`
warning: M6FinalDependencies.lean:4360:36: This simp argument is unused:
  true_and

Hint: Omit it from the simp argument list.
  [apply] simp only [hw, hq, hd, ite_true, ite_false, false_or, or_false, false_and, and_false, and_true,
    not_false_eq_true]

Note: This linter can be disabled with `set_option linter.unusedSimpArgs false`
warning: M6FinalDependencies.lean:4360:46: This simp argument is unused:
  and_true

Hint: Omit it from the simp argument list.
  [apply] simp only [hw, hq, hd, ite_true, ite_false, false_or, or_false, false_and, and_false, true_and,
    not_false_eq_true]

Note: This linter can be disabled with `set_option linter.unusedSimpArgs false`
warning: M6FinalDependencies.lean:4360:56: This simp argument is unused:
  not_false_eq_true

Hint: Omit it from the simp argument list.
  [apply] simp only [hw, hq, hd, ite_true, ite_false, false_or, or_false, false_and, and_false, true_and, and_true]

Note: This linter can be disabled with `set_option linter.unusedSimpArgs false`
warning: M6FinalDependencies.lean:4407:46: This simp argument is unused:
  hp

Hint: Omit it from the simp argument list.
  [apply] simp only [M6.EuclidStorage.slotsFit, hq', hsaved, hwork, hcancel, hpasses, M6.Euclid.remainder, Nat.zero_add,
    Nat.add_zero, hz] at hs ⊢

Note: This linter can be disabled with `set_option linter.unusedSimpArgs false`
warning: M6FinalDependencies.lean:4408:35: This simp argument is unused:
  M6.Euclid.remainder

Hint: Omit it from the simp argument list.
  [apply] simp only [M6.EuclidStorage.slotsFit, hp, hq', hsaved, hwork, hcancel, hpasses, Nat.zero_add, Nat.add_zero,
    hz] at hs ⊢

Note: This linter can be disabled with `set_option linter.unusedSimpArgs false`
warning: M6FinalDependencies.lean:4409:24: This simp argument is unused:
  Nat.add_zero

Hint: Omit it from the simp argument list.
  [apply] simp only [M6.EuclidStorage.slotsFit, hp, hq', hsaved, hwork, hcancel, hpasses, M6.Euclid.remainder,
    Nat.zero_add, hz] at hs ⊢

Note: This linter can be disabled with `set_option linter.unusedSimpArgs false`
warning: M6FinalDependencies.lean:4409:38: This simp argument is unused:
  hz

Hint: Omit it from the simp argument list.
  [apply] simp only [M6.EuclidStorage.slotsFit, hp, hq', hsaved, hwork, hcancel, hpasses, M6.Euclid.remainder,
    Nat.zero_add, Nat.add_zero] at hs ⊢

Note: This linter can be disabled with `set_option linter.unusedSimpArgs false`
warning: M6FinalDependencies.lean:4417:37: This simp argument is unused:
  M6.Euclid.remainder

Hint: Omit it from the simp argument list.
  [apply] simp only [M6.EuclidStorage.slotsFit, hp, hq', hsaved, hwork, hcancel, hpasses, Nat.zero_add, Nat.add_zero,
    hz] at *

Note: This linter can be disabled with `set_option linter.unusedSimpArgs false`
warning: M6FinalDependencies.lean:4418:26: This simp argument is unused:
  Nat.add_zero

Hint: Omit it from the simp argument list.
  [apply] simp only [M6.EuclidStorage.slotsFit, hp, hq', hsaved, hwork, hcancel, hpasses, M6.Euclid.remainder,
    Nat.zero_add, hz] at *

Note: This linter can be disabled with `set_option linter.unusedSimpArgs false`
warning: M6FinalDependencies.lean:4467:18: This simp argument is unused:
  Nat.add_zero

Hint: Omit it from the simp argument list.
  [apply] simp only [M6.EuclidStorage.toRun, M6.EuclidStorage.offset, Nat.zero_add] at hv hc he ht

Note: This linter can be disabled with `set_option linter.unusedSimpArgs false`
warning: M6FinalDependencies.lean:4473:24: This simp argument is unused:
  Nat.add_assoc

Hint: Omit it from the simp argument list.
  [apply] simp [M6.Euclid.preprocess, M6.EuclidStorage.offset, hs, hv, hc, he, ht, Nat.add_left_comm, Nat.add_comm]

Note: This linter can be disabled with `set_option linter.unusedSimpArgs false`
warning: M6FinalDependencies.lean:4473:39: This simp argument is unused:
  Nat.add_left_comm

Hint: Omit it from the simp argument list.
  [apply] simp [M6.Euclid.preprocess, M6.EuclidStorage.offset, hs, hv, hc, he, ht, Nat.add_assoc, Nat.add_comm]

Note: This linter can be disabled with `set_option linter.unusedSimpArgs false`
warning: M6FinalDependencies.lean:4473:58: This simp argument is unused:
  Nat.add_comm

Hint: Omit it from the simp argument list.
  [apply] simp [M6.Euclid.preprocess, M6.EuclidStorage.offset, hs, hv, hc, he, ht, Nat.add_assoc, Nat.add_left_comm]

Note: This linter can be disabled with `set_option linter.unusedSimpArgs false`
warning: M6FinalDependencies.lean:4514:18: This simp argument is unused:
  Nat.add_zero

Hint: Omit it from the simp argument list.
  [apply] simp only [M6.EuclidStorage.toRun, M6.EuclidStorage.offset, Nat.zero_add] at hv hc he ht

Note: This linter can be disabled with `set_option linter.unusedSimpArgs false`
warning: M6FinalDependencies.lean:4549:2: Unused tactic linter: `change
  ∀ R N slots : ℕ,
    R < N →
      slots ≤ 512 * (N + 1) ^ 2 →
        M6.Transfer.solveStorage R N slots < 2 ^ (M6.Transfer.actualAddressBits R N)` does nothing

Note: This linter can be disabled with `set_option linter.unusedTactic false`
warning: M6FinalDependencies.lean:4576:2: Unused tactic linter: `change ∀ R N : ℕ, _` does nothing

Note: This linter can be disabled with `set_option linter.unusedTactic false`
warning: M6FinalDependencies.lean:4660:4: this tactic is never executed

Note: This linter can be disabled with `set_option linter.unreachableTactic false`
warning: M6FinalDependencies.lean:4661:4: this tactic is never executed

Note: This linter can be disabled with `set_option linter.unreachableTactic false`
warning: M6FinalDependencies.lean:4669:4: this tactic is never executed

Note: This linter can be disabled with `set_option linter.unreachableTactic false`
warning: M6FinalDependencies.lean:4670:4: this tactic is never executed

Note: This linter can be disabled with `set_option linter.unreachableTactic false`
warning: M6FinalDependencies.lean:4660:4: Unused tactic linter: `have hd := M6.Final.actual_distance_work` does nothing

Note: This linter can be disabled with `set_option linter.unusedTactic false`
warning: M6FinalDependencies.lean:4661:4: Unused tactic linter: `have hd := M6.actual_distance_work` does nothing

Note: This linter can be disabled with `set_option linter.unusedTactic false`
warning: M6FinalDependencies.lean:4669:4: Unused tactic linter: `have hw := M6.Final.actual_witness_work` does nothing

Note: This linter can be disabled with `set_option linter.unusedTactic false`
warning: M6FinalDependencies.lean:4670:4: Unused tactic linter: `have hw := M6.actual_witness_work` does nothing

Note: This linter can be disabled with `set_option linter.unusedTactic false`
warning: M6FinalDependencies.lean:4676:2: Unused tactic linter: `change M6.Final.FixedSpanCorrect` does nothing

Note: This linter can be disabled with `set_option linter.unusedTactic false`
warning: M6FinalDependencies.lean:4705:2: Unused tactic linter: `change M6.Final.ZeroSpanCorrect` does nothing

Note: This linter can be disabled with `set_option linter.unusedTactic false`
⚠ [8789/8814] Replayed M6FinalSealAccepted
warning: M6FinalSealAccepted.lean:11:2: Unused tactic linter: `change M6.Final.OriginalM6` does nothing

Note: This linter can be disabled with `set_option linter.unusedTactic false`
info: M6FinalSealAccepted.lean:15:0: 'M6.Final.recipe_correct' depends on axioms: [propext, Classical.choice, Quot.sound]
info: M6FinalSealAccepted.lean:16:0: 'M6.Final.storage_correct' depends on axioms: [propext, Classical.choice, Quot.sound]
info: M6FinalSealAccepted.lean:17:0: 'M6.Final.original_m6' depends on axioms: [propext, Classical.choice, Quot.sound]
⚠ [8791/8814] Replayed M7ConnectivityAccepted
warning: M7ConnectivityAccepted.lean:70:42: `Set.mem_setOf_eq` has been deprecated: Use `Set.mem_ofPred_eq` instead
warning: M7ConnectivityAccepted.lean:113:6: try 'simp' instead of 'simpa'

Note: This linter can be disabled with `set_option linter.unnecessarySimpa false`
info: M7ConnectivityAccepted.lean:257:0: 'M7.Connectivity.anchored_closure' depends on axioms: [propext, Classical.choice, Quot.sound]
info: M7ConnectivityAccepted.lean:258:0: 'M7.Connectivity.closure_equiv_top' depends on axioms: [propext, Classical.choice, Quot.sound]
info: M7ConnectivityAccepted.lean:259:0: 'M7.Connectivity.difference_affine' depends on axioms: [propext, Classical.choice, Quot.sound]
info: M7ConnectivityAccepted.lean:260:0: 'M7.Connectivity.connected_action' depends on axioms: [propext, Classical.choice, Quot.sound]
info: M7ConnectivityAccepted.lean:261:0: 'M7.Connectivity.difference_shift' depends on axioms: [propext, Classical.choice, Quot.sound]
info: M7ConnectivityAccepted.lean:262:0: 'M7.Connectivity.connected_shift' depends on axioms: [propext, Classical.choice, Quot.sound]
info: M7ConnectivityAccepted.lean:263:0: 'M7.Connectivity.gcd_mem' depends on axioms: [propext, Classical.choice, Quot.sound]
info: M7ConnectivityAccepted.lean:264:0: 'M7.Connectivity.nat_support_image' depends on axioms: [propext, Classical.choice, Quot.sound]
info: M7ConnectivityAccepted.lean:265:0: 'M7.Connectivity.scalar_mem' depends on axioms: [propext, Quot.sound]
info: M7ConnectivityAccepted.lean:266:0: 'M7.Connectivity.one_mem_top' depends on axioms: [propext, Classical.choice, Quot.sound]
info: M7ConnectivityAccepted.lean:267:0: 'M7.Connectivity.finite_generation_gcd' depends on axioms: [propext, Classical.choice, Quot.sound]
info: M7ConnectivityAccepted.lean:268:0: 'M7.Connectivity.anchored_gcd' depends on axioms: [propext, Classical.choice, Quot.sound]
info: M7ConnectivityAccepted.lean:269:0: 'M7.Connectivity.connected_admissible' depends on axioms: [propext, Classical.choice, Quot.sound]
info: M7ConnectivityAccepted.lean:270:0: 'M7.Connectivity.anchor_admissible' depends on axioms: [propext, Classical.choice, Quot.sound]
⚠ [8793/8814] Replayed M7TransportAccepted
warning: M7TransportAccepted.lean:30:26: This simp argument is unused:
  Bool.true_eq_false

Hint: Omit it from the simp argument list.
  [apply] simp only [M7.Transport.Xmap, M7.Transport.BX, M7.Transport.CX, M7.Action.act, Bool.false_eq_true, reduceIte,
    M7.Transport.affine_indicator]

Note: This linter can be disabled with `set_option linter.unusedSimpArgs false`
warning: M7TransportAccepted.lean:42:6: This simp argument is unused:
  Bool.false_eq_true

Hint: Omit it from the simp argument list.
  [apply] simp only [M7.Transport.Xmap, M7.Transport.BX, M7.Transport.CX, M7.Action.act, Bool.true_eq_false, reduceIte,
    M7.Transport.affine_indicator]

Note: This linter can be disabled with `set_option linter.unusedSimpArgs false`
warning: M7TransportAccepted.lean:42:26: This simp argument is unused:
  Bool.true_eq_false

Hint: Omit it from the simp argument list.
  [apply] simp only [M7.Transport.Xmap, M7.Transport.BX, M7.Transport.CX, M7.Action.act, Bool.false_eq_true, reduceIte,
    M7.Transport.affine_indicator]

Note: This linter can be disabled with `set_option linter.unusedSimpArgs false`
warning: M7TransportAccepted.lean:60:2: Unused tactic linter: `change
  (M7.Transport.LX (M7.Action.act g c)).image M6.Pinned.weight =
    (M7.Transport.LX c).image M6.Pinned.weight` does nothing

Note: This linter can be disabled with `set_option linter.unusedTactic false`
warning: M7TransportAccepted.lean:129:6: Try `simp at hm` instead of `simpa using hm`

Note: This linter can be disabled with `set_option linter.unnecessarySimpa false`
info: M7TransportAccepted.lean:161:0: 'M7.Transport.affine_indicator' depends on axioms: [propext, Classical.choice, Quot.sound]
info: M7TransportAccepted.lean:162:0: 'M7.Transport.action_isometry' depends on axioms: [propext, Classical.choice, Quot.sound]
info: M7TransportAccepted.lean:163:0: 'M7.Transport.x_logical' depends on axioms: [propext, Classical.choice, Quot.sound]
info: M7TransportAccepted.lean:164:0: 'M7.Transport.weight_sets' depends on axioms: [propext, Classical.choice, Quot.sound]
info: M7TransportAccepted.lean:165:0: 'M7.Transport.distance_invariant' depends on axioms: [propext, Classical.choice, Quot.sound]
info: M7TransportAccepted.lean:166:0: 'M7.Transport.z_logical' depends on axioms: [propext, Classical.choice, Quot.sound]
info: M7TransportAccepted.lean:167:0: 'M7.Transport.actual_witness' depends on axioms: [propext, Classical.choice, Quot.sound]
ℹ [8795/8814] Replayed M7ClosedSolveAccepted
info: M7ClosedSolveAccepted.lean:12:0: 'M7.ClosedSolve.closed_pointwise' depends on axioms: [propext, Classical.choice, Quot.sound]
⚠ [8796/8814] Replayed M7ActualFactorizedAccepted
warning: M7ActualFactorizedAccepted.lean:58:4: this tactic is never executed

Note: This linter can be disabled with `set_option linter.unreachableTactic false`
warning: M7ActualFactorizedAccepted.lean:58:4: Unused tactic linter: `simp [M7.ActualFactorized.leftImage, M7.ActualFactorized.rightImage,
  M7.ActualFactorized.toRecord, M7.Action.act]` does nothing

Note: This linter can be disabled with `set_option linter.unusedTactic false`
warning: M7ActualFactorizedAccepted.lean:71:37: This simp argument is unused:
  M7.ActualFactorized.leftImage

Hint: Omit it from the simp argument list.
  [apply] simp [Prod.ext_iff, M7.Action.act, M7.ActualFactorized.rightImage]

Note: This linter can be disabled with `set_option linter.unusedSimpArgs false`
warning: M7ActualFactorizedAccepted.lean:71:68: This simp argument is unused:
  M7.ActualFactorized.rightImage

Hint: Omit it from the simp argument list.
  [apply] simp [Prod.ext_iff, M7.Action.act, M7.ActualFactorized.leftImage]

Note: This linter can be disabled with `set_option linter.unusedSimpArgs false`
info: M7ActualFactorizedAccepted.lean:84:0: 'M7.ActualFactorized.record_coordinates' depends on axioms: [propext, Quot.sound]
info: M7ActualFactorizedAccepted.lean:85:0: 'M7.ActualFactorized.numerator_record_count' depends on axioms: [propext, Classical.choice, Quot.sound]
info: M7ActualFactorizedAccepted.lean:86:0: 'M7.ActualFactorized.stabilizer_numerator' depends on axioms: [propext, Classical.choice, Quot.sound]
info: M7ActualFactorizedAccepted.lean:87:0: 'M7.ActualFactorized.positive_denominator' depends on axioms: [propext, Classical.choice, Quot.sound]
info: M7ActualFactorizedAccepted.lean:88:0: 'M7.ActualFactorized.translate_outer' depends on axioms: [propext, Classical.choice, Quot.sound]
info: M7ActualFactorizedAccepted.lean:89:0: 'M7.ActualFactorized.sector_compatibility' depends on axioms: [propext, Classical.choice, Quot.sound]
info: M7ActualFactorizedAccepted.lean:90:0: 'M7.ActualFactorized.numerator_action_count' depends on axioms: [propext, Classical.choice, Quot.sound]
info: M7ActualFactorizedAccepted.lean:91:0: 'M7.ActualFactorized.exact_orbit_quotient' depends on axioms: [propext, Classical.choice, Quot.sound]
⚠ [8798/8814] Replayed M7RecipeSignatureAccepted
warning: M7RecipeSignatureAccepted.lean:15:10: This simp argument is unused:
  he

Hint: Omit it from the simp argument list.
  [apply] simp [Ideal.span_insert, Ideal.span_singleton_mul_left_unit, hu, hv, sup_comm]

Note: This linter can be disabled with `set_option linter.unusedSimpArgs false`
warning: M7RecipeSignatureAccepted.lean:25:6: this tactic is never executed

Note: This linter can be disabled with `set_option linter.unreachableTactic false`
warning: M7RecipeSignatureAccepted.lean:25:6: Unused tactic linter: `exact (M6.Cyclic.signature_divides _ _ _).2` does nothing

Note: This linter can be disabled with `set_option linter.unusedTactic false`
info: M7RecipeSignatureAccepted.lean:98:0: 'M7.RecipeSignature.pair_ideal_action' depends on axioms: [propext, Classical.choice, Quot.sound]
info: M7RecipeSignatureAccepted.lean:99:0: 'M7.RecipeSignature.signature_properties' depends on axioms: [propext, Classical.choice, Quot.sound]
info: M7RecipeSignatureAccepted.lean:100:0: 'M7.RecipeSignature.action_signature' depends on axioms: [propext, Classical.choice, Quot.sound]
info: M7RecipeSignatureAccepted.lean:101:0: 'M7.RecipeSignature.outer_source_signature' depends on axioms: [propext, Classical.choice, Quot.sound]
info: M7RecipeSignatureAccepted.lean:102:0: 'M7.RecipeSignature.sector_meets_iff' depends on axioms: [propext, Classical.choice, Quot.sound]
info: M7RecipeSignatureAccepted.lean:103:0: 'M7.RecipeSignature.tau_degree' depends on axioms: [propext, Classical.choice, Quot.sound]
info: M7RecipeSignatureAccepted.lean:104:0: 'M7.RecipeSignature.action_signature_degree' depends on axioms: [propext, Classical.choice, Quot.sound]
info: M7RecipeSignatureAccepted.lean:105:0: 'M7.RecipeSignature.translation_invariant' depends on axioms: [propext, Classical.choice, Quot.sound]
info: M7RecipeSignatureAccepted.lean:106:0: 'M7.RecipeSignature.source_orbit_quotient' depends on axioms: [propext, Classical.choice, Quot.sound]
⚠ [8800/8814] Replayed M8PhysicalBridgeAccepted
warning: M8PhysicalBridgeAccepted.lean:11:6: this tactic is never executed

Note: This linter can be disabled with `set_option linter.unreachableTactic false`
warning: M8PhysicalBridgeAccepted.lean:11:6: Unused tactic linter: `simpa [hA, hB] using M7.Action.support_cards N c g` does nothing

Note: This linter can be disabled with `set_option linter.unusedTactic false`
warning: M8PhysicalBridgeAccepted.lean:53:8: this tactic is never executed

Note: This linter can be disabled with `set_option linter.unreachableTactic false`
warning: M8PhysicalBridgeAccepted.lean:53:8: Unused tactic linter: `simpa [hA, hB] using M7.Action.support_cards N c g` does nothing

Note: This linter can be disabled with `set_option linter.unusedTactic false`
info: M8PhysicalBridgeAccepted.lean:68:0: 'M8.PhysicalBridge.pointwise_optimizer' depends on axioms: [propext, Classical.choice, Quot.sound]
info: M8PhysicalBridgeAccepted.lean:69:0: 'M8.PhysicalBridge.signature_transport_degree' depends on axioms: [propext, Classical.choice, Quot.sound]
info: M8PhysicalBridgeAccepted.lean:70:0: 'M8.PhysicalBridge.noLogical' depends on axioms: [propext, Classical.choice, Quot.sound]
info: M8PhysicalBridgeAccepted.lean:71:0: 'M8.PhysicalBridge.minimum_original_witness' depends on axioms: [propext, Classical.choice, Quot.sound]
⚠ [8802/8814] Replayed M8RawParametersAccepted
warning: M8RawParametersAccepted.lean:42:6: this tactic is never executed

Note: This linter can be disabled with `set_option linter.unreachableTactic false`
warning: M8RawParametersAccepted.lean:42:6: Unused tactic linter: `cases hs :
  M6.ActualTransfer.solve N (M7.Supports.polynomial (M7.Action.act g c).1)
    (M7.Supports.polynomial (M7.Action.act g c).2) with
| none => aesop
| some result =>
  rcases result with ⟨d, v, k⟩
  aesop` does nothing

Note: This linter can be disabled with `set_option linter.unusedTactic false`
info: M8RawParametersAccepted.lean:58:0: 'M8.RawParameters.encoded_dimension' depends on axioms: [propext, Classical.choice, Quot.sound]
info: M8RawParametersAccepted.lean:59:0: 'M8.RawParameters.raw_anchor' depends on axioms: [propext, Classical.choice, Quot.sound]
info: M8RawParametersAccepted.lean:60:0: 'M8.RawParameters.raw_noLogical' depends on axioms: [propext, Classical.choice, Quot.sound]
⚠ [8804/8814] Replayed M8SolverAccepted
warning: M8SolverAccepted.lean:86:30: `if_neg` has been deprecated: Use `ite_eq_right` instead
info: M8SolverAccepted.lean:164:0: 'M8.Solver.discovery_span' depends on axioms: [propext, Classical.choice, Quot.sound]
info: M8SolverAccepted.lean:165:0: 'M8.Solver.literal_span_le' depends on axioms: [propext, Classical.choice, Quot.sound]
info: M8SolverAccepted.lean:166:0: 'M8.Solver.optimizer_present' depends on axioms: [propext, Classical.choice, Quot.sound]
info: M8SolverAccepted.lean:167:0: 'M8.Solver.originalF_signature' depends on axioms: [propext, Classical.choice, Quot.sound]
info: M8SolverAccepted.lean:168:0: 'M8.Solver.noLogical_exact' depends on axioms: [propext, Classical.choice, Quot.sound]
info: M8SolverAccepted.lean:169:0: 'M8.Solver.output_gcd' depends on axioms: [propext, Classical.choice, Quot.sound]
info: M8SolverAccepted.lean:170:0: 'M8.Solver.recognized_correct' depends on axioms: [propext, Classical.choice, Quot.sound]
info: M8SolverAccepted.lean:171:0: 'M8.Solver.recognized_exact' depends on axioms: [propext, Classical.choice, Quot.sound]
info: M8SolverAccepted.lean:172:0: 'M8.Solver.unrecognized_exact' depends on axioms: [propext, Classical.choice, Quot.sound]
✔ [8805/8814] Built M6SolveStorageAccepted (29s)
✔ [8806/8814] Built M6SolveResourcesAccepted (31s)
✔ [8807/8814] Built M6WeightResourcesAccepted (31s)
✔ [8808/8814] Built M6TransferPartialResourcesAccepted (31s)
✔ [8809/8814] Built M8OptimizerResources (14s)
⚠ [8810/8814] Built M8OptimizerResourcesAccepted (16s)
warning: M8OptimizerResourcesAccepted.lean:40:67: `if_false` has been deprecated: Use `ite_false` instead
warning: M8OptimizerResourcesAccepted.lean:44:47: `if_true` has been deprecated: Use `ite_true` instead
warning: M8OptimizerResourcesAccepted.lean:89:8: this tactic is never executed

Note: This linter can be disabled with `set_option linter.unreachableTactic false`
warning: M8OptimizerResourcesAccepted.lean:89:8: Unused tactic linter: `exact (M8.OptimizerResources.weight_bounds N a b pins character _ _ _).2` does nothing

Note: This linter can be disabled with `set_option linter.unusedTactic false`
info: M8OptimizerResourcesAccepted.lean:100:0: 'M8.OptimizerResources.distance_work' depends on axioms: [propext, Classical.choice, Quot.sound]
info: M8OptimizerResourcesAccepted.lean:101:0: 'M8.OptimizerResources.indexed_guarantee' depends on axioms: [propext, Classical.choice, Quot.sound]
info: M8OptimizerResourcesAccepted.lean:102:0: 'M8.OptimizerResources.solve_storage' depends on axioms: [propext, Classical.choice, Quot.sound]
info: M8OptimizerResourcesAccepted.lean:103:0: 'M8.OptimizerResources.weight_bounds' depends on axioms: [propext, Classical.choice, Quot.sound]
info: M8OptimizerResourcesAccepted.lean:104:0: 'M8.OptimizerResources.scatter_capacity' depends on axioms: [propext, Classical.choice, Quot.sound]
info: M8OptimizerResourcesAccepted.lean:105:0: 'M8.OptimizerResources.trace_capacity' depends on axioms: [propext, Classical.choice, Quot.sound]
info: M8OptimizerResourcesAccepted.lean:106:0: 'M8.OptimizerResources.trace_prefix_capacity' depends on axioms: [propext, Classical.choice, Quot.sound]
info: M8OptimizerResourcesAccepted.lean:107:0: 'M8.OptimizerResources.witness_work' depends on axioms: [propext, Classical.choice, Quot.sound]
✔ [8811/8814] Built M8BankLayout (24s)
⚠ [8812/8814] Built M8BankLayoutAccepted (44s)
warning: M8BankLayoutAccepted.lean:28:13: this tactic is never executed

Note: This linter can be disabled with `set_option linter.unreachableTactic false`
warning: M8BankLayoutAccepted.lean:28:13: Unused tactic linter: `first
| exact hRS
| exact hpow
| omega` does nothing

Note: This linter can be disabled with `set_option linter.unusedTactic false`
info: M8BankLayoutAccepted.lean:58:0: 'M8.BankLayout.payload_bound' depends on axioms: [propext, Classical.choice, Quot.sound]
info: M8BankLayoutAccepted.lean:59:0: 'M8.BankLayout.address_bits_bound' depends on axioms: [propext, Classical.choice, Quot.sound]
info: M8BankLayoutAccepted.lean:60:0: 'M8.BankLayout.workspace_monotone' depends on axioms: [propext, Classical.choice, Quot.sound]
info: M8BankLayoutAccepted.lean:61:0: 'M8.BankLayout.actual_workspace_fits' depends on axioms: [propext, Classical.choice, Quot.sound]
✖ [8813/8814] Building M8WholeResources (20s)
trace: .> LEAN_PATH=/home/jing/lean-1st-proof/.lake/packages/Cli/.lake/build/lib/lean:/home/jing/lean-1st-proof/.lake/packages/batteries/.lake/build/lib/lean:/home/jing/lean-1st-proof/.lake/packages/Qq/.lake/build/lib/lean:/home/jing/lean-1st-proof/.lake/packages/aesop/.lake/build/lib/lean:/home/jing/lean-1st-proof/.lake/packages/proofwidgets/.lake/build/lib/lean:/home/jing/lean-1st-proof/.lake/packages/importGraph/.lake/build/lib/lean:/home/jing/lean-1st-proof/.lake/packages/LeanSearchClient/.lake/build/lib/lean:/home/jing/lean-1st-proof/.lake/packages/plausible/.lake/build/lib/lean:/home/jing/lean-1st-proof/.lake/packages/mathlib/.lake/build/lib/lean:/home/jing/m8-lean-whole-resources-formalization/.lake/build/lib/lean /home/jing/.elan/toolchains/leanprover--lean4---v4.34.0-rc1/bin/lean /home/jing/m8-lean-whole-resources-formalization/M8WholeResources.lean -o /home/jing/m8-lean-whole-resources-formalization/.lake/build/lib/lean/M8WholeResources.olean -i /home/jing/m8-lean-whole-resources-formalization/.lake/build/lib/lean/M8WholeResources.ilean -c /home/jing/m8-lean-whole-resources-formalization/.lake/build/ir/M8WholeResources.c --setup /home/jing/m8-lean-whole-resources-formalization/.lake/build/ir/M8WholeResources.setup.json --json
error: M8WholeResources.lean:44:7: unexpected token 'prefix'; expected '(', ':=', 'rec', '|' or term
error: M8WholeResources.lean:44:14: unexpected token ':='; expected ':'
error: M8WholeResources.lean:46:37: unexpected token ','; expected ':'
error: M8WholeResources.lean:52:39: unexpected token '++'; expected ':'
error: M8WholeResources.lean:56:16: unexpected token '++'; expected ':'
Some required targets logged failures:
- M8WholeResources
error: build failed

Traceback (most recent call last):
  File "/home/jing/science-mango-quantum-harness-publish-20260914/pipelines/quantum_formalize/examples/m8/whole_resources/resume_preflight.py", line 6, in <module>
    subprocess.run([py,str(b/'preflight.py')],cwd=repo,check=True)
  File "/home/jing/.local/share/uv/python/cpython-3.12.14-linux-x86_64-gnu/lib/python3.12/subprocess.py", line 571, in run
    raise CalledProcessError(retcode, process.args,
subprocess.CalledProcessError: Command '['/home/jing/quantum_code_discovery_proof/.venv-harness/bin/python', '/home/jing/science-mango-quantum-harness-publish-20260914/pipelines/quantum_formalize/examples/m8/whole_resources/preflight.py']' returned non-zero exit status 1.
