✔ [8707/8905] Built M5Foundation (20s)
✔ [8708/8905] Built M6Physical (21s)
✔ [8709/8905] Built M6Cyclic (23s)
✔ [8710/8905] Built M7Supports (23s)
✔ [8711/8905] Built M6FiberSum (24s)
✔ [8712/8905] Built M5BinaryRecovery (27s)
✔ [8713/8905] Built M6Normalize (29s)
✔ [8714/8905] Built M7OrbitFibers (29s)
✔ [8715/8905] Built M6Character (30s)
✔ [8716/8905] Built M6KernelFibers (30s)
✔ [8717/8905] Built M6Pinned (32s)
✔ [8718/8905] Built M7Factorized (31s)
✔ [8719/8905] Built M5Character (15s)
✔ [8720/8905] Built M5IntegerMobius (18s)
✔ [8721/8905] Built M5CRT (19s)
✔ [8722/8905] Built M5FiniteExclusion (20s)
✔ [8723/8905] Built M5Period (20s)
✔ [8724/8905] Built M5Packing (20s)
⚠ [8725/8905] Built M5StageOne (21s)
warning: M5StageOne.lean:4:2: Unused tactic linter: `change ∀ (w T : ℕ), 2 ≤ w → 0 < T → T < M5.packingCutoff w T` does nothing

Note: This linter can be disabled with `set_option linter.unusedTactic false`
warning: M5StageOne.lean:25:40: This simp argument is unused:
  Nat.mul_mod

Hint: Omit it from the simp argument list.
  [apply] simp [M5.packedExponent, Nat.add_mod, Nat.mod_eq_of_lt hr]

Note: This linter can be disabled with `set_option linter.unusedSimpArgs false`
warning: M5StageOne.lean:23:2: Unused tactic linter: `change ∀ (T r j : ℕ), r < T → M5.packedExponent T r j % T = r` does nothing

Note: This linter can be disabled with `set_option linter.unusedTactic false`
warning: M5StageOne.lean:28:2: Unused tactic linter: `change ∀ (T E j : ℕ), T ∣ E → T ∣ T + j * E` does nothing

Note: This linter can be disabled with `set_option linter.unusedTactic false`
warning: M5StageOne.lean:33:2: Unused tactic linter: `change
  ∀ (total excluded included : ℕ), total = excluded + included → 0 < total → excluded = 0 → 0 < included` does nothing

Note: This linter can be disabled with `set_option linter.unusedTactic false`
warning: M5StageOne.lean:38:2: Unused tactic linter: `change ∀ (w T e k : ℕ), 0 < T → w ≤ k → w * T ≤ e + k * T` does nothing

Note: This linter can be disabled with `set_option linter.unusedTactic false`
warning: M5StageOne.lean:43:2: Unused tactic linter: `change
  ∀ (w T E N : ℕ), N < M5.packingCutoff w T + E → E ≤ 2 ^ (w * T) → N < M5.birthBound w T` does nothing

Note: This linter can be disabled with `set_option linter.unusedTactic false`
warning: M5StageOne.lean:50:2: Unused tactic linter: `change
  ∀ (T r s j k : ℕ), r < T → s < T → M5.packedExponent T r j = M5.packedExponent T s k → r = s ∧ j = k` does nothing

Note: This linter can be disabled with `set_option linter.unusedTactic false`
warning: M5StageOne.lean:65:2: Unused tactic linter: `change
  ∀ (w T r j e k : ℕ), r < T → j < w → w ≤ k → M5.packedExponent T r j ≠ e + k * T` does nothing

Note: This linter can be disabled with `set_option linter.unusedTactic false`
✔ [8726/8905] Built M5Binomial (21s)
⚠ [8727/8905] Built M6PhysicalAccepted (26s)
warning: M6PhysicalAccepted.lean:31:26: This simp argument is unused:
  neg_add

Hint: Omit it from the simp argument list.
  [apply] simp [sub_eq_add_neg, add_assoc, add_comm, add_left_comm, mul_assoc, mul_comm, mul_left_comm]

Note: This linter can be disabled with `set_option linter.unusedSimpArgs false`
warning: M6PhysicalAccepted.lean:31:56: This simp argument is unused:
  add_left_comm

Hint: Omit it from the simp argument list.
  [apply] simp [sub_eq_add_neg, neg_add, add_assoc, add_comm, mul_assoc, mul_comm, mul_left_comm]

Note: This linter can be disabled with `set_option linter.unusedSimpArgs false`
warning: M6PhysicalAccepted.lean:32:6: This simp argument is unused:
  mul_assoc

Hint: Omit it from the simp argument list.
  [apply] simp [sub_eq_add_neg, neg_add, add_assoc, add_comm, add_left_comm, mul_comm, mul_left_comm]

Note: This linter can be disabled with `set_option linter.unusedSimpArgs false`
warning: M6PhysicalAccepted.lean:78:2: Unused tactic linter: `change
  ∀ (N : ℕ) (a : M6.Physical.Block N), M6.Physical.rev N (M6.Physical.rev N a) = a` does nothing

Note: This linter can be disabled with `set_option linter.unusedTactic false`
warning: M6PhysicalAccepted.lean:98:2: Unused tactic linter: `change ∀ (N : ℕ) (z : M6.Physical.Word N), M6.Physical.J N (M6.Physical.J N z) = z` does nothing

Note: This linter can be disabled with `set_option linter.unusedTactic false`
warning: M6PhysicalAccepted.lean:121:4: This simp argument is unused:
  Prod.fst

Hint: Omit it from the simp argument list.
  [apply] simp only [M6.Physical.pairing, M6.Physical.J, M6.Physical.boundary, Prod.snd, M6.Physical.conv_adjoint]

Note: This linter can be disabled with `set_option linter.unusedSimpArgs false`
warning: M6PhysicalAccepted.lean:121:14: This simp argument is unused:
  Prod.snd

Hint: Omit it from the simp argument list.
  [apply] simp only [M6.Physical.pairing, M6.Physical.J, M6.Physical.boundary, Prod.fst, M6.Physical.conv_adjoint]

Note: This linter can be disabled with `set_option linter.unusedSimpArgs false`
info: M6PhysicalAccepted.lean:139:0: 'M6.Physical.conv_add' depends on axioms: [propext, Classical.choice, Quot.sound]
info: M6PhysicalAccepted.lean:140:0: 'M6.Physical.conv_adjoint' depends on axioms: [propext, Classical.choice, Quot.sound]
info: M6PhysicalAccepted.lean:141:0: 'M6.Physical.boundary_pairing' depends on axioms: [propext, Classical.choice, Quot.sound]
info: M6PhysicalAccepted.lean:142:0: 'M6.Physical.conv_assoc' depends on axioms: [propext, Classical.choice, Quot.sound]
info: M6PhysicalAccepted.lean:143:0: 'M6.Physical.conv_comm' depends on axioms: [propext, Classical.choice, Quot.sound]
info: M6PhysicalAccepted.lean:144:0: 'M6.Physical.boundary_cycle' depends on axioms: [propext, Classical.choice, Quot.sound]
info: M6PhysicalAccepted.lean:145:0: 'M6.Physical.dot_delta' depends on axioms: [propext, Classical.choice, Quot.sound]
info: M6PhysicalAccepted.lean:146:0: 'M6.Physical.rev_involution' depends on axioms: [propext, Quot.sound]
info: M6PhysicalAccepted.lean:147:0: 'M6.Physical.J_involution' depends on axioms: [propext, Quot.sound]
info: M6PhysicalAccepted.lean:148:0: 'M6.Physical.cycle_orthogonal' depends on axioms: [propext, Classical.choice, Quot.sound]
info: M6PhysicalAccepted.lean:149:0: 'M6.Physical.rev_weight' depends on axioms: [propext, Classical.choice, Quot.sound]
info: M6PhysicalAccepted.lean:150:0: 'M6.Physical.J_weight' depends on axioms: [propext, Classical.choice, Quot.sound]
⚠ [8728/8905] Built M7SupportsAccepted (25s)
warning: M7SupportsAccepted.lean:9:8: `if_pos` has been deprecated: Use `ite_eq_left` instead
warning: M7SupportsAccepted.lean:20:8: `if_neg` has been deprecated: Use `ite_eq_right` instead
warning: M7SupportsAccepted.lean:17:36: This simp argument is unused:
  hjn

Hint: Omit it from the simp argument list.
  [apply] simp [Polynomial.coeff_X_pow, Ne.symm hjn]

Note: This linter can be disabled with `set_option linter.unusedSimpArgs false`
warning: M7SupportsAccepted.lean:26:34: This simp argument is unused:
  hin

Hint: Omit it from the simp argument list.
  [apply] simp [Polynomial.coeff_X_pow, Ne.symm hin]

Note: This linter can be disabled with `set_option linter.unusedSimpArgs false`
warning: M7SupportsAccepted.lean:35:15: `if_pos` has been deprecated: Use `ite_eq_left` instead
warning: M7SupportsAccepted.lean:35:27: `if_pos` has been deprecated: Use `ite_eq_left` instead
warning: M7SupportsAccepted.lean:40:15: `if_neg` has been deprecated: Use `ite_eq_right` instead
warning: M7SupportsAccepted.lean:40:28: `if_neg` has been deprecated: Use `ite_eq_right` instead
info: M7SupportsAccepted.lean:82:0: 'M7.Supports.coefficient' depends on axioms: [propext, Classical.choice, Quot.sound]
info: M7SupportsAccepted.lean:83:0: 'M7.Supports.indicator_coefficient' depends on axioms: [propext, Classical.choice, Quot.sound]
info: M7SupportsAccepted.lean:84:0: 'M7.Supports.anchor' depends on axioms: [propext, Classical.choice, Quot.sound]
info: M7SupportsAccepted.lean:85:0: 'M7.Supports.support' depends on axioms: [propext, Classical.choice, Quot.sound]
info: M7SupportsAccepted.lean:86:0: 'M7.Supports.degree_lt' depends on axioms: [propext, Classical.choice, Quot.sound]
info: M7SupportsAccepted.lean:87:0: 'M7.Supports.support_card' depends on axioms: [propext, Classical.choice, Quot.sound]
⚠ [8729/8905] Built M6CyclicAccepted (26s)
warning: M6CyclicAccepted.lean:14:2: Unused tactic linter: `change ∀ F K h : M6.Cyclic.BinaryPolynomial, F ≠ 0 → (F * K ∣ F * h ↔ K ∣ h)` does nothing

Note: This linter can be disabled with `set_option linter.unusedTactic false`
warning: M6CyclicAccepted.lean:30:4: this tactic is never executed

Note: This linter can be disabled with `set_option linter.unreachableTactic false`
warning: M6CyclicAccepted.lean:31:4: this tactic is never executed

Note: This linter can be disabled with `set_option linter.unreachableTactic false`
warning: M6CyclicAccepted.lean:32:4: this tactic is never executed

Note: This linter can be disabled with `set_option linter.unreachableTactic false`
warning: M6CyclicAccepted.lean:23:4: Unused tactic linter: `change
  ∃ p q r, EuclideanDomain.gcd (EuclideanDomain.gcd a b) M = p * a + q * b + r * M` does nothing

Note: This linter can be disabled with `set_option linter.unusedTactic false`
warning: M6CyclicAccepted.lean:30:4: Unused tactic linter: `change
  ∃ p q r, EuclideanDomain.gcd a (EuclideanDomain.gcd b M) = p * a + q * b + r * M` does nothing

Note: This linter can be disabled with `set_option linter.unusedTactic false`
warning: M6CyclicAccepted.lean:31:4: Unused tactic linter: `refine
  ⟨EuclideanDomain.gcdA a (EuclideanDomain.gcd b M),
    EuclideanDomain.gcdB a (EuclideanDomain.gcd b M) * EuclideanDomain.gcdA b M,
    EuclideanDomain.gcdB a (EuclideanDomain.gcd b M) * EuclideanDomain.gcdB b M, ?_⟩` does nothing

Note: This linter can be disabled with `set_option linter.unusedTactic false`
warning: M6CyclicAccepted.lean:32:4: Unused tactic linter: `calc
  _ =
      a * EuclideanDomain.gcdA a (EuclideanDomain.gcd b M) +
        (EuclideanDomain.gcd b M) * EuclideanDomain.gcdB a (EuclideanDomain.gcd b M) :=
    EuclideanDomain.gcd_eq_gcd_ab _ _
  _ = _ := by
    rw [EuclideanDomain.gcd_eq_gcd_ab b M]
    ring` does nothing

Note: This linter can be disabled with `set_option linter.unusedTactic false`
warning: M6CyclicAccepted.lean:39:2: Unused tactic linter: `change
  ∀ a b M : M6.Cyclic.BinaryPolynomial,
    M6.Cyclic.signature a b M ∣ a ∧ M6.Cyclic.signature a b M ∣ b ∧ M6.Cyclic.signature a b M ∣ M` does nothing

Note: This linter can be disabled with `set_option linter.unusedTactic false`
warning: M6CyclicAccepted.lean:45:2: Unused tactic linter: `change
  ∀ a b M h : M6.Cyclic.BinaryPolynomial, (M ∣ a * h ∧ M ∣ b * h) ↔ M ∣ M6.Cyclic.signature a b M * h` does nothing

Note: This linter can be disabled with `set_option linter.unusedTactic false`
warning: M6CyclicAccepted.lean:75:99: This simp argument is unused:
  and_comm

Hint: Omit it from the simp argument list.
  [apply] simp only [M6.Cyclic.boundary, M6.Cyclic.image, Prod.mk.injEq, ← map_mul, AdjoinRoot.mk_eq_zero]

Note: This linter can be disabled with `set_option linter.unusedSimpArgs false`
warning: M6CyclicAccepted.lean:72:2: Unused tactic linter: `change
  ∀ (N : ℕ) (a b h : M6.Cyclic.BinaryPolynomial),
    M6.Cyclic.boundary N a b (M6.Cyclic.image N h) = (0, 0) ↔
      M6.Cyclic.modulus N ∣ M6.Cyclic.signature a b (M6.Cyclic.modulus N) * h` does nothing

Note: This linter can be disabled with `set_option linter.unusedTactic false`
info: M6CyclicAccepted.lean:76:0: 'M6.Cyclic.boundary_is_cycle' depends on axioms: [propext, Classical.choice, Quot.sound]
info: M6CyclicAccepted.lean:77:0: 'M6.Cyclic.kernel_cancellation' depends on axioms: [propext, Classical.choice, Quot.sound]
info: M6CyclicAccepted.lean:78:0: 'M6.Cyclic.signature_bezout' depends on axioms: [propext, Classical.choice, Quot.sound]
info: M6CyclicAccepted.lean:79:0: 'M6.Cyclic.signature_divides' depends on axioms: [propext, Classical.choice, Quot.sound]
info: M6CyclicAccepted.lean:80:0: 'M6.Cyclic.kernel_divisibility' depends on axioms: [propext, Classical.choice, Quot.sound]
info: M6CyclicAccepted.lean:81:0: 'M6.Cyclic.boundary_kernel' depends on axioms: [propext, Classical.choice, Quot.sound]
✔ [8730/8905] Built M7CyclicSubstitution (28s)
⚠ [8731/8905] Built M5BinaryRecoveryAccepted (23s)
warning: M5BinaryRecoveryAccepted.lean:10:46: This simp argument is unused:
  Nat.add_assoc

Hint: Omit it from the simp argument list.
  [apply] simp [ih, List.length_append, Nat.add_comm, Nat.add_left_comm]

Note: This linter can be disabled with `set_option linter.unusedSimpArgs false`
warning: M5BinaryRecoveryAccepted.lean:4:2: Unused tactic linter: `change
  ∀ (c : List Bool → ℤ) (p : List Bool) (n : ℕ), (M5.BinaryRecovery.recover c p n).length = p.length + n` does nothing

Note: This linter can be disabled with `set_option linter.unusedTactic false`
warning: M5BinaryRecoveryAccepted.lean:13:2: Unused tactic linter: `change
  ∀ (c : List Bool → ℤ) (p : List Bool) (n : ℕ),
    (∀ q : List Bool, q.length < p.length + n → c q = c (q ++ [false]) + c (q ++ [true])) →
      0 < c p → 0 < c (M5.BinaryRecovery.recover c p n)` does nothing

Note: This linter can be disabled with `set_option linter.unusedTactic false`
warning: M5BinaryRecoveryAccepted.lean:33:2: Unused tactic linter: `change
  ∀ (c : List Bool → ℤ) (Valid : List Bool → Prop) (m : ℕ),
    (∀ q : List Bool, q.length < m → c q = c (q ++ [false]) + c (q ++ [true])) →
      (∀ q : List Bool, q.length = m → 0 < c q → Valid q) →
        0 < c [] →
          (M5.BinaryRecovery.recover c [] m).length = m ∧ Valid (M5.BinaryRecovery.recover c [] m)` does nothing

Note: This linter can be disabled with `set_option linter.unusedTactic false`
info: M5BinaryRecoveryAccepted.lean:41:0: 'M5.BinaryRecovery.recover_length' depends on axioms: [propext]
info: M5BinaryRecoveryAccepted.lean:42:0: 'M5.BinaryRecovery.recover_positive' depends on axioms: [propext, Quot.sound]
info: M5BinaryRecoveryAccepted.lean:43:0: 'M5.BinaryRecovery.recover_valid' depends on axioms: [propext, Quot.sound]
✔ [8732/8905] Built M7CanonicalBlock (49s)
✔ [8733/8905] Built M6PinnedCharacter (20s)
✔ [8734/8905] Built M6Transfer (49s)
✔ [8735/8905] Built M7FactorReplay (49s)
⚠ [8736/8905] Built M6KernelFibersAccepted (22s)
warning: M6KernelFibersAccepted.lean:27:8: This simp argument is unused:
  Nat.card_fun

Hint: Omit it from the simp argument list.
  [apply] simp [Nat.card_eq_fintype_card, ZMod.card]

Note: This linter can be disabled with `set_option linter.unusedSimpArgs false`
warning: M6KernelFibersAccepted.lean:22:2: Unused tactic linter: `change
  ∀ (F : M6.KernelFibers.BP), F.Monic → Nat.card (AdjoinRoot F) = 2 ^ F.natDegree` does nothing

Note: This linter can be disabled with `set_option linter.unusedTactic false`
warning: M6KernelFibersAccepted.lean:38:2: Unused tactic linter: `change
  ∀ (F K : M6.KernelFibers.BP) (hF : F.Monic), K ≠ 0 → Function.Injective (M6.KernelFibers.embed F K hF)` does nothing

Note: This linter can be disabled with `set_option linter.unusedTactic false`
warning: M6KernelFibersAccepted.lean:55:2: Unused tactic linter: `change
  ∀ (F K : M6.KernelFibers.BP) (hF : F.Monic) (z : AdjoinRoot (F * K)),
    AdjoinRoot.mk (F * K) F * z = 0 → ∃ t : AdjoinRoot F, M6.KernelFibers.embed F K hF t = z` does nothing

Note: This linter can be disabled with `set_option linter.unusedTactic false`
warning: M6KernelFibersAccepted.lean:70:2: Unused tactic linter: `change
  ∀ (F K : M6.KernelFibers.BP),
    F.Monic → K ≠ 0 → Nat.card (M6.KernelFibers.annihilator F K) = 2 ^ F.natDegree` does nothing

Note: This linter can be disabled with `set_option linter.unusedTactic false`
info: M6KernelFibersAccepted.lean:90:0: 'M6.KernelFibers.embed_mk' depends on axioms: [propext, Classical.choice, Quot.sound]
info: M6KernelFibersAccepted.lean:91:0: 'M6.KernelFibers.embed_annihilated' depends on axioms: [propext, Classical.choice, Quot.sound]
info: M6KernelFibersAccepted.lean:92:0: 'M6.KernelFibers.embed_injective' depends on axioms: [propext, Classical.choice, Quot.sound]
info: M6KernelFibersAccepted.lean:93:0: 'M6.KernelFibers.embed_surjective_kernel' depends on axioms: [propext, Classical.choice, Quot.sound]
info: M6KernelFibersAccepted.lean:94:0: 'M6.KernelFibers.quotient_card' depends on axioms: [propext, Classical.choice, Quot.sound]
info: M6KernelFibersAccepted.lean:95:0: 'M6.KernelFibers.annihilator_card' depends on axioms: [propext, Classical.choice, Quot.sound]
✔ [8737/8905] Built M5Lift (10s)
✔ [8738/8905] Built M6CSSDistance (20s)
⚠ [8739/8905] Built M5PackingInjective (11s)
warning: M5PackingInjective.lean:18:4: Try `simp at hi` instead of `simpa using hi`

Note: This linter can be disabled with `set_option linter.unnecessarySimpa false`
warning: M5PackingInjective.lean:4:2: Unused tactic linter: `change
  ∀ (w T : ℕ) (r : Fin w → Fin T) (i j : Fin w),
    i < j → r i = r j → M5.Packing.occurrenceTag r i < M5.Packing.occurrenceTag r j` does nothing

Note: This linter can be disabled with `set_option linter.unusedTactic false`
warning: M5PackingInjective.lean:23:45: This simp argument is unused:
  Nat.mul_mod

Hint: Omit it from the simp argument list.
  [apply] simp [M5.Packing.packedValue, Nat.add_mod, Nat.mod_eq_of_lt (r i).isLt]

Note: This linter can be disabled with `set_option linter.unusedSimpArgs false`
warning: M5PackingInjective.lean:21:2: Unused tactic linter: `change
  ∀ (w T : ℕ) (r : Fin w → Fin T) (i : Fin w), M5.Packing.packedValue r i % T = (r i).val` does nothing

Note: This linter can be disabled with `set_option linter.unusedTactic false`
warning: M5PackingInjective.lean:26:2: Unused tactic linter: `change
  ∀ (w T : ℕ) (r : Fin w → Fin T), Function.Injective (M5.Packing.packedValue r)` does nothing

Note: This linter can be disabled with `set_option linter.unusedTactic false`
⚠ [8740/8905] Built M5QuotientFinite (12s)
warning: M5QuotientFinite.lean:6:2: Try this: 
  letI̵

The goal is a proposition, so `let` is preferred over `letI`.
The difference between `let` and `letI` is that `letI` inlines the value.
But this is not relevant for proofs because of proof irrelevance.

Note: This linter can be disabled with `set_option linter.style.haveILetI false`
warning: M5QuotientFinite.lean:4:2: Unused tactic linter: `change ∀ (F : M5.BinaryPolynomial), F.Monic → Finite (AdjoinRoot F)` does nothing

Note: This linter can be disabled with `set_option linter.unusedTactic false`
✔ [8741/8905] Built M7Action (50s)
⚠ [8742/8905] Built M7FactorizedAccepted (21s)
warning: M7FactorizedAccepted.lean:22:39: This simp argument is unused:
  Nat.mul_comm

Hint: Omit it from the simp argument list.
  [apply] simp [← Finset.sum_filter]

Note: This linter can be disabled with `set_option linter.unusedSimpArgs false`
warning: M7FactorizedAccepted.lean:44:31: This simp argument is unused:
  h

Hint: Omit it from the simp argument list.
  [apply] simp

Note: This linter can be disabled with `set_option linter.unusedSimpArgs false`
warning: M7FactorizedAccepted.lean:56:31: This simp argument is unused:
  h

Hint: Omit it from the simp argument list.
  [apply] simp

Note: This linter can be disabled with `set_option linter.unusedSimpArgs false`
info: M7FactorizedAccepted.lean:73:0: 'M7.Factorized.pair_count' depends on axioms: [propext, Classical.choice, Quot.sound]
info: M7FactorizedAccepted.lean:74:0: 'M7.Factorized.numerator_record_card' depends on axioms: [propext, Classical.choice, Quot.sound]
info: M7FactorizedAccepted.lean:75:0: 'M7.Factorized.exact_target_card' depends on axioms: [propext, Classical.choice, Quot.sound]
info: M7FactorizedAccepted.lean:76:0: 'M7.Factorized.exact_target_positive' depends on axioms: [propext, Classical.choice, Quot.sound]
info: M7FactorizedAccepted.lean:77:0: 'M7.Factorized.left_partition' depends on axioms: [propext, Classical.choice, Quot.sound]
info: M7FactorizedAccepted.lean:78:0: 'M7.Factorized.right_partition' depends on axioms: [propext, Classical.choice, Quot.sound]
✔ [8743/8905] Built M6Euclid (50s)
ℹ [8744/8905] Built M7OrbitFibersAccepted (24s)
info: M7OrbitFibersAccepted.lean:153:0: 'M7.OrbitFibers.action_partition' depends on axioms: [propext, Classical.choice, Quot.sound]
info: M7OrbitFibersAccepted.lean:154:0: 'M7.OrbitFibers.fiber_equiv' depends on axioms: [propext, Classical.choice, Quot.sound]
info: M7OrbitFibersAccepted.lean:155:0: 'M7.OrbitFibers.fiber_count' depends on axioms: [propext, Classical.choice, Quot.sound]
info: M7OrbitFibersAccepted.lean:156:0: 'M7.OrbitFibers.action_count_product' depends on axioms: [propext, Classical.choice, Quot.sound]
info: M7OrbitFibersAccepted.lean:157:0: 'M7.OrbitFibers.orbit_partition' depends on axioms: [propext, Classical.choice, Quot.sound]
info: M7OrbitFibersAccepted.lean:158:0: 'M7.OrbitFibers.stabilizer_positive' depends on axioms: [propext, Classical.choice, Quot.sound]
info: M7OrbitFibersAccepted.lean:159:0: 'M7.OrbitFibers.orbit_count_div' depends on axioms: [propext, Classical.choice, Quot.sound]
✔ [8745/8905] Built M7Selection (51s)
✔ [8746/8905] Built M6Coordinates (13s)
✔ [8747/8905] Built M6Flatten (15s)
✔ [8748/8905] Built M7SignatureIdeal (14s)
✔ [8749/8905] Built M6FixedSpan (14s)
✔ [8750/8905] Built M5SupportPolynomial (13s)
✔ [8751/8905] Built M5Cardinality (14s)
ℹ [8752/8905] Built M7CyclicSubstitutionAccepted (16s)
info: M7CyclicSubstitutionAccepted.lean:71:0: 'M7.CyclicSubstitution.hom_polynomial' depends on axioms: [propext, Classical.choice, Quot.sound]
info: M7CyclicSubstitutionAccepted.lean:72:0: 'M7.CyclicSubstitution.hom_root' depends on axioms: [propext, Classical.choice, Quot.sound]
info: M7CyclicSubstitutionAccepted.lean:73:0: 'M7.CyclicSubstitution.root_power' depends on axioms: [propext, Classical.choice, Quot.sound]
info: M7CyclicSubstitutionAccepted.lean:74:0: 'M7.CyclicSubstitution.point_root' depends on axioms: [propext, Classical.choice, Quot.sound]
info: M7CyclicSubstitutionAccepted.lean:75:0: 'M7.CyclicSubstitution.power_mod' depends on axioms: [propext, Classical.choice, Quot.sound]
info: M7CyclicSubstitutionAccepted.lean:76:0: 'M7.CyclicSubstitution.point_mul' depends on axioms: [propext, Classical.choice, Quot.sound]
info: M7CyclicSubstitutionAccepted.lean:77:0: 'M7.CyclicSubstitution.point_one' depends on axioms: [propext, Classical.choice, Quot.sound]
info: M7CyclicSubstitutionAccepted.lean:78:0: 'M7.CyclicSubstitution.point_inverse' depends on axioms: [propext, Classical.choice, Quot.sound]
✔ [8753/8905] Built M7DescentTrace (15s)
✔ [8754/8905] Built M6BoundaryFibers (24s)
✔ [8755/8905] Built M6TransferResources (31s)
ℹ [8756/8905] Built M7SignatureIdealAccepted (19s)
info: M7SignatureIdealAccepted.lean:102:0: 'M7.SignatureIdeal.modulus_zero' depends on axioms: [propext, Classical.choice, Quot.sound]
info: M7SignatureIdealAccepted.lean:103:0: 'M7.SignatureIdeal.full_signature_ideal' depends on axioms: [propext, Classical.choice, Quot.sound]
info: M7SignatureIdealAccepted.lean:104:0: 'M7.SignatureIdeal.principal_gcd' depends on axioms: [propext, Classical.choice, Quot.sound]
info: M7SignatureIdealAccepted.lean:105:0: 'M7.SignatureIdeal.quotient_membership' depends on axioms: [propext, Classical.choice, Quot.sound]
info: M7SignatureIdealAccepted.lean:106:0: 'M7.SignatureIdeal.monic_injective' depends on axioms: [propext, Classical.choice, Quot.sound]
✔ [8757/8905] Built M6Spaces (20s)
⚠ [8758/8905] Built M5Accepted (17s)
warning: M5Accepted.lean:15:2: Unused tactic linter: `change ∀ T E L : ℕ, 0 < E → T < L → ∃ j : ℕ, L ≤ T + j * E ∧ T + j * E < L + E` does nothing

Note: This linter can be disabled with `set_option linter.unusedTactic false`
warning: M5Accepted.lean:29:2: Unused tactic linter: `change ∀ N : ℕ, M5.cyclicModulus N = (Polynomial.X : M5.BinaryPolynomial) ^ N - 1` does nothing

Note: This linter can be disabled with `set_option linter.unusedTactic false`
warning: M5Accepted.lean:34:2: Unused tactic linter: `change
  ∀ w T E : ℕ,
    2 ≤ w →
      0 < T →
        0 < E →
          E ≤ 2 ^ (w * T) → ∃ j : ℕ, M5.packingCutoff w T ≤ T + j * E ∧ T + j * E < M5.birthBound w T` does nothing

Note: This linter can be disabled with `set_option linter.unusedTactic false`
warning: M5Accepted.lean:43:2: Unused tactic linter: `change ∀ E N : ℕ, E ∣ N → M5.cyclicModulus E ∣ M5.cyclicModulus N` does nothing

Note: This linter can be disabled with `set_option linter.unusedTactic false`
warning: M5Accepted.lean:50:2: Unused tactic linter: `change
  ∀ T E j : ℕ,
    M5.cyclicModulus (T + j * E) - M5.cyclicModulus T =
      (Polynomial.X : M5.BinaryPolynomial) ^ T * M5.cyclicModulus (j * E)` does nothing

Note: This linter can be disabled with `set_option linter.unusedTactic false`
warning: M5Accepted.lean:56:2: Unused tactic linter: `change
  ∀ (G : M5.BinaryPolynomial) (T E j : ℕ),
    G ∣ M5.cyclicModulus E → G ∣ M5.cyclicModulus (T + j * E) - M5.cyclicModulus T` does nothing

Note: This linter can be disabled with `set_option linter.unusedTactic false`
warning: M5Accepted.lean:67:2: Unused tactic linter: `change
  ∀ (G D : M5.BinaryPolynomial) (T E j : ℕ),
    G ∣ M5.cyclicModulus E → D ∣ G → (D ∣ M5.cyclicModulus (T + j * E) ↔ D ∣ M5.cyclicModulus T)` does nothing

Note: This linter can be disabled with `set_option linter.unusedTactic false`
warning: M5Accepted.lean:78:2: Unused tactic linter: `change
  ∀ (a b D : M5.BinaryPolynomial) (T E j : ℕ),
    EuclideanDomain.gcd a b ∣ M5.cyclicModulus E →
      ((D ∣ a ∧ D ∣ b ∧ D ∣ M5.cyclicModulus (T + j * E)) ↔ (D ∣ a ∧ D ∣ b ∧ D ∣ M5.cyclicModulus T))` does nothing

Note: This linter can be disabled with `set_option linter.unusedTactic false`
warning: M5Accepted.lean:89:2: Unused tactic linter: `change
  ∀ (F : M5.BinaryPolynomial) (N : ℕ), F ∣ M5.cyclicModulus N ↔ (AdjoinRoot.root F) ^ N = 1` does nothing

Note: This linter can be disabled with `set_option linter.unusedTactic false`
warning: M5Accepted.lean:99:2: Unused tactic linter: `change ∀ (F : M5.BinaryPolynomial), F.coeff 0 = 1 → IsUnit (AdjoinRoot.root F)` does nothing

Note: This linter can be disabled with `set_option linter.unusedTactic false`
warning: M5Accepted.lean:113:2: Try this: 
  letI̵

The goal is a proposition, so `let` is preferred over `letI`.
The difference between `let` and `letI` is that `letI` inlines the value.
But this is not relevant for proofs because of proof irrelevance.

Note: This linter can be disabled with `set_option linter.style.haveILetI false`
warning: M5Accepted.lean:111:2: Unused tactic linter: `change
  ∀ (F : M5.BinaryPolynomial),
    F.Monic →
      F.coeff 0 = 1 →
        0 < M5.signaturePeriod F ∧ ∀ N : ℕ, F ∣ M5.cyclicModulus N ↔ M5.signaturePeriod F ∣ N` does nothing

Note: This linter can be disabled with `set_option linter.unusedTactic false`
warning: M5Accepted.lean:121:2: Unused tactic linter: `change
  ∀ (F G : M5.BinaryPolynomial),
    F.Monic →
      F.coeff 0 = 1 → G.Monic → G.coeff 0 = 1 → F ∣ G → M5.signaturePeriod F ∣ M5.signaturePeriod G` does nothing

Note: This linter can be disabled with `set_option linter.unusedTactic false`
warning: M5Accepted.lean:128:2: Unused tactic linter: `change M5.signaturePeriod (1 : M5.BinaryPolynomial) = 1` does nothing

Note: This linter can be disabled with `set_option linter.unusedTactic false`
warning: M5Accepted.lean:134:2: Unused tactic linter: `change
  ∀ F : M5.BinaryPolynomial, F.Monic → Nat.card (AdjoinRoot F) = 2 ^ F.natDegree` does nothing

Note: This linter can be disabled with `set_option linter.unusedTactic false`
warning: M5Accepted.lean:146:2: Try this: 
  letI̵

The goal is a proposition, so `let` is preferred over `letI`.
The difference between `let` and `letI` is that `letI` inlines the value.
But this is not relevant for proofs because of proof irrelevance.

Note: This linter can be disabled with `set_option linter.style.haveILetI false`
warning: M5Accepted.lean:144:2: Unused tactic linter: `change
  ∀ F : M5.BinaryPolynomial, F.Monic → F.coeff 0 = 1 → M5.signaturePeriod F ≤ 2 ^ F.natDegree` does nothing

Note: This linter can be disabled with `set_option linter.unusedTactic false`
warning: M5Accepted.lean:153:2: Unused tactic linter: `change ∀ R r w : ℕ, 0 < R → ∃ k : ℕ, w ≤ k ∧ k < w + R ∧ Nat.ModEq R k r` does nothing

Note: This linter can be disabled with `set_option linter.unusedTactic false`
warning: M5Accepted.lean:166:22: Used `tac1 <;> tac2` where `(tac1; tac2)` would suffice

Note: This linter can be disabled with `set_option linter.unnecessarySeqFocus false`
warning: M5Accepted.lean:170:2: Unused tactic linter: `change
  ∀ δ e : ℕ,
    0 < δ →
      ∃ r : ℕ, r < M5.CRT.primeProduct δ ∧ ∀ p ∈ δ.primeFactors, Nat.ModEq p r (M5.CRT.repairResidue e p)` does nothing

Note: This linter can be disabled with `set_option linter.unusedTactic false`
warning: M5Accepted.lean:194:4: try 'simp' instead of 'simpa'

Note: This linter can be disabled with `set_option linter.unnecessarySimpa false`
warning: M5Accepted.lean:183:2: Unused tactic linter: `change
  ∀ p δ T e : ℕ, p.Prime → p ∣ δ → Nat.gcd (Nat.gcd T δ) e = 1 → ¬p ∣ e + M5.CRT.repairResidue e p * T` does nothing

Note: This linter can be disabled with `set_option linter.unusedTactic false`
warning: M5Accepted.lean:197:2: Unused tactic linter: `change
  ∀ δ T e k : ℕ,
    0 < δ →
      Nat.gcd (Nat.gcd T δ) e = 1 →
        (∀ p ∈ δ.primeFactors, Nat.ModEq p k (M5.CRT.repairResidue e p)) → Nat.gcd δ (e + k * T) = 1` does nothing

Note: This linter can be disabled with `set_option linter.unusedTactic false`
warning: M5Accepted.lean:208:2: Unused tactic linter: `change
  ∀ δ T e w : ℕ,
    0 < δ → 0 < T → Nat.gcd (Nat.gcd T δ) e = 1 → ∃ k : ℕ, w ≤ k ∧ k < w + δ ∧ Nat.gcd δ (e + k * T) = 1` does nothing

Note: This linter can be disabled with `set_option linter.unusedTactic false`
warning: M5Accepted.lean:219:6: Unused tactic linter: `exact hkr.of_dvd hpδ` does nothing

Note: This linter can be disabled with `set_option linter.unusedTactic false`
warning: M5Accepted.lean:219:6: this tactic is never executed

Note: This linter can be disabled with `set_option linter.unreachableTactic false`
warning: M5Accepted.lean:223:2: Unused tactic linter: `change
  ∀ (w T : ℕ) (r : Fin w → Fin T) (hw : 0 < w), (r ⟨0, hw⟩).val = 0 → 0 ∈ M5.Packing.packedSupport r` does nothing

Note: This linter can be disabled with `set_option linter.unusedTactic false`
warning: M5Accepted.lean:242:4: Try `simp at hi` instead of `simpa using hi`

Note: This linter can be disabled with `set_option linter.unnecessarySimpa false`
warning: M5Accepted.lean:231:2: Unused tactic linter: `change
  ∀ (w T : ℕ) (r : Fin w → Fin T) (i : Fin w), M5.Packing.occurrenceTag r i < w` does nothing

Note: This linter can be disabled with `set_option linter.unusedTactic false`
warning: M5Accepted.lean:246:2: Unused tactic linter: `change
  ∀ (w T : ℕ) (r : Fin w → Fin T) (e : ℕ), e ∈ M5.Packing.packedSupport r → e < w * T` does nothing

Note: This linter can be disabled with `set_option linter.unusedTactic false`
warning: M5Accepted.lean:258:2: Unused tactic linter: `change ∀ (w T : ℕ) (r : Fin w → Fin T), (M5.Packing.packedSupport r).card = w` does nothing

Note: This linter can be disabled with `set_option linter.unusedTactic false`
warning: M5Accepted.lean:266:2: Unused tactic linter: `change
  ∀ a b c : ZMod 2, M5.Character.bitSign a (b + c) = M5.Character.bitSign a b * M5.Character.bitSign a c` does nothing

Note: This linter can be disabled with `set_option linter.unusedTactic false`
warning: M5Accepted.lean:270:2: Unused tactic linter: `change
  ∀ b : ZMod 2, (∑ a : ZMod 2, M5.Character.bitSign a b) = if b = 0 then 2 else 0` does nothing

Note: This linter can be disabled with `set_option linter.unusedTactic false`
warning: M5Accepted.lean:274:2: Unused tactic linter: `change
  ∀ (D : ℕ) (lam z u : M5.Character.BinaryVector D),
    M5.Character.value lam (z + u) = M5.Character.value lam z * M5.Character.value lam u` does nothing

Note: This linter can be disabled with `set_option linter.unusedTactic false`
warning: M5Accepted.lean:288:8: `if_neg` has been deprecated: Use `ite_eq_right` instead
warning: M5Accepted.lean:296:51: `if_neg` has been deprecated: Use `ite_eq_right` instead
warning: M5Accepted.lean:279:2: Unused tactic linter: `change
  ∀ (D : ℕ) (z : M5.Character.BinaryVector D),
    (∑ lam : M5.Character.BinaryVector D, M5.Character.value lam z) = if z = 0 then (2 : ℤ) ^ D else 0` does nothing

Note: This linter can be disabled with `set_option linter.unusedTactic false`
warning: M5Accepted.lean:299:2: Unused tactic linter: `change
  ∀ (D n : ℕ) (f : Fin n → M5.Character.BinaryVector D) (z : M5.Character.BinaryVector D),
    (∑ lam : M5.Character.BinaryVector D, M5.Character.value lam z * ∑ u : Fin n, M5.Character.value lam (f u)) =
      (2 : ℤ) ^ D * ((Finset.univ.filter (fun u : Fin n => f u = z)).card : ℤ)` does nothing

Note: This linter can be disabled with `set_option linter.unusedTactic false`
warning: M5Accepted.lean:319:2: Unused tactic linter: `change
  ∀ (w T : ℕ) (r : Fin w → Fin T),
    Function.Injective (M5.Packing.packedValue r) →
      M5.SupportPolynomial.ofSupport (M5.Packing.packedSupport r) =
        ∑ i : Fin w, (Polynomial.X : M5.BinaryPolynomial) ^ M5.Packing.packedValue r i` does nothing

Note: This linter can be disabled with `set_option linter.unusedTactic false`
warning: M5Accepted.lean:328:2: Unused tactic linter: `change
  ∀ T a j : ℕ,
    AdjoinRoot.mk (M5.cyclicModulus T) ((Polynomial.X : M5.BinaryPolynomial) ^ (a + j * T)) =
      AdjoinRoot.mk (M5.cyclicModulus T) ((Polynomial.X : M5.BinaryPolynomial) ^ a)` does nothing

Note: This linter can be disabled with `set_option linter.unusedTactic false`
warning: M5Accepted.lean:353:2: Unused tactic linter: `change
  ∀ (S : Finset ℕ) (K : ℕ), 0 < K → (∀ e ∈ S, e < K) → (M5.SupportPolynomial.ofSupport S).natDegree < K` does nothing

Note: This linter can be disabled with `set_option linter.unusedTactic false`
warning: M5Accepted.lean:373:2: Try `simp at hcoeff` instead of `simpa using hcoeff`

Note: This linter can be disabled with `set_option linter.unnecessarySimpa false`
warning: M5Accepted.lean:370:2: Unused tactic linter: `change ∀ S : Finset ℕ, 0 ∈ S → M5.SupportPolynomial.ofSupport S ≠ 0` does nothing

Note: This linter can be disabled with `set_option linter.unusedTactic false`
warning: M5Accepted.lean:376:2: Unused tactic linter: `change
  ∀ (w T : ℕ) (r : Fin w → Fin T),
    AdjoinRoot.mk (M5.cyclicModulus T) (M5.SupportPolynomial.ofSupport (M5.Packing.packedSupport r)) =
      AdjoinRoot.mk (M5.cyclicModulus T) (M5.SupportPolynomial.ofResidueTuple r)` does nothing

Note: This linter can be disabled with `set_option linter.unusedTactic false`
warning: M5Accepted.lean:388:2: Unused tactic linter: `change
  ∀ n : ℕ, (∑ d ∈ n.divisors, ArithmeticFunction.moebius d) = if n = 1 then (1 : ℤ) else 0` does nothing

Note: This linter can be disabled with `set_option linter.unusedTactic false`
warning: M5Accepted.lean:394:73: This simp argument is unused:
  and_assoc

Hint: Omit it from the simp argument list.
  [apply] simp [M5.Connectivity.supportGcd, Nat.dvd_gcd_iff, Finset.dvd_gcd_iff]

Note: This linter can be disabled with `set_option linter.unusedSimpArgs false`
warning: M5Accepted.lean:407:37: This simp argument is unused:
  and_assoc

Hint: Omit it from the simp argument list.
  [apply] simp [Finset.mem_filter, Nat.mem_divisors, Nat.ne_of_gt hN, hg, M5.Connectivity.support_gcd_dvd]

Note: This linter can be disabled with `set_option linter.unusedSimpArgs false`
warning: M5Accepted.lean:411:2: Unused tactic linter: `change
  ∀ (N : ℕ) (A B : Finset ℕ),
    0 < N →
      (∑ d ∈ N.divisors, if (∀ a ∈ A, d ∣ a) ∧ (∀ b ∈ B, d ∣ b) then ArithmeticFunction.moebius d else 0) =
        if M5.Connectivity.supportGcd N A B = 1 then (1 : ℤ) else 0` does nothing

Note: This linter can be disabled with `set_option linter.unusedTactic false`
info: M5Accepted.lean:416:0: 'M5.cutoff_gt_period' depends on axioms: [propext, Quot.sound]
info: M5Accepted.lean:417:0: 'M5.packed_range' depends on axioms: [propext]
info: M5Accepted.lean:418:0: 'M5.packed_residue' depends on axioms: [propext]
info: M5Accepted.lean:419:0: 'M5.progression_period' depends on axioms: [propext]
info: M5Accepted.lean:420:0: 'M5.recovery_inclusion_positive' does not depend on any axioms
info: M5Accepted.lean:421:0: 'M5.repair_above_packing' does not depend on any axioms
info: M5Accepted.lean:422:0: 'M5.source_below_birth_bound' depends on axioms: [propext]
info: M5Accepted.lean:423:0: 'M5.packed_injective' depends on axioms: [propext, Classical.choice, Quot.sound]
info: M5Accepted.lean:424:0: 'M5.repair_no_collision' depends on axioms: [propext]
info: M5Accepted.lean:425:0: 'M5.Lift.bounded_progression' depends on axioms: [propext, Quot.sound]
info: M5Accepted.lean:426:0: 'M5.Lift.cyclic_as_sub' depends on axioms: [propext, Classical.choice, Quot.sound]
info: M5Accepted.lean:427:0: 'M5.Lift.bounded_source_order' depends on axioms: [propext, Quot.sound]
info: M5Accepted.lean:428:0: 'M5.Lift.modulus_multiple' depends on axioms: [propext, Classical.choice, Quot.sound]
info: M5Accepted.lean:429:0: 'M5.Lift.progression_difference' depends on axioms: [propext, Classical.choice, Quot.sound]
info: M5Accepted.lean:430:0: 'M5.Lift.progression_congruence' depends on axioms: [propext, Classical.choice, Quot.sound]
info: M5Accepted.lean:431:0: 'M5.Lift.common_divisors_lift' depends on axioms: [propext, Classical.choice, Quot.sound]
info: M5Accepted.lean:432:0: 'M5.Lift.triple_divisors_lift' depends on axioms: [propext, Classical.choice, Quot.sound]
info: M5Accepted.lean:433:0: 'M5.Period.cyclic_dvd_iff_root_pow' depends on axioms: [propext, Classical.choice, Quot.sound]
info: M5Accepted.lean:434:0: 'M5.Period.quotient_finite' depends on axioms: [propext, Classical.choice, Quot.sound]
info: M5Accepted.lean:435:0: 'M5.Period.root_is_unit' depends on axioms: [propext, Classical.choice, Quot.sound]
info: M5Accepted.lean:436:0: 'M5.Period.period_law' depends on axioms: [propext, Classical.choice, Quot.sound]
info: M5Accepted.lean:437:0: 'M5.Period.period_dvd_of_dvd' depends on axioms: [propext, Classical.choice, Quot.sound]
info: M5Accepted.lean:438:0: 'M5.Period.period_one' depends on axioms: [propext, Classical.choice, Quot.sound]
info: M5Accepted.lean:439:0: 'M5.Period.quotient_cardinality' depends on axioms: [propext, Classical.choice, Quot.sound]
info: M5Accepted.lean:440:0: 'M5.Period.period_cardinality_bound' depends on axioms: [propext, Classical.choice, Quot.sound]
info: M5Accepted.lean:441:0: 'M5.CRT.interval_representative' depends on axioms: [propext, Classical.choice, Quot.sound]
info: M5Accepted.lean:442:0: 'M5.CRT.prime_crt_representative' depends on axioms: [propext, Classical.choice, Quot.sound]
info: M5Accepted.lean:443:0: 'M5.CRT.safe_prime_residue' depends on axioms: [propext, Quot.sound]
info: M5Accepted.lean:444:0: 'M5.CRT.residues_force_coprime' depends on axioms: [propext, Classical.choice, Quot.sound]
info: M5Accepted.lean:445:0: 'M5.CRT.bounded_connectivity_repair' depends on axioms: [propext, Classical.choice, Quot.sound]
info: M5Accepted.lean:446:0: 'M5.Packing.equal_residue_tag_strict' depends on axioms: [propext, Classical.choice, Quot.sound]
info: M5Accepted.lean:447:0: 'M5.Packing.packed_support_anchor' depends on axioms: [propext, Classical.choice, Quot.sound]
info: M5Accepted.lean:448:0: 'M5.Packing.packed_value_mod' depends on axioms: [propext, Classical.choice, Quot.sound]
info: M5Accepted.lean:449:0: 'M5.Packing.tag_lt_weight' depends on axioms: [propext, Classical.choice, Quot.sound]
info: M5Accepted.lean:450:0: 'M5.Packing.packed_support_range' depends on axioms: [propext, Classical.choice, Quot.sound]
info: M5Accepted.lean:451:0: 'M5.Packing.packed_value_injective' depends on axioms: [propext, Classical.choice, Quot.sound]
info: M5Accepted.lean:452:0: 'M5.Packing.packed_support_card' depends on axioms: [propext, Classical.choice, Quot.sound]
info: M5Accepted.lean:453:0: 'M5.Character.bit_add' depends on axioms: [propext, Classical.choice, Quot.sound]
info: M5Accepted.lean:454:0: 'M5.Character.bit_orthogonality' depends on axioms: [propext, Classical.choice, Quot.sound]
info: M5Accepted.lean:455:0: 'M5.Character.character_add' depends on axioms: [propext, Classical.choice, Quot.sound]
info: M5Accepted.lean:456:0: 'M5.Character.character_orthogonality' depends on axioms: [propext, Classical.choice, Quot.sound]
info: M5Accepted.lean:457:0: 'M5.Character.finite_fibre_count' depends on axioms: [propext, Classical.choice, Quot.sound]
info: M5Accepted.lean:458:0: 'M5.SupportPolynomial.packed_sum_image' depends on axioms: [propext, Classical.choice, Quot.sound]
info: M5Accepted.lean:459:0: 'M5.SupportPolynomial.quotient_monomial_period' depends on axioms: [propext, Classical.choice, Quot.sound]
info: M5Accepted.lean:460:0: 'M5.SupportPolynomial.support_coeff_zero' depends on axioms: [propext, Classical.choice, Quot.sound]
info: M5Accepted.lean:461:0: 'M5.SupportPolynomial.support_degree_bound' depends on axioms: [propext, Classical.choice, Quot.sound]
info: M5Accepted.lean:462:0: 'M5.SupportPolynomial.anchored_support_nonzero' depends on axioms: [propext, Classical.choice, Quot.sound]
info: M5Accepted.lean:463:0: 'M5.SupportPolynomial.packed_polynomial_residue' depends on axioms: [propext, Classical.choice, Quot.sound]
info: M5Accepted.lean:464:0: 'M5.Connectivity.divisor_moebius' depends on axioms: [propext, Classical.choice, Quot.sound]
info: M5Accepted.lean:465:0: 'M5.Connectivity.support_gcd_dvd' depends on axioms: [propext, Classical.choice, Quot.sound]
info: M5Accepted.lean:466:0: 'M5.Connectivity.support_divisor_filter' depends on axioms: [propext, Classical.choice, Quot.sound]
info: M5Accepted.lean:467:0: 'M5.Connectivity.connected_indicator' depends on axioms: [propext, Classical.choice, Quot.sound]
⚠ [8759/8905] Built M7DescentTraceAccepted (19s)
warning: M7DescentTraceAccepted.lean:4:2: Unused tactic linter: `change
  ∀ (c : List Bool → ℤ) (p : List Bool) (ss : List M7.DescentTrace.Step),
    (M7.DescentTrace.check c p ss).2 ≤ 2 * ss.length` does nothing

Note: This linter can be disabled with `set_option linter.unusedTactic false`
warning: M7DescentTraceAccepted.lean:18:2: Unused tactic linter: `change
  ∀ (c : List Bool → ℤ) (p : List Bool) (n : ℕ),
    M7.DescentTrace.check c p (M7.DescentTrace.trace c p n) = (true, 2 * n)` does nothing

Note: This linter can be disabled with `set_option linter.unusedTactic false`
warning: M7DescentTraceAccepted.lean:27:2: Unused tactic linter: `change
  ∀ (c : List Bool → ℤ) (p : List Bool) (ss : List M7.DescentTrace.Step),
    (M7.DescentTrace.check c p ss).1 = true → ss = M7.DescentTrace.trace c p ss.length` does nothing

Note: This linter can be disabled with `set_option linter.unusedTactic false`
warning: M7DescentTraceAccepted.lean:51:2: Unused tactic linter: `change
  ∀ (c : List Bool → ℤ) (p : List Bool) (n : ℕ),
    M7.DescentTrace.endpoint p (M7.DescentTrace.trace c p n) = M5.BinaryRecovery.recover c p n` does nothing

Note: This linter can be disabled with `set_option linter.unusedTactic false`
warning: M7DescentTraceAccepted.lean:61:2: Unused tactic linter: `change
  ∀ (c : List Bool → ℤ) (p : List Bool) (n : ℕ), p.IsPrefix (M5.BinaryRecovery.recover c p n)` does nothing

Note: This linter can be disabled with `set_option linter.unusedTactic false`
warning: M7DescentTraceAccepted.lean:75:2: Unused tactic linter: `change
  ∀ (c : List Bool → ℤ) (p : List Bool) (n : ℕ), (M7.DescentTrace.trace c p n).length = n` does nothing

Note: This linter can be disabled with `set_option linter.unusedTactic false`
warning: M7DescentTraceAccepted.lean:83:2: Unused tactic linter: `change
  ∀ (c : List Bool → ℤ) (p : List Bool) (ss : List M7.DescentTrace.Step),
    (M7.DescentTrace.check c p ss).1 = true →
      M7.DescentTrace.endpoint p ss = M5.BinaryRecovery.recover c p ss.length` does nothing

Note: This linter can be disabled with `set_option linter.unusedTactic false`
warning: M7DescentTraceAccepted.lean:88:2: Unused tactic linter: `change
  ∀ (c : List Bool → ℤ) (p : List Bool) (ss : List M7.DescentTrace.Step),
    (M7.DescentTrace.check c p ss).1 = true →
      (∀ q : List Bool, q.length < p.length + ss.length → c q = c (q ++ [false]) + c (q ++ [true])) →
        0 < c p → 0 < c (M7.DescentTrace.endpoint p ss)` does nothing

Note: This linter can be disabled with `set_option linter.unusedTactic false`
info: M7DescentTraceAccepted.lean:92:0: 'M7.DescentTrace.check_bound' depends on axioms: [propext, Quot.sound]
info: M7DescentTraceAccepted.lean:93:0: 'M7.DescentTrace.check_trace' depends on axioms: [propext, Classical.choice, Quot.sound]
info: M7DescentTraceAccepted.lean:94:0: 'M7.DescentTrace.check_unique' depends on axioms: [propext, Quot.sound]
info: M7DescentTraceAccepted.lean:95:0: 'M7.DescentTrace.endpoint_recover' depends on axioms: [propext]
info: M7DescentTraceAccepted.lean:96:0: 'M7.DescentTrace.checked_endpoint' depends on axioms: [propext, Quot.sound]
info: M7DescentTraceAccepted.lean:97:0: 'M7.DescentTrace.positive_checked' depends on axioms: [propext, Quot.sound]
info: M7DescentTraceAccepted.lean:98:0: 'M7.DescentTrace.recover_prefix' depends on axioms: [propext]
info: M7DescentTraceAccepted.lean:99:0: 'M7.DescentTrace.trace_length' depends on axioms: [propext]
✔ [8760/8905] Built M7Presentation (33s)
⚠ [8761/8905] Built M7CanonicalBlockAccepted (35s)
warning: M7CanonicalBlockAccepted.lean:12:35: `dif_pos` has been deprecated: Use `dite_eq_left` instead
warning: M7CanonicalBlockAccepted.lean:29:8: `dif_pos` has been deprecated: Use `dite_eq_left` instead
warning: M7CanonicalBlockAccepted.lean:102:8: `dif_pos` has been deprecated: Use `dite_eq_left` instead
info: M7CanonicalBlockAccepted.lean:152:0: 'M7.CanonicalBlock.best_anchor_member' depends on axioms: [propext, Classical.choice, Quot.sound]
info: M7CanonicalBlockAccepted.lean:153:0: 'M7.CanonicalBlock.best_key_agrees' depends on axioms: [propext, Classical.choice, Quot.sound]
info: M7CanonicalBlockAccepted.lean:154:0: 'M7.CanonicalBlock.decode_key' depends on axioms: [propext, Classical.choice, Quot.sound]
info: M7CanonicalBlockAccepted.lean:155:0: 'M7.CanonicalBlock.key_injective' depends on axioms: [propext, Classical.choice, Quot.sound]
info: M7CanonicalBlockAccepted.lean:156:0: 'M7.CanonicalBlock.normalize_anchor' depends on axioms: [propext, Classical.choice, Quot.sound]
info: M7CanonicalBlockAccepted.lean:157:0: 'M7.CanonicalBlock.normalize_minimal' depends on axioms: [propext, Classical.choice, Quot.sound]
info: M7CanonicalBlockAccepted.lean:158:0: 'M7.CanonicalBlock.shift_add' depends on axioms: [propext, Classical.choice, Quot.sound]
info: M7CanonicalBlockAccepted.lean:159:0: 'M7.CanonicalBlock.anchor_keys_shift' depends on axioms: [propext, Classical.choice, Quot.sound]
info: M7CanonicalBlockAccepted.lean:160:0: 'M7.CanonicalBlock.shift_card' depends on axioms: [propext, Classical.choice, Quot.sound]
info: M7CanonicalBlockAccepted.lean:161:0: 'M7.CanonicalBlock.normalize_card' depends on axioms: [propext, Classical.choice, Quot.sound]
info: M7CanonicalBlockAccepted.lean:162:0: 'M7.CanonicalBlock.normalize_shift' depends on axioms: [propext, Classical.choice, Quot.sound]
info: M7CanonicalBlockAccepted.lean:163:0: 'M7.CanonicalBlock.shift_identity' depends on axioms: [propext, Classical.choice, Quot.sound]
info: M7CanonicalBlockAccepted.lean:164:0: 'M7.CanonicalBlock.translation_complete' depends on axioms: [propext, Classical.choice, Quot.sound]
⚠ [8762/8905] Built M7FactorReplayAccepted (35s)
warning: M7FactorReplayAccepted.lean:4:2: Unused tactic linter: `change
  ∀ (n : ℕ) (p : M7.FactorReplay.BP), p ∈ M7.FactorReplay.pool n ↔ p.natDegree ≤ n` does nothing

Note: This linter can be disabled with `set_option linter.unusedTactic false`
warning: M7FactorReplayAccepted.lean:18:2: Unused tactic linter: `change
  ∀ p : M7.FactorReplay.BP, M7.FactorReplay.irreducibleCheck p = true ↔ p.Monic ∧ Irreducible p` does nothing

Note: This linter can be disabled with `set_option linter.unusedTactic false`
warning: M7FactorReplayAccepted.lean:42:105: this tactic is never executed

Note: This linter can be disabled with `set_option linter.unreachableTactic false`
warning: M7FactorReplayAccepted.lean:39:2: Unused tactic linter: `change
  ∀ (F : M7.FactorReplay.BP) (factors : List (M7.FactorReplay.BP × ℕ)),
    M7.FactorReplay.check F factors = true ↔
      (factors.map Prod.fst).Nodup ∧
        (∀ t ∈ factors, t.1.Monic ∧ Irreducible t.1 ∧ 0 < t.2) ∧ M7.FactorReplay.product factors = F` does nothing

Note: This linter can be disabled with `set_option linter.unusedTactic false`
warning: M7FactorReplayAccepted.lean:42:105: Unused tactic linter: `aesop` does nothing

Note: This linter can be disabled with `set_option linter.unusedTactic false`
warning: M7FactorReplayAccepted.lean:45:2: Unused tactic linter: `change
  ∀ F : M7.FactorReplay.BP, F.Monic → M7.FactorReplay.check F (M7.FactorReplay.expected F) = true` does nothing

Note: This linter can be disabled with `set_option linter.unusedTactic false`
info: M7FactorReplayAccepted.lean:74:0: 'M7.FactorReplay.pool_complete' depends on axioms: [propext, Classical.choice, Quot.sound]
info: M7FactorReplayAccepted.lean:75:0: 'M7.FactorReplay.irreducible_check_exact' depends on axioms: [propext, Classical.choice, Quot.sound]
info: M7FactorReplayAccepted.lean:76:0: 'M7.FactorReplay.factor_check_exact' depends on axioms: [propext, Classical.choice, Quot.sound]
info: M7FactorReplayAccepted.lean:77:0: 'M7.FactorReplay.self_check' depends on axioms: [propext, Classical.choice, Quot.sound]
✔ [8763/8905] Built M6TransferTrace (35s)
⚠ [8764/8905] Built M7ActionAccepted (36s)
warning: M7ActionAccepted.lean:82:2: Unused tactic linter: `change M7.Action.compose g (M7.Action.identity N) = g` does nothing

Note: This linter can be disabled with `set_option linter.unusedTactic false`
warning: M7ActionAccepted.lean:99:2: Unused tactic linter: `change Fintype.card (M7.Action.Record 1) = 2` does nothing

Note: This linter can be disabled with `set_option linter.unusedTactic false`
info: M7ActionAccepted.lean:110:0: 'M7.Action.act_compose' depends on axioms: [propext, Classical.choice, Quot.sound]
info: M7ActionAccepted.lean:111:0: 'M7.Action.act_identity' depends on axioms: [propext, Classical.choice, Quot.sound]
info: M7ActionAccepted.lean:112:0: 'M7.Action.affine_bijective' depends on axioms: [propext, Quot.sound]
info: M7ActionAccepted.lean:113:0: 'M7.Action.associative' depends on axioms: [propext, Quot.sound]
info: M7ActionAccepted.lean:114:0: 'M7.Action.left_identity' depends on axioms: [propext, Quot.sound]
info: M7ActionAccepted.lean:115:0: 'M7.Action.left_inverse' depends on axioms: [propext, Quot.sound]
info: M7ActionAccepted.lean:116:0: 'M7.Action.act_inverse' depends on axioms: [propext, Classical.choice, Quot.sound]
info: M7ActionAccepted.lean:117:0: 'M7.Action.normal_form' depends on axioms: [propext, Quot.sound]
info: M7ActionAccepted.lean:118:0: 'M7.Action.record_card' depends on axioms: [propext, Classical.choice, Quot.sound]
info: M7ActionAccepted.lean:119:0: 'M7.Action.order_one_records' depends on axioms: [propext, Classical.choice, Quot.sound]
info: M7ActionAccepted.lean:120:0: 'M7.Action.right_identity' depends on axioms: [propext, Quot.sound]
info: M7ActionAccepted.lean:121:0: 'M7.Action.right_inverse' depends on axioms: [propext, Quot.sound]
info: M7ActionAccepted.lean:122:0: 'M7.Action.support_cards' depends on axioms: [propext, Classical.choice, Quot.sound]
✔ [8765/8905] Built M7QuotientAuto (21s)
✔ [8766/8905] Built M6EuclidStorage (36s)
⚠ [8767/8905] Built M7SelectionAccepted (38s)
warning: M7SelectionAccepted.lean:13:72: This simp argument is unused:
  hempty

Hint: Omit it from the simp argument list.
  [apply] simp [M7.Selection.better, M7.Selection.pareto, M7.Selection.lex]

Note: This linter can be disabled with `set_option linter.unusedSimpArgs false`
warning: M7SelectionAccepted.lean:21:2: Unused tactic linter: `change
  ∀ (α : Type) (T : Finset α) (R : α → α → Prop),
    (∀ x, ¬R x x) →
      (∀ x y z, R x y → R y z → R x z) → ∀ x ∈ T, ∃ y ∈ T, (∀ z ∈ T, ¬R z y) ∧ (y = x ∨ R y x)` does nothing

Note: This linter can be disabled with `set_option linter.unusedTactic false`
warning: M7SelectionAccepted.lean:88:26: this tactic is never executed

Note: This linter can be disabled with `set_option linter.unreachableTactic false`
warning: M7SelectionAccepted.lean:90:26: this tactic is never executed

Note: This linter can be disabled with `set_option linter.unreachableTactic false`
warning: M7SelectionAccepted.lean:72:2: Unused tactic linter: `change
  ∀ (m : ℕ),
    (∀ a : Fin m → ℤ, ¬M7.Selection.lex a a) ∧
      (∀ a b c : Fin m → ℤ, M7.Selection.lex a b → M7.Selection.lex b c → M7.Selection.lex a c)` does nothing

Note: This linter can be disabled with `set_option linter.unusedTactic false`
warning: M7SelectionAccepted.lean:88:26: Unused tactic linter: `exact hi₂` does nothing

Note: This linter can be disabled with `set_option linter.unusedTactic false`
warning: M7SelectionAccepted.lean:90:26: Unused tactic linter: `exact hj₂` does nothing

Note: This linter can be disabled with `set_option linter.unusedTactic false`
warning: M7SelectionAccepted.lean:113:2: Unused tactic linter: `change
  ∀ (m : ℕ),
    (∀ a : Fin m → ℤ, ¬M7.Selection.pareto a a) ∧
      (∀ a b c : Fin m → ℤ, M7.Selection.pareto a b → M7.Selection.pareto b c → M7.Selection.pareto a c)` does nothing

Note: This linter can be disabled with `set_option linter.unusedTactic false`
warning: M7SelectionAccepted.lean:137:48: This simp argument is unused:
  M7.Selection.feasibleSet

Hint: Omit it from the simp argument list.
  [apply] simp [M7.Selection.winners, M7.Selection.win, and_assoc, and_left_comm, and_comm]

Note: This linter can be disabled with `set_option linter.unusedSimpArgs false`
warning: M7SelectionAccepted.lean:134:2: Unused tactic linter: `change
  ∀ (α : Type) (T : Finset α) (feasible : α → Prop) (R : α → α → Prop) (x : α),
    x ∈ M7.Selection.winners T feasible R ↔ M7.Selection.win T feasible R x` does nothing

Note: This linter can be disabled with `set_option linter.unusedTactic false`
warning: M7SelectionAccepted.lean:140:2: Unused tactic linter: `change
  ∀ (m : ℕ) (mode : M7.Selection.Mode),
    (∀ a : Fin m → ℤ, ¬M7.Selection.better mode a a) ∧
      (∀ a b c : Fin m → ℤ,
        M7.Selection.better mode a b → M7.Selection.better mode b c → M7.Selection.better mode a c)` does nothing

Note: This linter can be disabled with `set_option linter.unusedTactic false`
warning: M7SelectionAccepted.lean:151:74: Used `tac1 <;> tac2` where `(tac1; tac2)` would suffice

Note: This linter can be disabled with `set_option linter.unnecessarySeqFocus false`
warning: M7SelectionAccepted.lean:147:2: Unused tactic linter: `change
  ∀ (α : Type) (T : Finset α) (feasible : α → Prop) (R : α → α → Prop) (x : α),
    x ∈ M7.Selection.winners T feasible R ↔ x ∈ T ∧ feasible x ∧ ∀ y ∈ T, feasible y → ¬R y x` does nothing

Note: This linter can be disabled with `set_option linter.unusedTactic false`
warning: M7SelectionAccepted.lean:163:31: This simp argument is unused:
  M7.Selection.feasibleSet

Hint: Omit it from the simp argument list.
  [apply] simp only [M7.Selection.win, Finset.mem_filter]

Note: This linter can be disabled with `set_option linter.unusedSimpArgs false`
warning: M7SelectionAccepted.lean:163:57: This simp argument is unused:
  Finset.mem_filter

Hint: Omit it from the simp argument list.
  [apply] simp only [M7.Selection.win, M7.Selection.feasibleSet]

Note: This linter can be disabled with `set_option linter.unusedSimpArgs false`
warning: M7SelectionAccepted.lean:155:2: Unused tactic linter: `change
  ∀ (α : Type) (T : Finset α) (feasible : α → Prop) (R : α → α → Prop),
    (∀ x, ¬R x x) →
      (∀ x y z, R x y → R y z → R x z) →
        ∀ x ∈ T, feasible x → ∃ y ∈ M7.Selection.winners T feasible R, y = x ∨ R y x` does nothing

Note: This linter can be disabled with `set_option linter.unusedTactic false`
warning: M7SelectionAccepted.lean:177:4: Try `simp at hy` instead of `simpa using hy`

Note: This linter can be disabled with `set_option linter.unnecessarySimpa false`
warning: M7SelectionAccepted.lean:185:4: Try `simp at hxF` instead of `simpa using hxF`

Note: This linter can be disabled with `set_option linter.unnecessarySimpa false`
warning: M7SelectionAccepted.lean:168:2: Unused tactic linter: `change
  ∀ (α : Type) (T : Finset α) (feasible : α → Prop) (R : α → α → Prop),
    (∀ x, ¬R x x) →
      (∀ x y z, R x y → R y z → R x z) →
        (M7.Selection.winners T feasible R = ∅ ↔ M7.Selection.feasibleSet T feasible = ∅)` does nothing

Note: This linter can be disabled with `set_option linter.unusedTactic false`
warning: M7SelectionAccepted.lean:188:2: Unused tactic linter: `change
  ∀ (α : Type) (T : Finset α) (feasible : α → Prop) (R : α → α → Prop),
    (∀ x, ¬R x x) →
      (∀ x y z, R x y → R y z → R x z) →
        ∀ x ∈ T,
          feasible x →
            x ∉ M7.Selection.winners T feasible R → ∃ y ∈ M7.Selection.winners T feasible R, R y x` does nothing

Note: This linter can be disabled with `set_option linter.unusedTactic false`
warning: M7SelectionAccepted.lean:198:2: Unused tactic linter: `change
  ∀ (α : Type) (m : ℕ) (T : Finset α) (feasible : α → Prop) (objective : α → Fin m → ℤ) (mode : M7.Selection.Mode),
    (∀ x,
        x ∈ M7.Selection.select T feasible objective mode ↔
          x ∈ T ∧ feasible x ∧ ∀ y ∈ T, feasible y → ¬M7.Selection.better mode (objective y) (objective x)) ∧
      (M7.Selection.select T feasible objective mode = ∅ ↔ M7.Selection.feasibleSet T feasible = ∅)` does nothing

Note: This linter can be disabled with `set_option linter.unusedTactic false`
warning: M7SelectionAccepted.lean:213:2: Unused tactic linter: `change
  ∀ (α : Type) (m : ℕ) (T : Finset α) (feasible : α → Prop) (objective : α → Fin m → ℤ) (mode : M7.Selection.Mode),
    ∀ x ∈ T,
      feasible x →
        x ∉ M7.Selection.select T feasible objective mode →
          ∃ y ∈ M7.Selection.select T feasible objective mode,
            M7.Selection.better mode (objective y) (objective x)` does nothing

Note: This linter can be disabled with `set_option linter.unusedTactic false`
info: M7SelectionAccepted.lean:220:0: 'M7.Selection.empty_objectives' depends on axioms: [propext, Classical.choice, Quot.sound]
info: M7SelectionAccepted.lean:221:0: 'M7.Selection.finite_extreme' depends on axioms: [propext, Classical.choice, Quot.sound]
info: M7SelectionAccepted.lean:222:0: 'M7.Selection.lex_laws' depends on axioms: [propext, Classical.choice, Quot.sound]
info: M7SelectionAccepted.lean:223:0: 'M7.Selection.pareto_laws' depends on axioms: [propext, Classical.choice, Quot.sound]
info: M7SelectionAccepted.lean:224:0: 'M7.Selection.better_laws' depends on axioms: [propext, Classical.choice, Quot.sound]
info: M7SelectionAccepted.lean:225:0: 'M7.Selection.win_membership' depends on axioms: [propext, Classical.choice, Quot.sound]
info: M7SelectionAccepted.lean:226:0: 'M7.Selection.win_sound_complete' depends on axioms: [propext, Classical.choice, Quot.sound]
info: M7SelectionAccepted.lean:227:0: 'M7.Selection.winning_dominator' depends on axioms: [propext, Classical.choice, Quot.sound]
info: M7SelectionAccepted.lean:228:0: 'M7.Selection.empty_iff' depends on axioms: [propext, Classical.choice, Quot.sound]
info: M7SelectionAccepted.lean:229:0: 'M7.Selection.nonwinner_strict_dominator' depends on axioms: [propext, Classical.choice, Quot.sound]
info: M7SelectionAccepted.lean:230:0: 'M7.Selection.selector_exact' depends on axioms: [propext, Classical.choice, Quot.sound]
info: M7SelectionAccepted.lean:231:0: 'M7.Selection.selector_strict_dominator' depends on axioms: [propext, Classical.choice, Quot.sound]
✔ [8768/8905] Built M5QuotientMonomialPeriod (10s)
✔ [8769/8905] Built M5QuotientCharacter (12s)
✔ [8770/8905] Built M5Signature (12s)
✔ [8771/8905] Built M5SubsetCharacter (12s)
✔ [8772/8905] Built M5TupleCharacter (13s)
✔ [8773/8905] Built M6ActualCounts (14s)
✔ [8774/8905] Built M7QuotientDegree (14s)
✔ [8775/8905] Built M6RecipeIsometries (15s)
✔ [8776/8905] Built M5RepairSupport (8.3s)
ℹ [8777/8905] Built M7QuotientAutoAccepted (16s)
info: M7QuotientAutoAccepted.lean:62:0: 'M7.QuotientAuto.polynomial_substitution' depends on axioms: [propext, Classical.choice, Quot.sound]
info: M7QuotientAutoAccepted.lean:63:0: 'M7.QuotientAuto.substitution_root' depends on axioms: [propext, Classical.choice, Quot.sound]
info: M7QuotientAutoAccepted.lean:64:0: 'M7.QuotientAuto.substitution_scalars' depends on axioms: [propext, Classical.choice, Quot.sound]
info: M7QuotientAutoAccepted.lean:65:0: 'M7.QuotientAuto.substitution_comp' depends on axioms: [propext, Classical.choice, Quot.sound]
info: M7QuotientAutoAccepted.lean:66:0: 'M7.QuotientAuto.substitution_one' depends on axioms: [propext, Classical.choice, Quot.sound]
info: M7QuotientAutoAccepted.lean:67:0: 'M7.QuotientAuto.substitution_left_inverse' depends on axioms: [propext, Classical.choice, Quot.sound]
info: M7QuotientAutoAccepted.lean:68:0: 'M7.QuotientAuto.substitution_right_inverse' depends on axioms: [propext, Classical.choice, Quot.sound]
info: M7QuotientAutoAccepted.lean:69:0: 'M7.QuotientAuto.substitution_bijective' depends on axioms: [propext, Classical.choice, Quot.sound]
⚠ [8778/8905] Built M7QuotientDegreeAccepted (18s)
warning: M7QuotientDegreeAccepted.lean:4:2: Unused tactic linter: `change
  ∀ F : M6.Cyclic.BinaryPolynomial, F.Monic → Nat.card (AdjoinRoot F) = 2 ^ F.natDegree` does nothing

Note: This linter can be disabled with `set_option linter.unusedTactic false`
info: M7QuotientDegreeAccepted.lean:47:0: 'M7.QuotientDegree.adjoin_card' depends on axioms: [propext, Classical.choice, Quot.sound]
info: M7QuotientDegreeAccepted.lean:48:0: 'M7.QuotientDegree.span_containment' depends on axioms: [propext, Classical.choice, Quot.sound]
info: M7QuotientDegreeAccepted.lean:49:0: 'M7.QuotientDegree.quotient_equiv' depends on axioms: [propext, Classical.choice, Quot.sound]
info: M7QuotientDegreeAccepted.lean:50:0: 'M7.QuotientDegree.quotient_card' depends on axioms: [propext, Classical.choice, Quot.sound]
info: M7QuotientDegreeAccepted.lean:51:0: 'M7.QuotientDegree.degree_invariant' depends on axioms: [propext, Classical.choice, Quot.sound]
✔ [8779/8905] Built M7AffinePolynomial (34s)
⚠ [8780/8905] Built M5Checkpoint72 (21s)
warning: M5Checkpoint72.lean:22:35: This simp argument is unused:
  he

Hint: Omit it from the simp argument list.
  [apply] simp [M5.RepairSupport.repaired, Ne.symm he, h0]

Note: This linter can be disabled with `set_option linter.unusedSimpArgs false`
warning: M5Checkpoint72.lean:20:2: Unused tactic linter: `change
  ∀ (A : Finset ℕ) (e q : ℕ), e ≠ 0 → 0 ∈ A → 0 ∈ M5.RepairSupport.repaired A e q` does nothing

Note: This linter can be disabled with `set_option linter.unusedTactic false`
warning: M5Checkpoint72.lean:25:2: Unused tactic linter: `change
  ∀ (A : Finset ℕ) (e q : ℕ), e ∈ A → q ∉ A → (M5.RepairSupport.repaired A e q).card = A.card` does nothing

Note: This linter can be disabled with `set_option linter.unusedTactic false`
warning: M5Checkpoint72.lean:55:4: Unused tactic linter: `simpa only [Polynomial.monomial_one] using
  (M5.quotient_monomial_period (T := T) (a := e) (j := k))` does nothing

Note: This linter can be disabled with `set_option linter.unusedTactic false`
warning: M5Checkpoint72.lean:55:4: this tactic is never executed

Note: This linter can be disabled with `set_option linter.unreachableTactic false`
warning: M5Checkpoint72.lean:59:2: Unused tactic linter: `change
  ∀ (A : Finset ℕ) (e q L : ℕ), (∀ a ∈ A, a < L) → q < L → ∀ a ∈ M5.RepairSupport.repaired A e q, a < L` does nothing

Note: This linter can be disabled with `set_option linter.unusedTactic false`
warning: M5Checkpoint72.lean:85:34: This simp argument is unused:
  hij

Hint: Omit it from the simp argument list.
  [apply] simp [Polynomial.coeff_X_pow, hij.symm]

Note: This linter can be disabled with `set_option linter.unusedSimpArgs false`
warning: M5Checkpoint72.lean:73:2: Unused tactic linter: `change
  ∀ m j : ℕ, (((1 : Polynomial ℤ) - Polynomial.X) ^ m).coeff j = (-1 : ℤ) ^ j * (m.choose j : ℤ)` does nothing

Note: This linter can be disabled with `set_option linter.unusedTactic false`
warning: M5Checkpoint72.lean:78:4: Used `tac1 <;> tac2` where `(tac1; tac2)` would suffice

Note: This linter can be disabled with `set_option linter.unnecessarySeqFocus false`
warning: M5Checkpoint72.lean:127:2: Unused tactic linter: `change
  ∀ m n k : ℕ,
    (((1 - Polynomial.X : Polynomial ℤ) ^ m) * (1 + Polynomial.X) ^ n).coeff k =
      ∑ j ∈ Finset.range (k + 1), (-1 : ℤ) ^ j * (m.choose j : ℤ) * (n.choose (k - j) : ℤ)` does nothing

Note: This linter can be disabled with `set_option linter.unusedTactic false`
warning: M5Checkpoint72.lean:143:2: Unused tactic linter: `change ∀ P : M5.BinaryPolynomial, P ≠ 0 → P.Monic` does nothing

Note: This linter can be disabled with `set_option linter.unusedTactic false`
warning: M5Checkpoint72.lean:150:2: Unused tactic linter: `change ∀ P a : M5.BinaryPolynomial, P ∣ a → a.coeff 0 = 1 → P.coeff 0 = 1` does nothing

Note: This linter can be disabled with `set_option linter.unusedTactic false`
warning: M5Checkpoint72.lean:158:2: Unused tactic linter: `change ∀ P Q : M5.BinaryPolynomial, P ∣ Q → Q ∣ P → P = Q` does nothing

Note: This linter can be disabled with `set_option linter.unusedTactic false`
warning: M5Checkpoint72.lean:172:2: Unused tactic linter: `change
  ∀ a b : M5.BinaryPolynomial,
    a.coeff 0 = 1 →
      b.coeff 0 = 1 →
        (EuclideanDomain.gcd a b).Monic ∧
          (EuclideanDomain.gcd a b).coeff 0 = 1 ∧ (EuclideanDomain.gcd a b).natDegree ≤ b.natDegree` does nothing

Note: This linter can be disabled with `set_option linter.unusedTactic false`
warning: M5Checkpoint72.lean:186:2: Unused tactic linter: `change
  ∀ (a b : M5.BinaryPolynomial) (T E j : ℕ),
    EuclideanDomain.gcd a b ∣ M5.cyclicModulus E →
      M5.completeSignature a b (T + j * E) = M5.completeSignature a b T` does nothing

Note: This linter can be disabled with `set_option linter.unusedTactic false`
warning: M5Checkpoint72.lean:193:6: Unused tactic linter: `symm` does nothing

Note: This linter can be disabled with `set_option linter.unusedTactic false`
warning: M5Checkpoint72.lean:193:12: Unused tactic linter: `(apply M5.Lift.common_divisors_lift) <;> assumption` does nothing

Note: This linter can be disabled with `set_option linter.unusedTactic false`
warning: M5Checkpoint72.lean:193:6: this tactic is never executed

Note: This linter can be disabled with `set_option linter.unreachableTactic false`
warning: M5Checkpoint72.lean:193:12: this tactic is never executed

Note: This linter can be disabled with `set_option linter.unreachableTactic false`
warning: M5Checkpoint72.lean:203:2: Unused tactic linter: `change
  ∀ a b : M5.BinaryPolynomial,
    a.coeff 0 = 1 →
      b.coeff 0 = 1 →
        0 < M5.signaturePeriod (EuclideanDomain.gcd a b) ∧
          M5.signaturePeriod (EuclideanDomain.gcd a b) ≤ 2 ^ b.natDegree` does nothing

Note: This linter can be disabled with `set_option linter.unusedTactic false`
warning: M5Checkpoint72.lean:220:4: Unused tactic linter: `simp [M5.QuotientCharacter.coordinates]` does nothing

Note: This linter can be disabled with `set_option linter.unusedTactic false`
warning: M5Checkpoint72.lean:220:4: this tactic is never executed

Note: This linter can be disabled with `set_option linter.unreachableTactic false`
info: M5Checkpoint72.lean:244:0: 'M5.cutoff_gt_period' depends on axioms: [propext, Quot.sound]
info: M5Checkpoint72.lean:245:0: 'M5.packed_range' depends on axioms: [propext]
info: M5Checkpoint72.lean:246:0: 'M5.packed_residue' depends on axioms: [propext]
info: M5Checkpoint72.lean:247:0: 'M5.progression_period' depends on axioms: [propext]
info: M5Checkpoint72.lean:248:0: 'M5.recovery_inclusion_positive' does not depend on any axioms
info: M5Checkpoint72.lean:249:0: 'M5.repair_above_packing' does not depend on any axioms
info: M5Checkpoint72.lean:250:0: 'M5.source_below_birth_bound' depends on axioms: [propext]
info: M5Checkpoint72.lean:251:0: 'M5.packed_injective' depends on axioms: [propext, Classical.choice, Quot.sound]
info: M5Checkpoint72.lean:252:0: 'M5.repair_no_collision' depends on axioms: [propext]
info: M5Checkpoint72.lean:253:0: 'M5.Lift.bounded_progression' depends on axioms: [propext, Quot.sound]
info: M5Checkpoint72.lean:254:0: 'M5.Lift.cyclic_as_sub' depends on axioms: [propext, Classical.choice, Quot.sound]
info: M5Checkpoint72.lean:255:0: 'M5.Lift.bounded_source_order' depends on axioms: [propext, Quot.sound]
info: M5Checkpoint72.lean:256:0: 'M5.Lift.modulus_multiple' depends on axioms: [propext, Classical.choice, Quot.sound]
info: M5Checkpoint72.lean:257:0: 'M5.Lift.progression_difference' depends on axioms: [propext, Classical.choice, Quot.sound]
info: M5Checkpoint72.lean:258:0: 'M5.Lift.progression_congruence' depends on axioms: [propext, Classical.choice, Quot.sound]
info: M5Checkpoint72.lean:259:0: 'M5.Lift.common_divisors_lift' depends on axioms: [propext, Classical.choice, Quot.sound]
info: M5Checkpoint72.lean:260:0: 'M5.Lift.triple_divisors_lift' depends on axioms: [propext, Classical.choice, Quot.sound]
info: M5Checkpoint72.lean:261:0: 'M5.Period.cyclic_dvd_iff_root_pow' depends on axioms: [propext, Classical.choice, Quot.sound]
info: M5Checkpoint72.lean:262:0: 'M5.Period.quotient_finite' depends on axioms: [propext, Classical.choice, Quot.sound]
info: M5Checkpoint72.lean:263:0: 'M5.Period.root_is_unit' depends on axioms: [propext, Classical.choice, Quot.sound]
info: M5Checkpoint72.lean:264:0: 'M5.Period.period_law' depends on axioms: [propext, Classical.choice, Quot.sound]
info: M5Checkpoint72.lean:265:0: 'M5.Period.period_dvd_of_dvd' depends on axioms: [propext, Classical.choice, Quot.sound]
info: M5Checkpoint72.lean:266:0: 'M5.Period.period_one' depends on axioms: [propext, Classical.choice, Quot.sound]
info: M5Checkpoint72.lean:267:0: 'M5.Period.quotient_cardinality' depends on axioms: [propext, Classical.choice, Quot.sound]
info: M5Checkpoint72.lean:268:0: 'M5.Period.period_cardinality_bound' depends on axioms: [propext, Classical.choice, Quot.sound]
info: M5Checkpoint72.lean:269:0: 'M5.CRT.interval_representative' depends on axioms: [propext, Classical.choice, Quot.sound]
info: M5Checkpoint72.lean:270:0: 'M5.CRT.prime_crt_representative' depends on axioms: [propext, Classical.choice, Quot.sound]
info: M5Checkpoint72.lean:271:0: 'M5.CRT.safe_prime_residue' depends on axioms: [propext, Quot.sound]
info: M5Checkpoint72.lean:272:0: 'M5.CRT.residues_force_coprime' depends on axioms: [propext, Classical.choice, Quot.sound]
info: M5Checkpoint72.lean:273:0: 'M5.CRT.bounded_connectivity_repair' depends on axioms: [propext, Classical.choice, Quot.sound]
info: M5Checkpoint72.lean:274:0: 'M5.Packing.equal_residue_tag_strict' depends on axioms: [propext, Classical.choice, Quot.sound]
info: M5Checkpoint72.lean:275:0: 'M5.Packing.packed_support_anchor' depends on axioms: [propext, Classical.choice, Quot.sound]
info: M5Checkpoint72.lean:276:0: 'M5.Packing.packed_value_mod' depends on axioms: [propext, Classical.choice, Quot.sound]
info: M5Checkpoint72.lean:277:0: 'M5.Packing.tag_lt_weight' depends on axioms: [propext, Classical.choice, Quot.sound]
info: M5Checkpoint72.lean:278:0: 'M5.Packing.packed_support_range' depends on axioms: [propext, Classical.choice, Quot.sound]
info: M5Checkpoint72.lean:279:0: 'M5.Packing.packed_value_injective' depends on axioms: [propext, Classical.choice, Quot.sound]
info: M5Checkpoint72.lean:280:0: 'M5.Packing.packed_support_card' depends on axioms: [propext, Classical.choice, Quot.sound]
info: M5Checkpoint72.lean:281:0: 'M5.Character.bit_add' depends on axioms: [propext, Classical.choice, Quot.sound]
info: M5Checkpoint72.lean:282:0: 'M5.Character.bit_orthogonality' depends on axioms: [propext, Classical.choice, Quot.sound]
info: M5Checkpoint72.lean:283:0: 'M5.Character.character_add' depends on axioms: [propext, Classical.choice, Quot.sound]
info: M5Checkpoint72.lean:284:0: 'M5.Character.character_orthogonality' depends on axioms: [propext, Classical.choice, Quot.sound]
info: M5Checkpoint72.lean:285:0: 'M5.Character.finite_fibre_count' depends on axioms: [propext, Classical.choice, Quot.sound]
info: M5Checkpoint72.lean:286:0: 'M5.SupportPolynomial.packed_sum_image' depends on axioms: [propext, Classical.choice, Quot.sound]
info: M5Checkpoint72.lean:287:0: 'M5.SupportPolynomial.quotient_monomial_period' depends on axioms: [propext, Classical.choice, Quot.sound]
info: M5Checkpoint72.lean:288:0: 'M5.SupportPolynomial.support_coeff_zero' depends on axioms: [propext, Classical.choice, Quot.sound]
info: M5Checkpoint72.lean:289:0: 'M5.SupportPolynomial.support_degree_bound' depends on axioms: [propext, Classical.choice, Quot.sound]
info: M5Checkpoint72.lean:290:0: 'M5.SupportPolynomial.anchored_support_nonzero' depends on axioms: [propext, Classical.choice, Quot.sound]
info: M5Checkpoint72.lean:291:0: 'M5.SupportPolynomial.packed_polynomial_residue' depends on axioms: [propext, Classical.choice, Quot.sound]
info: M5Checkpoint72.lean:292:0: 'M5.Connectivity.divisor_moebius' depends on axioms: [propext, Classical.choice, Quot.sound]
info: M5Checkpoint72.lean:293:0: 'M5.Connectivity.support_gcd_dvd' depends on axioms: [propext, Classical.choice, Quot.sound]
info: M5Checkpoint72.lean:294:0: 'M5.Connectivity.support_divisor_filter' depends on axioms: [propext, Classical.choice, Quot.sound]
info: M5Checkpoint72.lean:295:0: 'M5.Connectivity.connected_indicator' depends on axioms: [propext, Classical.choice, Quot.sound]
info: M5Checkpoint72.lean:296:0: 'M5.RepairSupport.replacement_anchor' depends on axioms: [propext, Classical.choice, Quot.sound]
info: M5Checkpoint72.lean:297:0: 'M5.RepairSupport.replacement_card' depends on axioms: [propext, Classical.choice, Quot.sound]
info: M5Checkpoint72.lean:298:0: 'M5.RepairSupport.replacement_combined_gcd' depends on axioms: [propext, Classical.choice, Quot.sound]
info: M5Checkpoint72.lean:299:0: 'M5.RepairSupport.replacement_polynomial_residue' depends on axioms: [propext, Classical.choice, Quot.sound]
info: M5Checkpoint72.lean:300:0: 'M5.RepairSupport.replacement_range' depends on axioms: [propext, Classical.choice, Quot.sound]
info: M5Checkpoint72.lean:301:0: 'M5.RepairSupport.replacement_connected' depends on axioms: [propext, Classical.choice, Quot.sound]
info: M5Checkpoint72.lean:302:0: 'M5.Binomial.negative_coeff' depends on axioms: [propext, Classical.choice, Quot.sound]
info: M5Checkpoint72.lean:303:0: 'M5.Binomial.signed_product_split' depends on axioms: [propext, Classical.choice, Quot.sound]
info: M5Checkpoint72.lean:304:0: 'M5.Binomial.binomial_convolution' depends on axioms: [propext, Classical.choice, Quot.sound]
info: M5Checkpoint72.lean:305:0: 'M5.Binomial.signed_coefficient_eval' depends on axioms: [propext, Classical.choice, Quot.sound]
info: M5Checkpoint72.lean:306:0: 'M5.Signature.binary_monic' depends on axioms: [propext, Classical.choice, Quot.sound]
info: M5Checkpoint72.lean:307:0: 'M5.Signature.divisor_constant_one' depends on axioms: [propext, Classical.choice, Quot.sound]
info: M5Checkpoint72.lean:308:0: 'M5.Signature.binary_dvd_antisymm' depends on axioms: [propext, Classical.choice, Quot.sound]
info: M5Checkpoint72.lean:309:0: 'M5.Signature.ordinary_gcd_properties' depends on axioms: [propext, Classical.choice, Quot.sound]
info: M5Checkpoint72.lean:310:0: 'M5.Signature.exact_signature_lift' depends on axioms: [propext, Classical.choice, Quot.sound]
info: M5Checkpoint72.lean:311:0: 'M5.Signature.ordinary_gcd_period_bound' depends on axioms: [propext, Classical.choice, Quot.sound]
info: M5Checkpoint72.lean:312:0: 'M5.QuotientCharacter.character_add' depends on axioms: [propext, Classical.choice, Quot.sound]
info: M5Checkpoint72.lean:313:0: 'M5.QuotientCharacter.coordinates_zero_iff' depends on axioms: [propext, Classical.choice, Quot.sound]
info: M5Checkpoint72.lean:314:0: 'M5.QuotientCharacter.finite_fibre_count' depends on axioms: [propext, Classical.choice, Quot.sound]
info: M5Checkpoint72.lean:315:0: 'M5.QuotientCharacter.character_orthogonality' depends on axioms: [propext, Classical.choice, Quot.sound]
✔ [8781/8905] Built M7SignatureTau (20s)
✔ [8782/8905] Built M7ActualPresentation (38s)
✔ [8783/8905] Built M7ActionGroup (36s)
✔ [8784/8905] Built M7ObjectiveComparison (32s)
⚠ [8785/8905] Built M7PresentationAccepted (33s)
warning: M7PresentationAccepted.lean:5:2: Unused tactic linter: `change
  ∀ (κ σ τ : Type) (a : M7.Presentation.Record κ σ τ),
    M7.Presentation.mk (M7.Presentation.outer a) (M7.Presentation.left a) (M7.Presentation.right a) = a` does nothing

Note: This linter can be disabled with `set_option linter.unusedTactic false`
warning: M7PresentationAccepted.lean:13:58: This simp argument is unused:
  le_of_lt h

Hint: Omit it from the simp argument list.
  [apply] simp [M7.Presentation.mk, Prod.Lex.toLex_le_toLex, h, not_le_of_gt h, ht]

Note: This linter can be disabled with `set_option linter.unusedSimpArgs false`
warning: M7PresentationAccepted.lean:13:70: This simp argument is unused:
  not_le_of_gt h

Hint: Omit it from the simp argument list.
  [apply] simp [M7.Presentation.mk, Prod.Lex.toLex_le_toLex, h, le_of_lt h, ht]

Note: This linter can be disabled with `set_option linter.unusedSimpArgs false`
warning: M7PresentationAccepted.lean:54:42: `dif_pos` has been deprecated: Use `dite_eq_left` instead
warning: M7PresentationAccepted.lean:94:4: Try `simp at hb` instead of `simpa using hb`

Note: This linter can be disabled with `set_option linter.unnecessarySimpa false`
warning: M7PresentationAccepted.lean:104:2: Unused tactic linter: `change
  ∀ (κ σ τ : Type) (K : Finset κ) (S : Finset σ) (T : Finset τ) (a : M7.Presentation.Record κ σ τ),
    a ∈ M7.Presentation.domain K S T ↔
      M7.Presentation.outer a ∈ K ∧ M7.Presentation.left a ∈ S ∧ M7.Presentation.right a ∈ T` does nothing

Note: This linter can be disabled with `set_option linter.unusedTactic false`
✔ [8786/8905] Built M6TransferScatter (38s)
✔ [8787/8905] Built M6TransferCoefficients (38s)
✔ [8788/8905] Built M5BinaryDivisibility (4.0s)
✔ [8789/8905] Built M5FactorProduct (10s)
✔ [8790/8905] Built M5PolynomialExclusion (10s)
⚠ [8791/8905] Built M7SignatureTauAccepted (15s)
warning: M7SignatureTauAccepted.lean:4:2: Unused tactic linter: `change ∀ F : M6.Cyclic.BinaryPolynomial, F ≠ 0 → F.Monic` does nothing

Note: This linter can be disabled with `set_option linter.unusedTactic false`
info: M7SignatureTauAccepted.lean:106:0: 'M7.SignatureTau.binary_monic' depends on axioms: [propext, Classical.choice, Quot.sound]
info: M7SignatureTauAccepted.lean:107:0: 'M7.SignatureTau.modulus_monic' depends on axioms: [propext, Classical.choice, Quot.sound]
info: M7SignatureTauAccepted.lean:108:0: 'M7.SignatureTau.gcd_canonical' depends on axioms: [propext, Classical.choice, Quot.sound]
info: M7SignatureTauAccepted.lean:109:0: 'M7.SignatureTau.reduced_image' depends on axioms: [propext, Classical.choice, Quot.sound]
info: M7SignatureTauAccepted.lean:110:0: 'M7.SignatureTau.tau_principal' depends on axioms: [propext, Classical.choice, Quot.sound]
info: M7SignatureTauAccepted.lean:111:0: 'M7.SignatureTau.tau_properties' depends on axioms: [propext, Classical.choice, Quot.sound]
info: M7SignatureTauAccepted.lean:112:0: 'M7.SignatureTau.source_tau_equal' depends on axioms: [propext, Classical.choice, Quot.sound]
info: M7SignatureTauAccepted.lean:113:0: 'M7.SignatureTau.tau_comp' depends on axioms: [propext, Classical.choice, Quot.sound]
info: M7SignatureTauAccepted.lean:114:0: 'M7.SignatureTau.tau_one' depends on axioms: [propext, Classical.choice, Quot.sound]
info: M7SignatureTauAccepted.lean:115:0: 'M7.SignatureTau.tau_inverse' depends on axioms: [propext, Classical.choice, Quot.sound]
ℹ [8792/8905] Built M7AffinePolynomialAccepted (24s)
info: M7AffinePolynomialAccepted.lean:65:0: 'M7.AffinePolynomial.rho_add_val' depends on axioms: [propext, Classical.choice, Quot.sound]
info: M7AffinePolynomialAccepted.lean:66:0: 'M7.AffinePolynomial.rho_mul_val' depends on axioms: [propext, Classical.choice, Quot.sound]
info: M7AffinePolynomialAccepted.lean:67:0: 'M7.AffinePolynomial.rho_power_unit' depends on axioms: [propext, Classical.choice, Quot.sound]
info: M7AffinePolynomialAccepted.lean:68:0: 'M7.AffinePolynomial.support_sum' depends on axioms: [propext, Classical.choice, Quot.sound]
info: M7AffinePolynomialAccepted.lean:69:0: 'M7.AffinePolynomial.substitution_support_sum' depends on axioms: [propext, Classical.choice, Quot.sound]
info: M7AffinePolynomialAccepted.lean:70:0: 'M7.AffinePolynomial.image_affine' depends on axioms: [propext, Classical.choice, Quot.sound]
info: M7AffinePolynomialAccepted.lean:71:0: 'M7.AffinePolynomial.action_images' depends on axioms: [propext, Classical.choice, Quot.sound]
⚠ [8793/8905] Built M5Checkpoint90 (11s)
warning: M5Checkpoint90.lean:26:2: Unused tactic linter: `change ∀ (D : ℕ) (lam : M5.Character.BinaryVector D), M5.Character.value lam 0 = 1` does nothing

Note: This linter can be disabled with `set_option linter.unusedTactic false`
warning: M5Checkpoint90.lean:31:2: Unused tactic linter: `change
  ∀ (D : ℕ) (U : Finset ℕ) (f : ℕ → M5.Character.BinaryVector D) (lam : M5.Character.BinaryVector D),
    M5.Character.value lam (M5.SubsetCharacter.vectorSum U f) = ∏ s ∈ U, M5.Character.value lam (f s)` does nothing

Note: This linter can be disabled with `set_option linter.unusedTactic false`
warning: M5Checkpoint90.lean:42:8: Unused tactic linter: `rw [M5.SubsetCharacter.character_add, ih]` does nothing

Note: This linter can be disabled with `set_option linter.unusedTactic false`
warning: M5Checkpoint90.lean:42:8: this tactic is never executed

Note: This linter can be disabled with `set_option linter.unreachableTactic false`
warning: M5Checkpoint90.lean:45:2: Unused tactic linter: `change
  ∀ (D : ℕ) (S : Finset ℕ) (f : ℕ → M5.Character.BinaryVector D) (lam : M5.Character.BinaryVector D),
    M5.SubsetCharacter.signedProduct S (fun s => M5.Character.value lam (f s)) =
      ∑ U ∈ S.powerset,
        Polynomial.C (M5.Character.value lam (M5.SubsetCharacter.vectorSum U f)) *
          (Polynomial.X : Polynomial ℤ) ^ U.card` does nothing

Note: This linter can be disabled with `set_option linter.unusedTactic false`
warning: M5Checkpoint90.lean:65:36: This simp argument is unused:
  Polynomial.coeff_C_mul_X_pow

Hint: Omit it from the simp argument list.
  [apply] simp [Polynomial.finsetSum_coeff, Finset.powersetCard_eq_filter, Finset.sum_filter, eq_comm]

Note: This linter can be disabled with `set_option linter.unusedSimpArgs false`
warning: M5Checkpoint90.lean:61:2: Unused tactic linter: `change
  ∀ (D : ℕ) (S : Finset ℕ) (k : ℕ) (f : ℕ → M5.Character.BinaryVector D) (lam : M5.Character.BinaryVector D),
    (M5.SubsetCharacter.signedProduct S (fun s => M5.Character.value lam (f s))).coeff k =
      ∑ U ∈ S.powersetCard k, M5.Character.value lam (M5.SubsetCharacter.vectorSum U f)` does nothing

Note: This linter can be disabled with `set_option linter.unusedTactic false`
warning: M5Checkpoint90.lean:68:2: Unused tactic linter: `change
  ∀ (D : ℕ) (S : Finset ℕ) (k : ℕ) (f : ℕ → M5.Character.BinaryVector D) (z : M5.Character.BinaryVector D),
    (∑ lam : M5.Character.BinaryVector D,
        M5.Character.value lam z *
          (M5.SubsetCharacter.signedProduct S (fun s => M5.Character.value lam (f s))).coeff k) =
      (2 : ℤ) ^ D * (M5.SubsetCharacter.count S k f z : ℤ)` does nothing

Note: This linter can be disabled with `set_option linter.unusedTactic false`
warning: M5Checkpoint90.lean:88:4: Unused tactic linter: `simp_rw [← M5.SubsetCharacter.character_add]` does nothing

Note: This linter can be disabled with `set_option linter.unusedTactic false`
warning: M5Checkpoint90.lean:91:4: Unused tactic linter: `simp_rw [M5.SubsetCharacter.character_orthogonality]` does nothing

Note: This linter can be disabled with `set_option linter.unusedTactic false`
warning: M5Checkpoint90.lean:88:4: this tactic is never executed

Note: This linter can be disabled with `set_option linter.unreachableTactic false`
warning: M5Checkpoint90.lean:91:4: this tactic is never executed

Note: This linter can be disabled with `set_option linter.unreachableTactic false`
warning: M5Checkpoint90.lean:116:2: Unused tactic linter: `change ∀ (D : ℕ) (lam : M5.Character.BinaryVector D), M5.Character.value lam 0 = 1` does nothing

Note: This linter can be disabled with `set_option linter.unusedTactic false`
warning: M5Checkpoint90.lean:121:2: Unused tactic linter: `change
  ∀ (D n k : ℕ) (f : Fin n → M5.Character.BinaryVector D) (t : Fin k → Fin n) (lam : M5.Character.BinaryVector D),
    M5.Character.value lam (M5.TupleCharacter.vectorSum f t) =
      ∏ i : Fin k, M5.Character.value lam (f (t i))` does nothing

Note: This linter can be disabled with `set_option linter.unusedTactic false`
warning: M5Checkpoint90.lean:138:2: Unused tactic linter: `change
  ∀ (D n k : ℕ) (f : Fin n → M5.Character.BinaryVector D) (lam : M5.Character.BinaryVector D),
    (∑ t : Fin k → Fin n, M5.Character.value lam (M5.TupleCharacter.vectorSum f t)) =
      (∑ a : Fin n, M5.Character.value lam (f a)) ^ k` does nothing

Note: This linter can be disabled with `set_option linter.unusedTactic false`
warning: M5Checkpoint90.lean:146:2: Unused tactic linter: `change
  ∀ (D n k : ℕ) (f : Fin n → M5.Character.BinaryVector D) (z : M5.Character.BinaryVector D),
    (∑ lam : M5.Character.BinaryVector D, M5.Character.value lam z * (∑ a : Fin n, M5.Character.value lam (f a)) ^ k) =
      (2 : ℤ) ^ D * (M5.TupleCharacter.count k f z : ℤ)` does nothing

Note: This linter can be disabled with `set_option linter.unusedTactic false`
warning: M5Checkpoint90.lean:152:2: Unused tactic linter: `change
  ∀ S : Finset M5.BinaryPolynomial, (∑ H ∈ S.powerset, (-1 : ℤ) ^ H.card) = if S = ∅ then 1 else 0` does nothing

Note: This linter can be disabled with `set_option linter.unusedTactic false`
warning: M5Checkpoint90.lean:156:6: Unused tactic linter: `exact Nat.sum_powerset_neg_one_pow_card` does nothing

Note: This linter can be disabled with `set_option linter.unusedTactic false`
warning: M5Checkpoint90.lean:156:6: this tactic is never executed

Note: This linter can be disabled with `set_option linter.unreachableTactic false`
warning: M5Checkpoint90.lean:159:2: Unused tactic linter: `change
  ∀ (S : Finset M5.BinaryPolynomial) (bad : M5.BinaryPolynomial → Bool),
    S.powerset.filter (fun H => ∀ p ∈ H, bad p = true) = (S.filter (fun p => bad p = true)).powerset` does nothing

Note: This linter can be disabled with `set_option linter.unusedTactic false`
warning: M5Checkpoint90.lean:187:8: Try `simp at hm` instead of `simpa using hm`

Note: This linter can be disabled with `set_option linter.unnecessarySimpa false`
warning: M5Checkpoint90.lean:204:6: try 'simp' instead of 'simpa'

Note: This linter can be disabled with `set_option linter.unnecessarySimpa false`
warning: M5Checkpoint90.lean:178:2: Unused tactic linter: `change
  ∀ (S : Finset M5.BinaryPolynomial) (bad : M5.BinaryPolynomial → Bool),
    M5.FiniteExclusion.exclusionSum S bad = if ∀ p ∈ S, bad p = false then 1 else 0` does nothing

Note: This linter can be disabled with `set_option linter.unusedTactic false`
warning: M5Checkpoint90.lean:207:2: Unused tactic linter: `change ∀ F H A : M5.BinaryPolynomial, F ≠ 0 → F ∣ A → (F * H ∣ A ↔ H ∣ A / F)` does nothing

Note: This linter can be disabled with `set_option linter.unusedTactic false`
warning: M5Checkpoint90.lean:220:2: Unused tactic linter: `change
  ∀ p q : M5.BinaryPolynomial, p.Monic → q.Monic → Irreducible p → Irreducible q → p ≠ q → IsCoprime p q` does nothing

Note: This linter can be disabled with `set_option linter.unusedTactic false`
warning: M5Checkpoint90.lean:233:2: Unused tactic linter: `change
  ∀ (S : Finset M5.BinaryPolynomial) (A : M5.BinaryPolynomial),
    (∀ p ∈ S, p.Monic ∧ Irreducible p) → ((∏ p ∈ S, p) ∣ A ↔ ∀ p ∈ S, p ∣ A)` does nothing

Note: This linter can be disabled with `set_option linter.unusedTactic false`
warning: M5Checkpoint90.lean:246:2: Unused tactic linter: `change
  ∀ (S : Finset M5.BinaryPolynomial) (F : M5.BinaryPolynomial) (N : ℕ),
    0 < N →
      F.Monic →
        F ∣ M5.cyclicModulus N →
          S ⊆ M5.FactorProduct.residualFactors (M5.cyclicModulus N) F →
            F * (∏ p ∈ S, p) ∣ M5.cyclicModulus N` does nothing

Note: This linter can be disabled with `set_option linter.unusedTactic false`
warning: M5Checkpoint90.lean:264:2: Unused tactic linter: `change
  ∀ (S : Finset M5.BinaryPolynomial) (F A : M5.BinaryPolynomial),
    F ≠ 0 → F ∣ A → (∀ p ∈ S, p.Monic ∧ Irreducible p) → (F * (∏ p ∈ S, p) ∣ A ↔ ∀ p ∈ S, F * p ∣ A)` does nothing

Note: This linter can be disabled with `set_option linter.unusedTactic false`
info: M5Checkpoint90.lean:274:0: 'M5.cutoff_gt_period' depends on axioms: [propext, Quot.sound]
info: M5Checkpoint90.lean:275:0: 'M5.packed_range' depends on axioms: [propext]
info: M5Checkpoint90.lean:276:0: 'M5.packed_residue' depends on axioms: [propext]
info: M5Checkpoint90.lean:277:0: 'M5.progression_period' depends on axioms: [propext]
info: M5Checkpoint90.lean:278:0: 'M5.recovery_inclusion_positive' does not depend on any axioms
info: M5Checkpoint90.lean:279:0: 'M5.repair_above_packing' does not depend on any axioms
info: M5Checkpoint90.lean:280:0: 'M5.source_below_birth_bound' depends on axioms: [propext]
info: M5Checkpoint90.lean:281:0: 'M5.packed_injective' depends on axioms: [propext, Classical.choice, Quot.sound]
info: M5Checkpoint90.lean:282:0: 'M5.repair_no_collision' depends on axioms: [propext]
info: M5Checkpoint90.lean:283:0: 'M5.Lift.bounded_progression' depends on axioms: [propext, Quot.sound]
info: M5Checkpoint90.lean:284:0: 'M5.Lift.cyclic_as_sub' depends on axioms: [propext, Classical.choice, Quot.sound]
info: M5Checkpoint90.lean:285:0: 'M5.Lift.bounded_source_order' depends on axioms: [propext, Quot.sound]
info: M5Checkpoint90.lean:286:0: 'M5.Lift.modulus_multiple' depends on axioms: [propext, Classical.choice, Quot.sound]
info: M5Checkpoint90.lean:287:0: 'M5.Lift.progression_difference' depends on axioms: [propext, Classical.choice, Quot.sound]
info: M5Checkpoint90.lean:288:0: 'M5.Lift.progression_congruence' depends on axioms: [propext, Classical.choice, Quot.sound]
info: M5Checkpoint90.lean:289:0: 'M5.Lift.common_divisors_lift' depends on axioms: [propext, Classical.choice, Quot.sound]
info: M5Checkpoint90.lean:290:0: 'M5.Lift.triple_divisors_lift' depends on axioms: [propext, Classical.choice, Quot.sound]
info: M5Checkpoint90.lean:291:0: 'M5.Period.cyclic_dvd_iff_root_pow' depends on axioms: [propext, Classical.choice, Quot.sound]
info: M5Checkpoint90.lean:292:0: 'M5.Period.quotient_finite' depends on axioms: [propext, Classical.choice, Quot.sound]
info: M5Checkpoint90.lean:293:0: 'M5.Period.root_is_unit' depends on axioms: [propext, Classical.choice, Quot.sound]
info: M5Checkpoint90.lean:294:0: 'M5.Period.period_law' depends on axioms: [propext, Classical.choice, Quot.sound]
info: M5Checkpoint90.lean:295:0: 'M5.Period.period_dvd_of_dvd' depends on axioms: [propext, Classical.choice, Quot.sound]
info: M5Checkpoint90.lean:296:0: 'M5.Period.period_one' depends on axioms: [propext, Classical.choice, Quot.sound]
info: M5Checkpoint90.lean:297:0: 'M5.Period.quotient_cardinality' depends on axioms: [propext, Classical.choice, Quot.sound]
info: M5Checkpoint90.lean:298:0: 'M5.Period.period_cardinality_bound' depends on axioms: [propext, Classical.choice, Quot.sound]
info: M5Checkpoint90.lean:299:0: 'M5.CRT.interval_representative' depends on axioms: [propext, Classical.choice, Quot.sound]
info: M5Checkpoint90.lean:300:0: 'M5.CRT.prime_crt_representative' depends on axioms: [propext, Classical.choice, Quot.sound]
info: M5Checkpoint90.lean:301:0: 'M5.CRT.safe_prime_residue' depends on axioms: [propext, Quot.sound]
info: M5Checkpoint90.lean:302:0: 'M5.CRT.residues_force_coprime' depends on axioms: [propext, Classical.choice, Quot.sound]
info: M5Checkpoint90.lean:303:0: 'M5.CRT.bounded_connectivity_repair' depends on axioms: [propext, Classical.choice, Quot.sound]
info: M5Checkpoint90.lean:304:0: 'M5.Packing.equal_residue_tag_strict' depends on axioms: [propext, Classical.choice, Quot.sound]
info: M5Checkpoint90.lean:305:0: 'M5.Packing.packed_support_anchor' depends on axioms: [propext, Classical.choice, Quot.sound]
info: M5Checkpoint90.lean:306:0: 'M5.Packing.packed_value_mod' depends on axioms: [propext, Classical.choice, Quot.sound]
info: M5Checkpoint90.lean:307:0: 'M5.Packing.tag_lt_weight' depends on axioms: [propext, Classical.choice, Quot.sound]
info: M5Checkpoint90.lean:308:0: 'M5.Packing.packed_support_range' depends on axioms: [propext, Classical.choice, Quot.sound]
info: M5Checkpoint90.lean:309:0: 'M5.Packing.packed_value_injective' depends on axioms: [propext, Classical.choice, Quot.sound]
info: M5Checkpoint90.lean:310:0: 'M5.Packing.packed_support_card' depends on axioms: [propext, Classical.choice, Quot.sound]
info: M5Checkpoint90.lean:311:0: 'M5.Character.bit_add' depends on axioms: [propext, Classical.choice, Quot.sound]
info: M5Checkpoint90.lean:312:0: 'M5.Character.bit_orthogonality' depends on axioms: [propext, Classical.choice, Quot.sound]
info: M5Checkpoint90.lean:313:0: 'M5.Character.character_add' depends on axioms: [propext, Classical.choice, Quot.sound]
info: M5Checkpoint90.lean:314:0: 'M5.Character.character_orthogonality' depends on axioms: [propext, Classical.choice, Quot.sound]
info: M5Checkpoint90.lean:315:0: 'M5.Character.finite_fibre_count' depends on axioms: [propext, Classical.choice, Quot.sound]
info: M5Checkpoint90.lean:316:0: 'M5.SupportPolynomial.packed_sum_image' depends on axioms: [propext, Classical.choice, Quot.sound]
info: M5Checkpoint90.lean:317:0: 'M5.SupportPolynomial.quotient_monomial_period' depends on axioms: [propext, Classical.choice, Quot.sound]
info: M5Checkpoint90.lean:318:0: 'M5.SupportPolynomial.support_coeff_zero' depends on axioms: [propext, Classical.choice, Quot.sound]
info: M5Checkpoint90.lean:319:0: 'M5.SupportPolynomial.support_degree_bound' depends on axioms: [propext, Classical.choice, Quot.sound]
info: M5Checkpoint90.lean:320:0: 'M5.SupportPolynomial.anchored_support_nonzero' depends on axioms: [propext, Classical.choice, Quot.sound]
info: M5Checkpoint90.lean:321:0: 'M5.SupportPolynomial.packed_polynomial_residue' depends on axioms: [propext, Classical.choice, Quot.sound]
info: M5Checkpoint90.lean:322:0: 'M5.Connectivity.divisor_moebius' depends on axioms: [propext, Classical.choice, Quot.sound]
info: M5Checkpoint90.lean:323:0: 'M5.Connectivity.support_gcd_dvd' depends on axioms: [propext, Classical.choice, Quot.sound]
info: M5Checkpoint90.lean:324:0: 'M5.Connectivity.support_divisor_filter' depends on axioms: [propext, Classical.choice, Quot.sound]
info: M5Checkpoint90.lean:325:0: 'M5.Connectivity.connected_indicator' depends on axioms: [propext, Classical.choice, Quot.sound]
info: M5Checkpoint90.lean:326:0: 'M5.RepairSupport.replacement_anchor' depends on axioms: [propext, Classical.choice, Quot.sound]
info: M5Checkpoint90.lean:327:0: 'M5.RepairSupport.replacement_card' depends on axioms: [propext, Classical.choice, Quot.sound]
info: M5Checkpoint90.lean:328:0: 'M5.RepairSupport.replacement_combined_gcd' depends on axioms: [propext, Classical.choice, Quot.sound]
info: M5Checkpoint90.lean:329:0: 'M5.RepairSupport.replacement_polynomial_residue' depends on axioms: [propext, Classical.choice, Quot.sound]
info: M5Checkpoint90.lean:330:0: 'M5.RepairSupport.replacement_range' depends on axioms: [propext, Classical.choice, Quot.sound]
info: M5Checkpoint90.lean:331:0: 'M5.RepairSupport.replacement_connected' depends on axioms: [propext, Classical.choice, Quot.sound]
info: M5Checkpoint90.lean:332:0: 'M5.Binomial.negative_coeff' depends on axioms: [propext, Classical.choice, Quot.sound]
info: M5Checkpoint90.lean:333:0: 'M5.Binomial.signed_product_split' depends on axioms: [propext, Classical.choice, Quot.sound]
info: M5Checkpoint90.lean:334:0: 'M5.Binomial.binomial_convolution' depends on axioms: [propext, Classical.choice, Quot.sound]
info: M5Checkpoint90.lean:335:0: 'M5.Binomial.signed_coefficient_eval' depends on axioms: [propext, Classical.choice, Quot.sound]
info: M5Checkpoint90.lean:336:0: 'M5.Signature.binary_monic' depends on axioms: [propext, Classical.choice, Quot.sound]
info: M5Checkpoint90.lean:337:0: 'M5.Signature.divisor_constant_one' depends on axioms: [propext, Classical.choice, Quot.sound]
info: M5Checkpoint90.lean:338:0: 'M5.Signature.binary_dvd_antisymm' depends on axioms: [propext, Classical.choice, Quot.sound]
info: M5Checkpoint90.lean:339:0: 'M5.Signature.ordinary_gcd_properties' depends on axioms: [propext, Classical.choice, Quot.sound]
info: M5Checkpoint90.lean:340:0: 'M5.Signature.exact_signature_lift' depends on axioms: [propext, Classical.choice, Quot.sound]
info: M5Checkpoint90.lean:341:0: 'M5.Signature.ordinary_gcd_period_bound' depends on axioms: [propext, Classical.choice, Quot.sound]
info: M5Checkpoint90.lean:342:0: 'M5.QuotientCharacter.character_add' depends on axioms: [propext, Classical.choice, Quot.sound]
info: M5Checkpoint90.lean:343:0: 'M5.QuotientCharacter.coordinates_zero_iff' depends on axioms: [propext, Classical.choice, Quot.sound]
info: M5Checkpoint90.lean:344:0: 'M5.QuotientCharacter.finite_fibre_count' depends on axioms: [propext, Classical.choice, Quot.sound]
info: M5Checkpoint90.lean:345:0: 'M5.QuotientCharacter.character_orthogonality' depends on axioms: [propext, Classical.choice, Quot.sound]
info: M5Checkpoint90.lean:346:0: 'M5.SubsetCharacter.value_zero' depends on axioms: [propext, Classical.choice, Quot.sound]
info: M5Checkpoint90.lean:347:0: 'M5.SubsetCharacter.character_subset_sum' depends on axioms: [propext, Classical.choice, Quot.sound]
info: M5Checkpoint90.lean:348:0: 'M5.SubsetCharacter.signed_product_expansion' depends on axioms: [propext, Classical.choice, Quot.sound]
info: M5Checkpoint90.lean:349:0: 'M5.SubsetCharacter.signed_product_coefficient' depends on axioms: [propext, Classical.choice, Quot.sound]
info: M5Checkpoint90.lean:350:0: 'M5.SubsetCharacter.subset_character_count' depends on axioms: [propext, Classical.choice, Quot.sound]
info: M5Checkpoint90.lean:351:0: 'M5.TupleCharacter.tuple_character_count' depends on axioms: [propext, Classical.choice, Quot.sound]
info: M5Checkpoint90.lean:352:0: 'M5.TupleCharacter.value_zero' depends on axioms: [propext, Classical.choice, Quot.sound]
info: M5Checkpoint90.lean:353:0: 'M5.TupleCharacter.character_tuple_sum' depends on axioms: [propext, Classical.choice, Quot.sound]
info: M5Checkpoint90.lean:354:0: 'M5.TupleCharacter.tuple_character_power' depends on axioms: [propext, Classical.choice, Quot.sound]
info: M5Checkpoint90.lean:355:0: 'M5.TupleCharacter.ordered_tuple_power_count' depends on axioms: [propext, Classical.choice, Quot.sound]
info: M5Checkpoint90.lean:356:0: 'M5.FiniteExclusion.alternating_subsets' depends on axioms: [propext, Classical.choice, Quot.sound]
info: M5Checkpoint90.lean:357:0: 'M5.FiniteExclusion.filtered_powerset' depends on axioms: [propext, Classical.choice, Quot.sound]
info: M5Checkpoint90.lean:358:0: 'M5.FiniteExclusion.exclusion_indicator' depends on axioms: [propext, Classical.choice, Quot.sound]
info: M5Checkpoint90.lean:359:0: 'M5.FactorProduct.common_factor_dvd' depends on axioms: [propext, Classical.choice, Quot.sound]
info: M5Checkpoint90.lean:360:0: 'M5.FactorProduct.distinct_irreducibles_coprime' depends on axioms: [propext, Classical.choice, Quot.sound]
info: M5Checkpoint90.lean:361:0: 'M5.FactorProduct.irreducible_product_dvd' depends on axioms: [propext, Classical.choice, Quot.sound]
info: M5Checkpoint90.lean:362:0: 'M5.FactorProduct.cyclic_cap' depends on axioms: [propext, Classical.choice, Quot.sound]
info: M5Checkpoint90.lean:363:0: 'M5.FactorProduct.product_event_iff' depends on axioms: [propext, Classical.choice, Quot.sound]
⚠ [8794/8905] Built M5PolynomialExclusionAccepted (14s)
warning: M5PolynomialExclusionAccepted.lean:4:2: Unused tactic linter: `change
  ∀ (F : M5.BinaryPolynomial) (N : ℕ),
    0 < N → F.Monic → F ∣ M5.cyclicModulus N → M5.cyclicModulus N / F ≠ 0` does nothing

Note: This linter can be disabled with `set_option linter.unusedTactic false`
warning: M5PolynomialExclusionAccepted.lean:15:2: Unused tactic linter: `change ∀ F P p : M5.BinaryPolynomial, F ≠ 0 → F ∣ P → (p ∣ P / F ↔ F * p ∣ P)` does nothing

Note: This linter can be disabled with `set_option linter.unusedTactic false`
warning: M5PolynomialExclusionAccepted.lean:28:2: Unused tactic linter: `change
  ∀ (a b F : M5.BinaryPolynomial) (N : ℕ),
    F ∣ a → F ∣ b → F ∣ M5.cyclicModulus N → F ∣ M5.completeSignature a b N` does nothing

Note: This linter can be disabled with `set_option linter.unusedTactic false`
warning: M5PolynomialExclusionAccepted.lean:34:2: Unused tactic linter: `change
  ∀ F G : M5.BinaryPolynomial,
    F.Monic → F ∣ G → G ≠ 0 → G ≠ F → ∃ p : M5.BinaryPolynomial, Irreducible p ∧ F * p ∣ G` does nothing

Note: This linter can be disabled with `set_option linter.unusedTactic false`
warning: M5PolynomialExclusionAccepted.lean:77:6: Try `simp at hc` instead of `simpa using hc`

Note: This linter can be disabled with `set_option linter.unnecessarySimpa false`
warning: M5PolynomialExclusionAccepted.lean:55:2: Unused tactic linter: `change
  ∀ (a b F : M5.BinaryPolynomial) (N : ℕ),
    0 < N →
      F.Monic →
        F ∣ M5.cyclicModulus N →
          F ∣ a →
            F ∣ b →
              (M5.completeSignature a b N = F ↔
                ∀ p : M5.BinaryPolynomial,
                  Irreducible p → p ∣ M5.cyclicModulus N / F → ¬(F * p ∣ a ∧ F * p ∣ b))` does nothing

Note: This linter can be disabled with `set_option linter.unusedTactic false`
warning: M5PolynomialExclusionAccepted.lean:92:2: Unused tactic linter: `change
  ∀ (a b F : M5.BinaryPolynomial) (N : ℕ),
    0 < N →
      F.Monic →
        F ∣ M5.cyclicModulus N →
          F ∣ a →
            F ∣ b →
              (M5.completeSignature a b N = F ↔
                ∀ p ∈ M5.PolynomialExclusion.residualFactors (M5.cyclicModulus N) F,
                  ¬(F * p ∣ a ∧ F * p ∣ b))` does nothing

Note: This linter can be disabled with `set_option linter.unusedTactic false`
✔ [8795/8905] Built M7ActualOrbit (27s)
✔ [8796/8905] Built M6TransferActualResources (27s)
✔ [8797/8905] Built M6TransferPartialResources (28s)
✔ [8798/8905] Built M7CanonicalOuter (29s)
✔ [8799/8905] Built M6ActualTransfer (29s)
✔ [8800/8905] Built M5PolynomialIndicator (4.0s)
✔ [8801/8905] Built M5ArithmeticSubset (5.2s)
⚠ [8802/8905] Built M7ObjectiveComparisonAccepted (35s)
warning: M7ObjectiveComparisonAccepted.lean:4:2: Unused tactic linter: `change
  ∀ (m : ℕ) (a b : Fin m → ℤ) (i fuel : ℕ), (M7.ObjectiveComparison.lexFrom a b i fuel).2 ≤ 2 * fuel` does nothing

Note: This linter can be disabled with `set_option linter.unusedTactic false`
warning: M7ObjectiveComparisonAccepted.lean:22:30: Try `simp at h` instead of `simpa using h`

Note: This linter can be disabled with `set_option linter.unnecessarySimpa false`
warning: M7ObjectiveComparisonAccepted.lean:43:16: Try `simp at h` instead of `simpa using h`

Note: This linter can be disabled with `set_option linter.unnecessarySimpa false`
warning: M7ObjectiveComparisonAccepted.lean:83:12: Try `simp at h` instead of `simpa using h`

Note: This linter can be disabled with `set_option linter.unnecessarySimpa false`
warning: M7ObjectiveComparisonAccepted.lean:101:21: This simp argument is unused:
  Prod.snd

Hint: Omit it from the simp argument list.
  [apply] simp only

Note: This linter can be disabled with `set_option linter.unusedSimpArgs false`
warning: M7ObjectiveComparisonAccepted.lean:104:21: This simp argument is unused:
  Prod.snd

Hint: Omit it from the simp argument list.
  [apply] simp only

Note: This linter can be disabled with `set_option linter.unusedSimpArgs false`
warning: M7ObjectiveComparisonAccepted.lean:107:19: This simp argument is unused:
  Prod.snd

Hint: Omit it from the simp argument list.
  [apply] simp only

Note: This linter can be disabled with `set_option linter.unusedSimpArgs false`
warning: M7ObjectiveComparisonAccepted.lean:90:2: Unused tactic linter: `change
  ∀ (m : ℕ) (a b : Fin m → ℤ) (i fuel : ℕ) (seen : Bool),
    (M7.ObjectiveComparison.paretoFrom a b i fuel seen).2 ≤ 2 * fuel` does nothing

Note: This linter can be disabled with `set_option linter.unusedTactic false`
warning: M7ObjectiveComparisonAccepted.lean:118:47: This simp argument is unused:
  hempty

Hint: Omit it from the simp argument list.
  [apply] simp [M7.ObjectiveComparison.paretoFrom]

Note: This linter can be disabled with `set_option linter.unusedSimpArgs false`
warning: M7ObjectiveComparisonAccepted.lean:111:2: Unused tactic linter: `change ∀ (m : ℕ) (a b : Fin m → ℤ) (i fuel : ℕ) (seen : Bool), _` does nothing

Note: This linter can be disabled with `set_option linter.unusedTactic false`
warning: M7ObjectiveComparisonAccepted.lean:164:2: Unused tactic linter: `change
  ∀ (m : ℕ) (mode : M7.Selection.Mode) (a b : Fin m → ℤ),
    (M7.ObjectiveComparison.compare mode a b).2 ≤ 2 * m ∧
      (M7.ObjectiveComparison.compare mode a b).2 ≤ 2 * (m + 1)` does nothing

Note: This linter can be disabled with `set_option linter.unusedTactic false`
warning: M7ObjectiveComparisonAccepted.lean:175:2: Unused tactic linter: `change
  ∀ (m : ℕ) (mode : M7.Selection.Mode) (a b : Fin m → ℤ),
    (M7.ObjectiveComparison.compare mode a b).1 = true ↔ M7.Selection.better mode a b` does nothing

Note: This linter can be disabled with `set_option linter.unusedTactic false`
info: M7ObjectiveComparisonAccepted.lean:183:0: 'M7.ObjectiveComparison.lex_comparisons' depends on axioms: [propext, Quot.sound]
info: M7ObjectiveComparisonAccepted.lean:184:0: 'M7.ObjectiveComparison.lex_interval' depends on axioms: [propext, Classical.choice, Quot.sound]
info: M7ObjectiveComparisonAccepted.lean:185:0: 'M7.ObjectiveComparison.pareto_comparisons' depends on axioms: [propext, Quot.sound]
info: M7ObjectiveComparisonAccepted.lean:186:0: 'M7.ObjectiveComparison.compare_bound' depends on axioms: [propext, Quot.sound]
info: M7ObjectiveComparisonAccepted.lean:187:0: 'M7.ObjectiveComparison.pareto_interval' depends on axioms: [propext, Classical.choice, Quot.sound]
info: M7ObjectiveComparisonAccepted.lean:188:0: 'M7.ObjectiveComparison.compare_exact' depends on axioms: [propext, Classical.choice, Quot.sound]
⚠ [8803/8905] Built M7ActualPresentationAccepted (39s)
warning: M7ActualPresentationAccepted.lean:10:27: This simp argument is unused:
  ZMod.natCast_zmod_val

Hint: Omit it from the simp argument list.
  [apply] simp [M7.ActualPresentation.decode, M7.ActualPresentation.encode, M7.Presentation.mk, M7.Presentation.outer,
    M7.Presentation.left, M7.Presentation.right]

Note: This linter can be disabled with `set_option linter.unusedSimpArgs false`
warning: M7ActualPresentationAccepted.lean:57:4: Used `tac1 <;> tac2` where `(tac1; tac2)` would suffice

Note: This linter can be disabled with `set_option linter.unnecessarySeqFocus false`
info: M7ActualPresentationAccepted.lean:181:0: 'M7.ActualPresentation.decode_encode' depends on axioms: [propext, Quot.sound]
info: M7ActualPresentationAccepted.lean:182:0: 'M7.ActualPresentation.domain_univ' depends on axioms: [propext, Classical.choice, Quot.sound]
info: M7ActualPresentationAccepted.lean:183:0: 'M7.ActualPresentation.encode_decode' depends on axioms: [propext, Quot.sound]
info: M7ActualPresentationAccepted.lean:184:0: 'M7.ActualPresentation.four_field_order' depends on axioms: [propext, Classical.choice, Quot.sound]
info: M7ActualPresentationAccepted.lean:185:0: 'M7.ActualPresentation.realize_decode' depends on axioms: [propext, Classical.choice, Quot.sound]
info: M7ActualPresentationAccepted.lean:186:0: 'M7.ActualPresentation.leastAction_spec' depends on axioms: [propext, Classical.choice, Quot.sound]
info: M7ActualPresentationAccepted.lean:187:0: 'M7.ActualPresentation.presentation_sound' depends on axioms: [propext, Classical.choice, Quot.sound]
info: M7ActualPresentationAccepted.lean:188:0: 'M7.ActualPresentation.winning_fiber' depends on axioms: [propext, Classical.choice, Quot.sound]
info: M7ActualPresentationAccepted.lean:189:0: 'M7.ActualPresentation.presentation_exact' depends on axioms: [propext, Classical.choice, Quot.sound]
⚠ [8804/8905] Built M5PolynomialIndicatorAccepted (11s)
warning: M5PolynomialIndicatorAccepted.lean:57:8: `if_neg` has been deprecated: Use `ite_eq_right` instead
⚠ [8805/8905] Built M5ArithmeticSubsetAccepted (11s)
warning: M5ArithmeticSubsetAccepted.lean:13:47: This simp argument is unused:
  Finset.sum_apply

Hint: Omit it from the simp argument list.
  [apply] simp [M5.SupportPolynomial.ofSupport, M5.SubsetCharacter.vectorSum, M5.QuotientCharacter.coordinates, map_sum]

Note: This linter can be disabled with `set_option linter.unusedSimpArgs false`
warning: M5ArithmeticSubsetAccepted.lean:33:6: Unused tactic linter: `apply M5.SubsetCount.subset_character_count` does nothing

Note: This linter can be disabled with `set_option linter.unusedTactic false`
warning: M5ArithmeticSubsetAccepted.lean:34:6: Unused tactic linter: `apply M5.subset_character_count` does nothing

Note: This linter can be disabled with `set_option linter.unusedTactic false`
warning: M5ArithmeticSubsetAccepted.lean:33:6: this tactic is never executed

Note: This linter can be disabled with `set_option linter.unreachableTactic false`
warning: M5ArithmeticSubsetAccepted.lean:34:6: this tactic is never executed

Note: This linter can be disabled with `set_option linter.unreachableTactic false`
✔ [8806/8905] Built M5AnchoredCount (9.3s)
✔ [8807/8905] Built M5CompletionBlock (9.8s)
⚠ [8808/8905] Built M7ActualOrbitAccepted (24s)
warning: M7ActualOrbitAccepted.lean:70:61: Used `tac1 <;> tac2` where `(tac1; tac2)` would suffice

Note: This linter can be disabled with `set_option linter.unnecessarySeqFocus false`
warning: M7ActualOrbitAccepted.lean:75:61: Used `tac1 <;> tac2` where `(tac1; tac2)` would suffice

Note: This linter can be disabled with `set_option linter.unnecessarySeqFocus false`
warning: M7ActualOrbitAccepted.lean:80:79: Used `tac1 <;> tac2` where `(tac1; tac2)` would suffice

Note: This linter can be disabled with `set_option linter.unnecessarySeqFocus false`
warning: M7ActualOrbitAccepted.lean:115:61: Used `tac1 <;> tac2` where `(tac1; tac2)` would suffice

Note: This linter can be disabled with `set_option linter.unnecessarySeqFocus false`
info: M7ActualOrbitAccepted.lean:118:0: 'M7.ActualOrbit.action_partition' depends on axioms: [propext, Classical.choice, Quot.sound]
info: M7ActualOrbitAccepted.lean:119:0: 'M7.ActualOrbit.count_product' depends on axioms: [propext, Classical.choice, Quot.sound]
info: M7ActualOrbitAccepted.lean:120:0: 'M7.ActualOrbit.distinct_partition' depends on axioms: [propext, Classical.choice, Quot.sound]
info: M7ActualOrbitAccepted.lean:121:0: 'M7.ActualOrbit.exact_division' depends on axioms: [propext, Classical.choice, Quot.sound]
info: M7ActualOrbitAccepted.lean:122:0: 'M7.ActualOrbit.fiber_count' depends on axioms: [propext, Classical.choice, Quot.sound]
info: M7ActualOrbitAccepted.lean:123:0: 'M7.ActualOrbit.stabilizer_positive' depends on axioms: [propext, Classical.choice, Quot.sound]
✔ [8809/8905] Built M6IndexedArray (23s)
✔ [8810/8905] Built M7ActualFactorized (24s)
✔ [8811/8905] Built M6QueryResources (26s)
✔ [8812/8905] Built M6Postprocessing (24s)
✔ [8813/8905] Built M6FinalDomain (24s)
⚠ [8814/8905] Built M7CanonicalOuterAccepted (27s)
warning: M7CanonicalOuterAccepted.lean:42:32: This simp argument is unused:
  Function.comp_def

Hint: Omit it from the simp argument list.
  [apply] simp [M7.Action.affine]

Note: This linter can be disabled with `set_option linter.unusedSimpArgs false`
warning: M7CanonicalOuterAccepted.lean:98:11: `dif_pos` has been deprecated: Use `dite_eq_left` instead
warning: M7CanonicalOuterAccepted.lean:167:8: `dif_pos` has been deprecated: Use `dite_eq_left` instead
warning: M7CanonicalOuterAccepted.lean:181:40: `dif_pos` has been deprecated: Use `dite_eq_left` instead
warning: M7CanonicalOuterAccepted.lean:205:8: `dif_pos` has been deprecated: Use `dite_eq_left` instead
info: M7CanonicalOuterAccepted.lean:233:0: 'M7.CanonicalOuter.canonical_anchored' depends on axioms: [propext, Classical.choice, Quot.sound]
info: M7CanonicalOuterAccepted.lean:234:0: 'M7.CanonicalOuter.canonical_cards' depends on axioms: [propext, Classical.choice, Quot.sound]
info: M7CanonicalOuterAccepted.lean:235:0: 'M7.CanonicalOuter.normalize_act_shifts' depends on axioms: [propext, Classical.choice, Quot.sound]
info: M7CanonicalOuterAccepted.lean:236:0: 'M7.CanonicalOuter.pair_key_injective' depends on axioms: [propext, Classical.choice, Quot.sound]
info: M7CanonicalOuterAccepted.lean:237:0: 'M7.CanonicalOuter.realizer_correct' depends on axioms: [propext, Classical.choice, Quot.sound]
info: M7CanonicalOuterAccepted.lean:238:0: 'M7.CanonicalOuter.realizer_inverse' depends on axioms: [propext, Classical.choice, Quot.sound]
info: M7CanonicalOuterAccepted.lean:239:0: 'M7.CanonicalOuter.unit_index' depends on axioms: [propext, Classical.choice, Quot.sound]
info: M7CanonicalOuterAccepted.lean:240:0: 'M7.CanonicalOuter.indices_nonempty' depends on axioms: [propext, Classical.choice, Quot.sound]
info: M7CanonicalOuterAccepted.lean:241:0: 'M7.CanonicalOuter.choices_nonempty' depends on axioms: [propext, Classical.choice, Quot.sound]
info: M7CanonicalOuterAccepted.lean:242:0: 'M7.CanonicalOuter.canonical_key_agrees' depends on axioms: [propext, Classical.choice, Quot.sound]
info: M7CanonicalOuterAccepted.lean:243:0: 'M7.CanonicalOuter.canonical_minimal' depends on axioms: [propext, Classical.choice, Quot.sound]
info: M7CanonicalOuterAccepted.lean:244:0: 'M7.CanonicalOuter.chosen_outer_member' depends on axioms: [propext, Classical.choice, Quot.sound]
info: M7CanonicalOuterAccepted.lean:245:0: 'M7.CanonicalOuter.canonical_key_member' depends on axioms: [propext, Classical.choice, Quot.sound]
info: M7CanonicalOuterAccepted.lean:246:0: 'M7.CanonicalOuter.keyset_all_records' depends on axioms: [propext, Classical.choice, Quot.sound]
info: M7CanonicalOuterAccepted.lean:247:0: 'M7.CanonicalOuter.keyset_action' depends on axioms: [propext, Classical.choice, Quot.sound]
info: M7CanonicalOuterAccepted.lean:248:0: 'M7.CanonicalOuter.canonical_invariant' depends on axioms: [propext, Classical.choice, Quot.sound]
info: M7CanonicalOuterAccepted.lean:249:0: 'M7.CanonicalOuter.orbit_complete' depends on axioms: [propext, Classical.choice, Quot.sound]
⚠ [8815/8905] Built M5OrderCountAcceptedDependencies (5.9s)
warning: M5OrderCountAcceptedDependencies.lean:5:2: Unused tactic linter: `change
  ∀ U : Finset ℕ,
    0 ∉ U → M5.SupportPolynomial.ofSupport (insert 0 U) = 1 + M5.SupportPolynomial.ofSupport U` does nothing

Note: This linter can be disabled with `set_option linter.unusedTactic false`
warning: M5OrderCountAcceptedDependencies.lean:10:2: Unused tactic linter: `change
  ∀ (P : M5.BinaryPolynomial) (U : Finset ℕ),
    0 ∉ U →
      (P ∣ M5.SupportPolynomial.ofSupport (insert 0 U) ↔
        AdjoinRoot.mk P (M5.SupportPolynomial.ofSupport U) = 1)` does nothing

Note: This linter can be disabled with `set_option linter.unusedTactic false`
warning: M5OrderCountAcceptedDependencies.lean:25:2: Unused tactic linter: `change
  ∀ (P : M5.BinaryPolynomial) (hP : P.Monic) (W : Finset ℕ) (k : ℕ),
    0 ∉ W → M5.ArithmeticSubset.n P hP W k 1 = (M5.AnchoredCount.count P W k : ℤ)` does nothing

Note: This linter can be disabled with `set_option linter.unusedTactic false`
⚠ [8816/8905] Built M5CompletionBlockAccepted (5.7s)
warning: M5CompletionBlockAccepted.lean:4:2: Unused tactic linter: `change
  ∀ A U : Finset ℕ,
    Disjoint A U →
      M5.SupportPolynomial.ofSupport (A ∪ U) =
        M5.SupportPolynomial.ofSupport A + M5.SupportPolynomial.ofSupport U` does nothing

Note: This linter can be disabled with `set_option linter.unusedTactic false`
warning: M5CompletionBlockAccepted.lean:10:2: Unused tactic linter: `change
  ∀ (P : M5.BinaryPolynomial) (A U : Finset ℕ),
    Disjoint A U →
      (P ∣ M5.SupportPolynomial.ofSupport (A ∪ U) ↔
        AdjoinRoot.mk P (M5.SupportPolynomial.ofSupport U) =
          AdjoinRoot.mk P (M5.SupportPolynomial.ofSupport A))` does nothing

Note: This linter can be disabled with `set_option linter.unusedTactic false`
warning: M5CompletionBlockAccepted.lean:29:2: Unused tactic linter: `change
  ∀ (P : M5.BinaryPolynomial) (hP : P.Monic) (A W : Finset ℕ) (k : ℕ),
    Disjoint A W →
      M5.ArithmeticSubset.n P hP W k (AdjoinRoot.mk P (M5.SupportPolynomial.ofSupport A)) =
        (M5.CompletionBlock.count P A W k : ℤ)` does nothing

Note: This linter can be disabled with `set_option linter.unusedTactic false`
✔ [8817/8905] Built M5ConditionalCount (16s)
✔ [8818/8905] Built M7ActualFactorizedReady (25s)
✔ [8819/8905] Built M7RecipeSignature (25s)
✔ [8820/8905] Built M7OrbitResidual (25s)
✔ [8821/8905] Built M6SolveResources (24s)
✔ [8822/8905] Built M7Domain (24s)
✔ [8823/8905] Built M6RecoveryLayout (25s)
✔ [8824/8905] Built M6SolveStorage (25s)
⚠ [8825/8905] Built M5ConditionalCountAccepted (15s)
warning: M5ConditionalCountAccepted.lean:50:44: `dif_pos` has been deprecated: Use `dite_eq_left` instead
warning: M5ConditionalCountAccepted.lean:54:52: This simp argument is unused:
  Nat.cast_one

Hint: Omit it from the simp argument list.
  [apply] simp only [Finset.card_eq_sum_ones, Nat.cast_sum, Finset.sum_filter]

Note: This linter can be disabled with `set_option linter.unusedSimpArgs false`
warning: M5ConditionalCountAccepted.lean:145:6: This simp argument is unused:
  not_lt_of_ge hAw

Hint: Omit it from the simp argument list.
  [apply] simp [M5.ConditionalCount.completionC, hAw, hBw, not_lt_of_ge hBw]

Note: This linter can be disabled with `set_option linter.unusedSimpArgs false`
warning: M5ConditionalCountAccepted.lean:145:24: This simp argument is unused:
  not_lt_of_ge hBw

Hint: Omit it from the simp argument list.
  [apply] simp [M5.ConditionalCount.completionC, hAw, hBw, not_lt_of_ge hAw]

Note: This linter can be disabled with `set_option linter.unusedSimpArgs false`
info: M5ConditionalCountAccepted.lean:185:0: 'M5.ConditionalCount.restricted_subset_domain' depends on axioms: [propext, Classical.choice, Quot.sound]
info: M5ConditionalCountAccepted.lean:186:0: 'M5.ConditionalCount.selected_divisor_indicator' depends on axioms: [propext, Classical.choice, Quot.sound]
info: M5ConditionalCountAccepted.lean:187:0: 'M5.ConditionalCount.two_block_completion_count' depends on axioms: [propext, Classical.choice, Quot.sound]
info: M5ConditionalCountAccepted.lean:188:0: 'M5.ConditionalCount.conditional_arithmetic_expansion' depends on axioms: [propext, Classical.choice, Quot.sound]
info: M5ConditionalCountAccepted.lean:189:0: 'M5.ConditionalCount.exact_completion_C' depends on axioms: [propext, Classical.choice, Quot.sound]
info: M5ConditionalCountAccepted.lean:190:0: 'M5.ConditionalCount.completion_nonnegative_and_exists' depends on axioms: [propext, Classical.choice, Quot.sound]
✔ [8826/8905] Built M7PrefixSector (21s)
✔ [8827/8905] Built M7CanonicalClasses (34s)
⚠ [8828/8905] Built M7ActualFactorizedAccepted (35s)
warning: M7ActualFactorizedAccepted.lean:58:4: this tactic is never executed

Note: This linter can be disabled with `set_option linter.unreachableTactic false`
warning: M7ActualFactorizedAccepted.lean:58:4: Unused tactic linter: `simp [M7.ActualFactorized.leftImage, M7.ActualFactorized.rightImage,
  M7.ActualFactorized.toRecord, M7.Action.act]` does nothing

Note: This linter can be disabled with `set_option linter.unusedTactic false`
warning: M7ActualFactorizedAccepted.lean:71:37: This simp argument is unused:
  M7.ActualFactorized.leftImage

Hint: Omit it from the simp argument list.
  [apply] simp [Prod.ext_iff, M7.Action.act, M7.ActualFactorized.rightImage]

Note: This linter can be disabled with `set_option linter.unusedSimpArgs false`
warning: M7ActualFactorizedAccepted.lean:71:68: This simp argument is unused:
  M7.ActualFactorized.rightImage

Hint: Omit it from the simp argument list.
  [apply] simp [Prod.ext_iff, M7.Action.act, M7.ActualFactorized.leftImage]

Note: This linter can be disabled with `set_option linter.unusedSimpArgs false`
info: M7ActualFactorizedAccepted.lean:84:0: 'M7.ActualFactorized.record_coordinates' depends on axioms: [propext, Quot.sound]
info: M7ActualFactorizedAccepted.lean:85:0: 'M7.ActualFactorized.numerator_record_count' depends on axioms: [propext, Classical.choice, Quot.sound]
info: M7ActualFactorizedAccepted.lean:86:0: 'M7.ActualFactorized.stabilizer_numerator' depends on axioms: [propext, Classical.choice, Quot.sound]
info: M7ActualFactorizedAccepted.lean:87:0: 'M7.ActualFactorized.positive_denominator' depends on axioms: [propext, Classical.choice, Quot.sound]
info: M7ActualFactorizedAccepted.lean:88:0: 'M7.ActualFactorized.translate_outer' depends on axioms: [propext, Classical.choice, Quot.sound]
info: M7ActualFactorizedAccepted.lean:89:0: 'M7.ActualFactorized.sector_compatibility' depends on axioms: [propext, Classical.choice, Quot.sound]
info: M7ActualFactorizedAccepted.lean:90:0: 'M7.ActualFactorized.numerator_action_count' depends on axioms: [propext, Classical.choice, Quot.sound]
info: M7ActualFactorizedAccepted.lean:91:0: 'M7.ActualFactorized.exact_orbit_quotient' depends on axioms: [propext, Classical.choice, Quot.sound]
⚠ [8829/8905] Built M7DomainAccepted (37s)
warning: M7DomainAccepted.lean:49:57: This simp argument is unused:
  max_lt_iff

Hint: Omit it from the simp argument list.
  [apply] simp_all [M6.Final.Admissible, M6.ActualTransfer.span]

Note: This linter can be disabled with `set_option linter.unusedSimpArgs false`
warning: M7DomainAccepted.lean:68:12: This simp argument is unused:
  Polynomial.coeff_C_mul_X_pow

Hint: Omit it from the simp argument list.
  [apply] simp [hval, Ne.symm hval]

Note: This linter can be disabled with `set_option linter.unusedSimpArgs false`
warning: M7DomainAccepted.lean:68:42: This simp argument is unused:
  hval

Hint: Omit it from the simp argument list.
  [apply] simp [Polynomial.coeff_C_mul_X_pow, Ne.symm hval]

Note: This linter can be disabled with `set_option linter.unusedSimpArgs false`
warning: M7DomainAccepted.lean:77:10: This simp argument is unused:
  Polynomial.coeff_C_mul_X_pow

Hint: Omit it from the simp argument list.
  [apply] simp [hval, Ne.symm hval]

Note: This linter can be disabled with `set_option linter.unusedSimpArgs false`
warning: M7DomainAccepted.lean:77:40: This simp argument is unused:
  hval

Hint: Omit it from the simp argument list.
  [apply] simp [Polynomial.coeff_C_mul_X_pow, Ne.symm hval]

Note: This linter can be disabled with `set_option linter.unusedSimpArgs false`
info: M7DomainAccepted.lean:78:0: 'M7.Domain.coefficients_indicator' depends on axioms: [propext, Classical.choice, Quot.sound]
info: M7DomainAccepted.lean:79:0: 'M7.Domain.block_polynomial' depends on axioms: [propext, Classical.choice, Quot.sound]
info: M7DomainAccepted.lean:80:0: 'M7.Domain.shift_anchor' depends on axioms: [propext, Classical.choice, Quot.sound]
info: M7DomainAccepted.lean:81:0: 'M7.Domain.shift_card' depends on axioms: [propext, Classical.choice, Quot.sound]
info: M7DomainAccepted.lean:82:0: 'M7.Domain.support_gcd' depends on axioms: [propext, Classical.choice, Quot.sound]
info: M7DomainAccepted.lean:83:0: 'M7.Domain.admissible' depends on axioms: [propext, Classical.choice, Quot.sound]
✔ [8830/8905] Built M6FinalDefinitions (38s)
⚠ [8831/8905] Built M7OrbitResidualAccepted (40s)
warning: M7OrbitResidualAccepted.lean:57:2: Try this: 
  letI̵

The goal is a proposition, so `let` is preferred over `letI`.
The difference between `let` and `letI` is that `letI` inlines the value.
But this is not relevant for proofs because of proof irrelevance.

Note: This linter can be disabled with `set_option linter.style.haveILetI false`
info: M7OrbitResidualAccepted.lean:174:0: 'M7.OrbitResidual.covered_membership' depends on axioms: [propext, Classical.choice, Quot.sound]
info: M7OrbitResidualAccepted.lean:175:0: 'M7.OrbitResidual.insert_remaining' depends on axioms: [propext, Classical.choice, Quot.sound]
info: M7OrbitResidualAccepted.lean:176:0: 'M7.OrbitResidual.orbit_action' depends on axioms: [propext, Classical.choice, Quot.sound]
info: M7OrbitResidualAccepted.lean:177:0: 'M7.OrbitResidual.orbit_disjoint' depends on axioms: [propext, Classical.choice, Quot.sound]
info: M7OrbitResidualAccepted.lean:178:0: 'M7.OrbitResidual.fresh_separated' depends on axioms: [propext, Classical.choice, Quot.sound]
info: M7OrbitResidualAccepted.lean:179:0: 'M7.OrbitResidual.orbit_self' depends on axioms: [propext, Classical.choice, Quot.sound]
info: M7OrbitResidualAccepted.lean:180:0: 'M7.OrbitResidual.insert_strict' depends on axioms: [propext, Classical.choice, Quot.sound]
info: M7OrbitResidualAccepted.lean:181:0: 'M7.OrbitResidual.remaining_partition' depends on axioms: [propext, Classical.choice, Quot.sound]
info: M7OrbitResidualAccepted.lean:182:0: 'M7.OrbitResidual.sum_intersections' depends on axioms: [propext, Classical.choice, Quot.sound]
info: M7OrbitResidualAccepted.lean:183:0: 'M7.OrbitResidual.subtraction_card' depends on axioms: [propext, Classical.choice, Quot.sound]
info: M7OrbitResidualAccepted.lean:184:0: 'M7.OrbitResidual.nonnegative_positive' depends on axioms: [propext, Classical.choice, Quot.sound]
info: M7OrbitResidualAccepted.lean:185:0: 'M7.OrbitResidual.subtraction_partition' depends on axioms: [propext, Classical.choice, Quot.sound]
⚠ [8832/8905] Built M7PrefixSectorAccepted (10s)
warning: M7PrefixSectorAccepted.lean:32:2: Unused tactic linter: `change
  ∀ (N w : ℕ) (A B WA WB : Finset ℕ),
    M7.PrefixSector.count N w ∅ A B WA WB = 0 ∧ M7.PrefixSector.completions N w ∅ A B WA WB = ∅` does nothing

Note: This linter can be disabled with `set_option linter.unusedTactic false`
warning: M7PrefixSectorAccepted.lean:42:66: This simp argument is unused:
  hA

Hint: Omit it from the simp argument list.
  [apply] simp [M7.PrefixSector.count, M5.ConditionalCount.completionC, Nat.not_le_of_lt hA]

Note: This linter can be disabled with `set_option linter.unusedSimpArgs false`
warning: M7PrefixSectorAccepted.lean:43:66: This simp argument is unused:
  hB

Hint: Omit it from the simp argument list.
  [apply] simp [M7.PrefixSector.count, M5.ConditionalCount.completionC, Nat.not_le_of_lt hB]

Note: This linter can be disabled with `set_option linter.unusedSimpArgs false`
warning: M7PrefixSectorAccepted.lean:40:2: Unused tactic linter: `change M7.PrefixSector.count N w E A B WA WB = 0` does nothing

Note: This linter can be disabled with `set_option linter.unusedTactic false`
warning: M7PrefixSectorAccepted.lean:74:8: Unused tactic linter: `omega` does nothing

Note: This linter can be disabled with `set_option linter.unusedTactic false`
warning: M7PrefixSectorAccepted.lean:74:8: this tactic is never executed

Note: This linter can be disabled with `set_option linter.unreachableTactic false`
warning: M7PrefixSectorAccepted.lean:73:4: Used `tac1 <;> tac2` where `(tac1; tac2)` would suffice

Note: This linter can be disabled with `set_option linter.unnecessarySeqFocus false`
info: M7PrefixSectorAccepted.lean:86:0: 'M7.PrefixSector.completion_membership' depends on axioms: [propext, Classical.choice, Quot.sound]
info: M7PrefixSectorAccepted.lean:87:0: 'M7.PrefixSector.count_nonnegative' depends on axioms: [propext, Classical.choice, Quot.sound]
info: M7PrefixSectorAccepted.lean:88:0: 'M7.PrefixSector.disjoint_sector_sum' depends on axioms: [propext, Classical.choice, Quot.sound]
info: M7PrefixSectorAccepted.lean:89:0: 'M7.PrefixSector.disjoint_signatures' depends on axioms: [propext, Classical.choice, Quot.sound]
info: M7PrefixSectorAccepted.lean:90:0: 'M7.PrefixSector.empty_sector' depends on axioms: [propext, Classical.choice, Quot.sound]
info: M7PrefixSectorAccepted.lean:91:0: 'M7.PrefixSector.exact_sector_count' depends on axioms: [propext, Classical.choice, Quot.sound]
info: M7PrefixSectorAccepted.lean:92:0: 'M7.PrefixSector.leaf_zero_one' depends on axioms: [propext, Classical.choice, Quot.sound]
info: M7PrefixSectorAccepted.lean:93:0: 'M7.PrefixSector.overfull_zero' depends on axioms: [propext, Classical.choice, Quot.sound]
info: M7PrefixSectorAccepted.lean:94:0: 'M7.PrefixSector.positive_iff' depends on axioms: [propext, Classical.choice, Quot.sound]
ℹ [8833/8905] Built M7CanonicalClassesAccepted (20s)
info: M7CanonicalClassesAccepted.lean:59:0: 'M7.CanonicalClasses.idempotent' depends on axioms: [propext, Classical.choice, Quot.sound]
info: M7CanonicalClassesAccepted.lean:60:0: 'M7.CanonicalClasses.insert_normalized' depends on axioms: [propext, Classical.choice, Quot.sound]
info: M7CanonicalClassesAccepted.lean:61:0: 'M7.CanonicalClasses.orbit_membership' depends on axioms: [propext, Classical.choice, Quot.sound]
info: M7CanonicalClassesAccepted.lean:62:0: 'M7.CanonicalClasses.coverage_iff' depends on axioms: [propext, Classical.choice, Quot.sound]
info: M7CanonicalClassesAccepted.lean:63:0: 'M7.CanonicalClasses.fresh_representative' depends on axioms: [propext, Classical.choice, Quot.sound]
info: M7CanonicalClassesAccepted.lean:64:0: 'M7.CanonicalClasses.normalized_separated' depends on axioms: [propext, Classical.choice, Quot.sound]
✔ [8834/8905] Built M7PrefixCompleted (12s)
✔ [8835/8905] Built M7RecipeSignatureReady (21s)
✔ [8836/8905] Built M7Connectivity (20s)
✔ [8837/8905] Built M6FinalClaims (19s)
⚠ [8838/8905] Built M7PrefixCompletedAccepted (9.4s)
warning: M7PrefixCompletedAccepted.lean:68:6: try 'simp' instead of 'simpa'

Note: This linter can be disabled with `set_option linter.unnecessarySimpa false`
warning: M7PrefixCompletedAccepted.lean:12:6: This simp argument is unused:
  Finset.mem_product

Hint: Omit it from the simp argument list.
  [apply] simp only [M5.ConditionalCount.validCompletions, Finset.mem_filter, Finset.mem_powersetCard, Prod.fst,
    Prod.snd] at hF

Note: This linter can be disabled with `set_option linter.unusedSimpArgs false`
warning: M7PrefixCompletedAccepted.lean:12:26: This simp argument is unused:
  Finset.mem_powersetCard

Hint: Omit it from the simp argument list.
  [apply] simp only [M5.ConditionalCount.validCompletions, Finset.mem_filter, Finset.mem_product, Prod.fst,
    Prod.snd] at hF

Note: This linter can be disabled with `set_option linter.unusedSimpArgs false`
warning: M7PrefixCompletedAccepted.lean:12:51: This simp argument is unused:
  Prod.fst

Hint: Omit it from the simp argument list.
  [apply] simp only [M5.ConditionalCount.validCompletions, Finset.mem_filter, Finset.mem_product,
    Finset.mem_powersetCard, Prod.snd] at hF

Note: This linter can be disabled with `set_option linter.unusedSimpArgs false`
warning: M7PrefixCompletedAccepted.lean:12:61: This simp argument is unused:
  Prod.snd

Hint: Omit it from the simp argument list.
  [apply] simp only [M5.ConditionalCount.validCompletions, Finset.mem_filter, Finset.mem_product,
    Finset.mem_powersetCard, Prod.fst] at hF

Note: This linter can be disabled with `set_option linter.unusedSimpArgs false`
warning: M7PrefixCompletedAccepted.lean:70:48: Variable name `w` is not explicitly referenced.

Hint: The binding can be removed (if unused) or named `_` (if used implicitly). Alternatively, prefix the name with `_` to silence this warning:
  [apply] _w

Note: This linter can be disabled with `set_option linter.unusedVariables false`
warning: M7PrefixCompletedAccepted.lean:70:56: Variable name `E` is not explicitly referenced.

Hint: The binding can be removed (if unused) or named `_` (if used implicitly). Alternatively, prefix the name with `_` to silence this warning:
  [apply] _E

Note: This linter can be disabled with `set_option linter.unusedVariables false`
warning: M7PrefixCompletedAccepted.lean:108:78: Used `tac1 <;> tac2` where `(tac1; tac2)` would suffice

Note: This linter can be disabled with `set_option linter.unnecessarySeqFocus false`
warning: M7PrefixCompletedAccepted.lean:112:49: Variable name `w` is not explicitly referenced.

Hint: The binding can be removed (if unused) or named `_` (if used implicitly). Alternatively, prefix the name with `_` to silence this warning:
  [apply] _w

Note: This linter can be disabled with `set_option linter.unusedVariables false`
warning: M7PrefixCompletedAccepted.lean:112:57: Variable name `E` is not explicitly referenced.

Hint: The binding can be removed (if unused) or named `_` (if used implicitly). Alternatively, prefix the name with `_` to silence this warning:
  [apply] _E

Note: This linter can be disabled with `set_option linter.unusedVariables false`
warning: M7PrefixCompletedAccepted.lean:152:6: This simp argument is unused:
  Finset.mem_product

Hint: Omit it from the simp argument list.
  [apply] simp only [M5.ConditionalCount.validCompletions, Finset.mem_filter, Finset.mem_powersetCard] at hx

Note: This linter can be disabled with `set_option linter.unusedSimpArgs false`
warning: M7PrefixCompletedAccepted.lean:152:26: This simp argument is unused:
  Finset.mem_powersetCard

Hint: Omit it from the simp argument list.
  [apply] simp only [M5.ConditionalCount.validCompletions, Finset.mem_filter, Finset.mem_product] at hx

Note: This linter can be disabled with `set_option linter.unusedSimpArgs false`
info: M7PrefixCompletedAccepted.lean:378:0: 'M7.PrefixCompleted.completed_membership' depends on axioms: [propext, Classical.choice, Quot.sound]
info: M7PrefixCompletedAccepted.lean:379:0: 'M7.PrefixCompleted.left_children' depends on axioms: [propext, Classical.choice, Quot.sound]
info: M7PrefixCompletedAccepted.lean:380:0: 'M7.PrefixCompleted.left_disjoint' depends on axioms: [propext, Classical.choice, Quot.sound]
info: M7PrefixCompletedAccepted.lean:381:0: 'M7.PrefixCompleted.left_sets' depends on axioms: [propext, Classical.choice, Quot.sound]
info: M7PrefixCompletedAccepted.lean:382:0: 'M7.PrefixCompleted.overfull_empty' depends on axioms: [propext, Classical.choice, Quot.sound]
info: M7PrefixCompletedAccepted.lean:383:0: 'M7.PrefixCompleted.right_children' depends on axioms: [propext, Classical.choice, Quot.sound]
info: M7PrefixCompletedAccepted.lean:384:0: 'M7.PrefixCompleted.right_disjoint' depends on axioms: [propext, Classical.choice, Quot.sound]
info: M7PrefixCompletedAccepted.lean:385:0: 'M7.PrefixCompleted.right_sets' depends on axioms: [propext, Classical.choice, Quot.sound]
info: M7PrefixCompletedAccepted.lean:386:0: 'M7.PrefixCompleted.union_injective' depends on axioms: [propext, Classical.choice, Quot.sound]
info: M7PrefixCompletedAccepted.lean:387:0: 'M7.PrefixCompleted.count_completed' depends on axioms: [propext, Classical.choice, Quot.sound]
info: M7PrefixCompletedAccepted.lean:388:0: 'M7.PrefixCompleted.left_count_split' depends on axioms: [propext, Classical.choice, Quot.sound]
info: M7PrefixCompletedAccepted.lean:389:0: 'M7.PrefixCompleted.right_count_split' depends on axioms: [propext, Classical.choice, Quot.sound]
✔ [8839/8905] Built M7PrefixBits (10s)
✔ [8840/8905] Built M7ResiduePrefix (14s)
⚠ [8841/8905] Built M7RecipeSignatureAccepted (22s)
warning: M7RecipeSignatureAccepted.lean:15:10: This simp argument is unused:
  he

Hint: Omit it from the simp argument list.
  [apply] simp [Ideal.span_insert, Ideal.span_singleton_mul_left_unit, hu, hv, sup_comm]

Note: This linter can be disabled with `set_option linter.unusedSimpArgs false`
warning: M7RecipeSignatureAccepted.lean:25:6: this tactic is never executed

Note: This linter can be disabled with `set_option linter.unreachableTactic false`
warning: M7RecipeSignatureAccepted.lean:25:6: Unused tactic linter: `exact (M6.Cyclic.signature_divides _ _ _).2` does nothing

Note: This linter can be disabled with `set_option linter.unusedTactic false`
info: M7RecipeSignatureAccepted.lean:98:0: 'M7.RecipeSignature.pair_ideal_action' depends on axioms: [propext, Classical.choice, Quot.sound]
info: M7RecipeSignatureAccepted.lean:99:0: 'M7.RecipeSignature.signature_properties' depends on axioms: [propext, Classical.choice, Quot.sound]
info: M7RecipeSignatureAccepted.lean:100:0: 'M7.RecipeSignature.action_signature' depends on axioms: [propext, Classical.choice, Quot.sound]
info: M7RecipeSignatureAccepted.lean:101:0: 'M7.RecipeSignature.outer_source_signature' depends on axioms: [propext, Classical.choice, Quot.sound]
info: M7RecipeSignatureAccepted.lean:102:0: 'M7.RecipeSignature.sector_meets_iff' depends on axioms: [propext, Classical.choice, Quot.sound]
info: M7RecipeSignatureAccepted.lean:103:0: 'M7.RecipeSignature.tau_degree' depends on axioms: [propext, Classical.choice, Quot.sound]
info: M7RecipeSignatureAccepted.lean:104:0: 'M7.RecipeSignature.action_signature_degree' depends on axioms: [propext, Classical.choice, Quot.sound]
info: M7RecipeSignatureAccepted.lean:105:0: 'M7.RecipeSignature.translation_invariant' depends on axioms: [propext, Classical.choice, Quot.sound]
info: M7RecipeSignatureAccepted.lean:106:0: 'M7.RecipeSignature.source_orbit_quotient' depends on axioms: [propext, Classical.choice, Quot.sound]
⚠ [8842/8905] Built M7ConnectivityAccepted (22s)
warning: M7ConnectivityAccepted.lean:70:42: `Set.mem_setOf_eq` has been deprecated: Use `Set.mem_ofPred_eq` instead
warning: M7ConnectivityAccepted.lean:113:6: try 'simp' instead of 'simpa'

Note: This linter can be disabled with `set_option linter.unnecessarySimpa false`
info: M7ConnectivityAccepted.lean:257:0: 'M7.Connectivity.anchored_closure' depends on axioms: [propext, Classical.choice, Quot.sound]
info: M7ConnectivityAccepted.lean:258:0: 'M7.Connectivity.closure_equiv_top' depends on axioms: [propext, Classical.choice, Quot.sound]
info: M7ConnectivityAccepted.lean:259:0: 'M7.Connectivity.difference_affine' depends on axioms: [propext, Classical.choice, Quot.sound]
info: M7ConnectivityAccepted.lean:260:0: 'M7.Connectivity.connected_action' depends on axioms: [propext, Classical.choice, Quot.sound]
info: M7ConnectivityAccepted.lean:261:0: 'M7.Connectivity.difference_shift' depends on axioms: [propext, Classical.choice, Quot.sound]
info: M7ConnectivityAccepted.lean:262:0: 'M7.Connectivity.connected_shift' depends on axioms: [propext, Classical.choice, Quot.sound]
info: M7ConnectivityAccepted.lean:263:0: 'M7.Connectivity.gcd_mem' depends on axioms: [propext, Classical.choice, Quot.sound]
info: M7ConnectivityAccepted.lean:264:0: 'M7.Connectivity.nat_support_image' depends on axioms: [propext, Classical.choice, Quot.sound]
info: M7ConnectivityAccepted.lean:265:0: 'M7.Connectivity.scalar_mem' depends on axioms: [propext, Quot.sound]
info: M7ConnectivityAccepted.lean:266:0: 'M7.Connectivity.one_mem_top' depends on axioms: [propext, Classical.choice, Quot.sound]
info: M7ConnectivityAccepted.lean:267:0: 'M7.Connectivity.finite_generation_gcd' depends on axioms: [propext, Classical.choice, Quot.sound]
info: M7ConnectivityAccepted.lean:268:0: 'M7.Connectivity.anchored_gcd' depends on axioms: [propext, Classical.choice, Quot.sound]
info: M7ConnectivityAccepted.lean:269:0: 'M7.Connectivity.connected_admissible' depends on axioms: [propext, Classical.choice, Quot.sound]
info: M7ConnectivityAccepted.lean:270:0: 'M7.Connectivity.anchor_admissible' depends on axioms: [propext, Classical.choice, Quot.sound]
⚠ [8843/8905] Built M7PrefixBitsAccepted (13s)
warning: M7PrefixBitsAccepted.lean:4:2: Unused tactic linter: `change
  ∀ (N : ℕ),
    0 < N →
      ∀ p : List Bool,
        M7.PrefixCompleted.Base N (M7.PrefixBits.A N p) (M7.PrefixBits.B N p) (M7.PrefixBits.WA N p)
          (M7.PrefixBits.WB N p)` does nothing

Note: This linter can be disabled with `set_option linter.unusedTactic false`
warning: M7PrefixBitsAccepted.lean:48:2: Unused tactic linter: `change
  ∀ (N : ℕ),
    0 < N →
      ∀ p : List Bool,
        p.length = M7.PrefixBits.depth N → M7.PrefixBits.WA N p = ∅ ∧ M7.PrefixBits.WB N p = ∅` does nothing

Note: This linter can be disabled with `set_option linter.unusedTactic false`
warning: M7PrefixBitsAccepted.lean:112:39: This simp argument is unused:
  hg

Hint: Omit it from the simp argument list.
  [apply] simp [M7.PrefixBits.A, hs, hk, he, he', hl]

Note: This linter can be disabled with `set_option linter.unusedSimpArgs false`
warning: M7PrefixBitsAccepted.lean:112:51: This simp argument is unused:
  he'

Hint: Omit it from the simp argument list.
  [apply] simp [M7.PrefixBits.A, hs, hg, hk, he, hl]

Note: This linter can be disabled with `set_option linter.unusedSimpArgs false`
warning: M7PrefixBitsAccepted.lean:115:53: This simp argument is unused:
  hg

Hint: Omit it from the simp argument list.
  [apply] simp [M7.PrefixBits.A, hs, hp]

Note: This linter can be disabled with `set_option linter.unusedSimpArgs false`
warning: M7PrefixBitsAccepted.lean:119:41: This simp argument is unused:
  hg

Hint: Omit it from the simp argument list.
  [apply] simp [M7.PrefixBits.A, hs, hk, he, he', hl]

Note: This linter can be disabled with `set_option linter.unusedSimpArgs false`
warning: M7PrefixBitsAccepted.lean:119:53: This simp argument is unused:
  he'

Hint: Omit it from the simp argument list.
  [apply] simp [M7.PrefixBits.A, hs, hg, hk, he, hl]

Note: This linter can be disabled with `set_option linter.unusedSimpArgs false`
warning: M7PrefixBitsAccepted.lean:106:8: Unused tactic linter: `change (k + 1 ∈ M7.PrefixBits.A N (p ++ [bit])) ↔ _` does nothing

Note: This linter can be disabled with `set_option linter.unusedTactic false`
warning: M7PrefixBitsAccepted.lean:125:8: Unused tactic linter: `change (k + 1 ∈ M7.PrefixBits.B N (p ++ [bit])) ↔ _` does nothing

Note: This linter can be disabled with `set_option linter.unusedTactic false`
warning: M7PrefixBitsAccepted.lean:134:8: Unused tactic linter: `change (k + 1 ∈ M7.PrefixBits.WA N (p ++ [bit])) ↔ _` does nothing

Note: This linter can be disabled with `set_option linter.unusedTactic false`
warning: M7PrefixBitsAccepted.lean:143:8: Unused tactic linter: `change (k + 1 ∈ M7.PrefixBits.WB N (p ++ [bit])) ↔ _` does nothing

Note: This linter can be disabled with `set_option linter.unusedTactic false`
warning: M7PrefixBitsAccepted.lean:196:43: `if_pos` has been deprecated: Use `ite_eq_left` instead
warning: M7PrefixBitsAccepted.lean:217:60: `if_false` has been deprecated: Use `ite_false` instead
warning: M7PrefixBitsAccepted.lean:217:70: `if_true` has been deprecated: Use `ite_true` instead
warning: M7PrefixBitsAccepted.lean:218:45: `if_pos` has been deprecated: Use `ite_eq_left` instead
warning: M7PrefixBitsAccepted.lean:217:60: `if_false` has been deprecated: Use `ite_false` instead
warning: M7PrefixBitsAccepted.lean:217:70: `if_true` has been deprecated: Use `ite_true` instead
warning: M7PrefixBitsAccepted.lean:218:45: `if_pos` has been deprecated: Use `ite_eq_left` instead
warning: M7PrefixBitsAccepted.lean:227:45: `if_false` has been deprecated: Use `ite_false` instead
warning: M7PrefixBitsAccepted.lean:227:55: `if_true` has been deprecated: Use `ite_true` instead
warning: M7PrefixBitsAccepted.lean:227:45: `if_false` has been deprecated: Use `ite_false` instead
warning: M7PrefixBitsAccepted.lean:227:55: `if_true` has been deprecated: Use `ite_true` instead
warning: M7PrefixBitsAccepted.lean:237:62: `if_false` has been deprecated: Use `ite_false` instead
warning: M7PrefixBitsAccepted.lean:237:72: `if_true` has been deprecated: Use `ite_true` instead
warning: M7PrefixBitsAccepted.lean:238:47: `if_neg` has been deprecated: Use `ite_eq_right` instead
warning: M7PrefixBitsAccepted.lean:238:58: `if_neg` has been deprecated: Use `ite_eq_right` instead
warning: M7PrefixBitsAccepted.lean:237:62: `if_false` has been deprecated: Use `ite_false` instead
warning: M7PrefixBitsAccepted.lean:237:72: `if_true` has been deprecated: Use `ite_true` instead
warning: M7PrefixBitsAccepted.lean:238:47: `if_neg` has been deprecated: Use `ite_eq_right` instead
warning: M7PrefixBitsAccepted.lean:238:58: `if_neg` has been deprecated: Use `ite_eq_right` instead
warning: M7PrefixBitsAccepted.lean:230:20: This simp argument is unused:
  hb

Hint: Omit it from the simp argument list.
  [apply] simp [he, hk, hj, hn]

Note: This linter can be disabled with `set_option linter.unusedSimpArgs false`
warning: M7PrefixBitsAccepted.lean:230:36: This simp argument is unused:
  hn

Hint: Omit it from the simp argument list.
  [apply] simp [hb, he, hk, hj]

Note: This linter can be disabled with `set_option linter.unusedSimpArgs false`
warning: M7PrefixBitsAccepted.lean:206:8: Unused tactic linter: `change
  (k + 1 ∈ M7.PrefixBits.B N (p ++ [bit])) ↔
    (k + 1 ∈ if bit then insert (p.length - (N - 1) + 1) (M7.PrefixBits.B N p) else M7.PrefixBits.B N p)` does nothing

Note: This linter can be disabled with `set_option linter.unusedTactic false`
warning: M7PrefixBitsAccepted.lean:325:2: Unused tactic linter: `change
  ∀ (N : ℕ),
    0 < N →
      ∀ (w : ℕ) (E : Finset M5.BinaryPolynomial) (p : List Bool),
        M7.PrefixSector.ValidSector N E →
          M7.PrefixBits.count N w E p = (M7.PrefixBits.completed N w E p).card` does nothing

Note: This linter can be disabled with `set_option linter.unusedTactic false`
warning: M7PrefixBitsAccepted.lean:330:2: Unused tactic linter: `change
  ∀ (N : ℕ),
    0 < N →
      ∀ (w : ℕ) (E : Finset M5.BinaryPolynomial) (p : List Bool),
        p.length = M7.PrefixBits.depth N →
          M7.PrefixBits.completed N w E p ⊆ {(M7.PrefixBits.A N p, M7.PrefixBits.B N p)}` does nothing

Note: This linter can be disabled with `set_option linter.unusedTactic false`
info: M7PrefixBitsAccepted.lean:359:0: 'M7.PrefixBits.base' depends on axioms: [propext, Classical.choice, Quot.sound]
info: M7PrefixBitsAccepted.lean:360:0: 'M7.PrefixBits.count_card' depends on axioms: [propext, Classical.choice, Quot.sound]
info: M7PrefixBitsAccepted.lean:361:0: 'M7.PrefixBits.leaf_undecided' depends on axioms: [propext, Classical.choice, Quot.sound]
info: M7PrefixBitsAccepted.lean:362:0: 'M7.PrefixBits.leaf_singleton' depends on axioms: [propext, Classical.choice, Quot.sound]
info: M7PrefixBitsAccepted.lean:363:0: 'M7.PrefixBits.left_step' depends on axioms: [propext, Classical.choice, Quot.sound]
info: M7PrefixBitsAccepted.lean:364:0: 'M7.PrefixBits.right_step' depends on axioms: [propext, Classical.choice, Quot.sound]
info: M7PrefixBitsAccepted.lean:365:0: 'M7.PrefixBits.completed_partition' depends on axioms: [propext, Classical.choice, Quot.sound]
info: M7PrefixBitsAccepted.lean:366:0: 'M7.PrefixBits.count_partition' depends on axioms: [propext, Classical.choice, Quot.sound]
info: M7PrefixBitsAccepted.lean:367:0: 'M7.PrefixBits.root' depends on axioms: [propext, Classical.choice, Quot.sound]
⚠ [8844/8905] Built M7ResiduePrefixAccepted (14s)
warning: M7ResiduePrefixAccepted.lean:49:24: Used `tac1 <;> tac2` where `(tac1; tac2)` would suffice

Note: This linter can be disabled with `set_option linter.unnecessarySeqFocus false`
warning: M7ResiduePrefixAccepted.lean:81:28: This simp argument is unused:
  ZMod.natCast_zmod_val

Hint: Omit it from the simp argument list.
  [apply] simp [Finset.image_image]

Note: This linter can be disabled with `set_option linter.unusedSimpArgs false`
info: M7ResiduePrefixAccepted.lean:143:0: 'M7.ResiduePrefix.completed_bounds' depends on axioms: [propext, Classical.choice, Quot.sound]
info: M7ResiduePrefixAccepted.lean:144:0: 'M7.ResiduePrefix.encode_card' depends on axioms: [propext, Classical.choice, Quot.sound]
info: M7ResiduePrefixAccepted.lean:145:0: 'M7.ResiduePrefix.gcd_union' depends on axioms: [propext, Classical.choice, Quot.sound]
info: M7ResiduePrefixAccepted.lean:146:0: 'M7.ResiduePrefix.nat_roundtrip' depends on axioms: [propext, Classical.choice, Quot.sound]
info: M7ResiduePrefixAccepted.lean:147:0: 'M7.ResiduePrefix.decode_injective' depends on axioms: [propext, Classical.choice, Quot.sound]
info: M7ResiduePrefixAccepted.lean:148:0: 'M7.ResiduePrefix.count_completed' depends on axioms: [propext, Classical.choice, Quot.sound]
info: M7ResiduePrefixAccepted.lean:149:0: 'M7.ResiduePrefix.polynomial_bridge' depends on axioms: [propext, Classical.choice, Quot.sound]
info: M7ResiduePrefixAccepted.lean:150:0: 'M7.ResiduePrefix.residue_roundtrip' depends on axioms: [propext, Classical.choice, Quot.sound]
info: M7ResiduePrefixAccepted.lean:151:0: 'M7.ResiduePrefix.completed_membership' depends on axioms: [propext, Classical.choice, Quot.sound]
info: M7ResiduePrefixAccepted.lean:152:0: 'M7.ResiduePrefix.signature_bridge' depends on axioms: [propext, Classical.choice, Quot.sound]
✔ [8845/8905] Built M7RecoveryPrefix (23s)
✔ [8846/8905] Built M7ArithmeticLoops (9.7s)
✔ [8847/8905] Built M7PrefixOrbit (26s)
⚠ [8848/8905] Built M7ArithmeticLoopsAccepted (17s)
warning: M7ArithmeticLoopsAccepted.lean:6:8: This simp argument is unused:
  Fintype.card_fun

Hint: Omit it from the simp argument list.
  [apply] simp [ZMod.card]

Note: This linter can be disabled with `set_option linter.unusedSimpArgs false`
warning: M7ArithmeticLoopsAccepted.lean:64:2: Unused tactic linter: `change M7.ArithmeticLoops.characterVisits N w E A B ≤ _` does nothing

Note: This linter can be disabled with `set_option linter.unusedTactic false`
info: M7ArithmeticLoopsAccepted.lean:115:0: 'M7.ArithmeticLoops.character_card' depends on axioms: [propext, Classical.choice, Quot.sound]
info: M7ArithmeticLoopsAccepted.lean:116:0: 'M7.ArithmeticLoops.divisor_card' depends on axioms: [propext, Classical.choice, Quot.sound]
info: M7ArithmeticLoopsAccepted.lean:117:0: 'M7.ArithmeticLoops.exclusion_cap' depends on axioms: [propext, Classical.choice, Quot.sound]
info: M7ArithmeticLoopsAccepted.lean:118:0: 'M7.ArithmeticLoops.factor_card' depends on axioms: [propext, Classical.choice, Quot.sound]
info: M7ArithmeticLoopsAccepted.lean:119:0: 'M7.ArithmeticLoops.character_visits' depends on axioms: [propext, Classical.choice, Quot.sound]
✔ [8849/8905] Built M7CompactGeneration (27s)
ℹ [8850/8905] Built M7RecoveryPrefixAccepted (26s)
info: M7RecoveryPrefixAccepted.lean:67:0: 'M7.RecoveryPrefix.completed_partition' depends on axioms: [propext, Classical.choice, Quot.sound]
info: M7RecoveryPrefixAccepted.lean:68:0: 'M7.RecoveryPrefix.completed_subroot' depends on axioms: [propext, Classical.choice, Quot.sound]
info: M7RecoveryPrefixAccepted.lean:69:0: 'M7.RecoveryPrefix.leaf_singleton' depends on axioms: [propext, Classical.choice, Quot.sound]
⚠ [8851/8905] Built M6FinalDependencies (74s)
warning: M6FinalDependencies.lean:7:4: This simp argument is unused:
  Polynomial.coeff_C_mul_X_pow

Hint: Omit it from the simp argument list.
  [apply] simp [M6.Coordinates.blockPolynomial, Polynomial.finsetSum_coeff, Fin.val_eq_val, i.isLt]

Note: This linter can be disabled with `set_option linter.unusedSimpArgs false`
warning: M6FinalDependencies.lean:7:50: This simp argument is unused:
  i.isLt

Hint: Omit it from the simp argument list.
  [apply] simp [M6.Coordinates.blockPolynomial, Polynomial.finsetSum_coeff, Polynomial.coeff_C_mul_X_pow,
    Fin.val_eq_val]

Note: This linter can be disabled with `set_option linter.unusedSimpArgs false`
warning: M6FinalDependencies.lean:20:4: this tactic is never executed

Note: This linter can be disabled with `set_option linter.unreachableTactic false`
warning: M6FinalDependencies.lean:21:4: this tactic is never executed

Note: This linter can be disabled with `set_option linter.unreachableTactic false`
warning: M6FinalDependencies.lean:20:4: Unused tactic linter: `exact_mod_cast ZMod.val_lt i` does nothing

Note: This linter can be disabled with `set_option linter.unusedTactic false`
warning: M6FinalDependencies.lean:21:4: Unused tactic linter: `exact_mod_cast Finset.mem_range.mp hi` does nothing

Note: This linter can be disabled with `set_option linter.unusedTactic false`
warning: M6FinalDependencies.lean:40:12: This simp argument is unused:
  Polynomial.coeff_C_mul_X_pow

Hint: Omit it from the simp argument list.
  [apply] simp [hv, Ne.symm hv]

Note: This linter can be disabled with `set_option linter.unusedSimpArgs false`
warning: M6FinalDependencies.lean:40:42: This simp argument is unused:
  hv

Hint: Omit it from the simp argument list.
  [apply] simp [Polynomial.coeff_C_mul_X_pow, Ne.symm hv]

Note: This linter can be disabled with `set_option linter.unusedSimpArgs false`
warning: M6FinalDependencies.lean:52:10: This simp argument is unused:
  Polynomial.coeff_C_mul_X_pow

Hint: Omit it from the simp argument list.
  [apply] simp [hv, Ne.symm hv]

Note: This linter can be disabled with `set_option linter.unusedSimpArgs false`
warning: M6FinalDependencies.lean:52:40: This simp argument is unused:
  hv

Hint: Omit it from the simp argument list.
  [apply] simp [Polynomial.coeff_C_mul_X_pow, Ne.symm hv]

Note: This linter can be disabled with `set_option linter.unusedSimpArgs false`
warning: M6FinalDependencies.lean:114:8: this tactic is never executed

Note: This linter can be disabled with `set_option linter.unreachableTactic false`
warning: M6FinalDependencies.lean:114:8: Unused tactic linter: `exact Polynomial.degree_le_of_dvd hn hdiv` does nothing

Note: This linter can be disabled with `set_option linter.unusedTactic false`
warning: M6FinalDependencies.lean:209:2: Unused tactic linter: `change
  ∀ (a b M : M6.BoundaryFibers.BP) (h : AdjoinRoot M),
    M6.BoundaryFibers.boundary a b M h = (0, 0) ↔ AdjoinRoot.mk M (M6.Cyclic.signature a b M) * h = 0` does nothing

Note: This linter can be disabled with `set_option linter.unusedTactic false`
warning: M6FinalDependencies.lean:216:2: Unused tactic linter: `change ∀ p : M6.BoundaryFibers.BP, p ≠ 0 → p.Monic` does nothing

Note: This linter can be disabled with `set_option linter.unusedTactic false`
warning: M6FinalDependencies.lean:226:2: Unused tactic linter: `change ∀ a b M : M6.BoundaryFibers.BP, M ≠ 0 → M6.Cyclic.signature a b M ≠ 0` does nothing

Note: This linter can be disabled with `set_option linter.unusedTactic false`
warning: M6FinalDependencies.lean:233:2: Unused tactic linter: `change
  ∀ a b M : M6.BoundaryFibers.BP,
    M ≠ 0 →
      Nat.card { h : AdjoinRoot M // M6.BoundaryFibers.boundary a b M h = (0, 0) } =
        2 ^ (M6.Cyclic.signature a b M).natDegree` does nothing

Note: This linter can be disabled with `set_option linter.unusedTactic false`
warning: M6FinalDependencies.lean:242:2: Unused tactic linter: `change
  ∀ (a b M : M6.BoundaryFibers.BP),
    M ≠ 0 →
      ∀ h₀ : AdjoinRoot M,
        Nat.card { h : AdjoinRoot M // M6.BoundaryFibers.boundary a b M h = M6.BoundaryFibers.boundary a b M h₀ } =
          2 ^ (M6.Cyclic.signature a b M).natDegree` does nothing

Note: This linter can be disabled with `set_option linter.unusedTactic false`
warning: M6FinalDependencies.lean:268:2: Unused tactic linter: `change
  ∀ (N : ℕ) (z w : M6.Physical.Word N),
    M6.Flatten.flatten N (z + w) = M6.Flatten.flatten N z + M6.Flatten.flatten N w` does nothing

Note: This linter can be disabled with `set_option linter.unusedTactic false`
warning: M6FinalDependencies.lean:308:52: This simp argument is unused:
  hi

Hint: Omit it from the simp argument list.
  [apply] simp [M6.Flatten.unflatten, M6.Flatten.flatten, Nat.add_sub_cancel_left]

Note: This linter can be disabled with `set_option linter.unusedSimpArgs false`
warning: M6FinalDependencies.lean:308:56: This simp argument is unused:
  Nat.add_sub_cancel_left

Hint: Omit it from the simp argument list.
  [apply] simp [M6.Flatten.unflatten, M6.Flatten.flatten, hi]

Note: This linter can be disabled with `set_option linter.unusedSimpArgs false`
warning: M6FinalDependencies.lean:315:57: `if_pos` has been deprecated: Use `ite_eq_left` instead
warning: M6FinalDependencies.lean:315:67: `dif_pos` has been deprecated: Use `dite_eq_left` instead
warning: M6FinalDependencies.lean:320:57: `if_neg` has been deprecated: Use `ite_eq_right` instead
warning: M6FinalDependencies.lean:320:67: `dif_neg` has been deprecated: Use `dite_eq_right` instead
warning: M6FinalDependencies.lean:315:67: This simp argument is unused:
  dif_pos h

Hint: Omit it from the simp argument list.
  [apply] simp only [M6.Flatten.flatten, M6.Flatten.unflatten, if_pos h]

Note: This linter can be disabled with `set_option linter.unusedSimpArgs false`
warning: M6FinalDependencies.lean:320:67: This simp argument is unused:
  dif_neg h

Hint: Omit it from the simp argument list.
  [apply] simp only [M6.Flatten.flatten, M6.Flatten.unflatten, if_neg h]

Note: This linter can be disabled with `set_option linter.unusedSimpArgs false`
warning: M6FinalDependencies.lean:323:15: This simp argument is unused:
  Fin.val_mk

Hint: Omit it from the simp argument list.
  [apply] simp only [ZMod.val_natCast, Nat.mod_eq_of_lt hi]

Note: This linter can be disabled with `set_option linter.unusedSimpArgs false`
warning: M6FinalDependencies.lean:327:2: Unused tactic linter: `change
  ∀ (N : ℕ) (c : ZMod 2) (z : M6.Physical.Word N),
    M6.Flatten.flatten N (c • z) = c • M6.Flatten.flatten N z` does nothing

Note: This linter can be disabled with `set_option linter.unusedTactic false`
warning: M6FinalDependencies.lean:361:14: This simp argument is unused:
  hi

Hint: Omit it from the simp argument list.
  [apply] simp

Note: This linter can be disabled with `set_option linter.unusedSimpArgs false`
warning: M6FinalDependencies.lean:400:34: This simp argument is unused:
  Fintype.card_fun

Hint: Omit it from the simp argument list.
  [apply] simp [Nat.card_eq_fintype_card, ZMod.card]

Note: This linter can be disabled with `set_option linter.unusedSimpArgs false`
warning: M6FinalDependencies.lean:481:4: try 'simp' instead of 'simpa'

Note: This linter can be disabled with `set_option linter.unnecessarySimpa false`
warning: M6FinalDependencies.lean:483:2: try 'simp' instead of 'simpa'

Note: This linter can be disabled with `set_option linter.unnecessarySimpa false`
warning: M6FinalDependencies.lean:486:2: Unused tactic linter: `change
  ∀ (a b : ZMod 2), M6.Character.sign (a + b) = M6.Character.sign a * M6.Character.sign b` does nothing

Note: This linter can be disabled with `set_option linter.unusedTactic false`
warning: M6FinalDependencies.lean:491:2: Unused tactic linter: `change
  ∀ (a : ZMod 2), (M6.Character.sign a = 1 ↔ a = 0) ∧ (M6.Character.sign a = -1 ↔ a ≠ 0)` does nothing

Note: This linter can be disabled with `set_option linter.unusedTactic false`
warning: M6FinalDependencies.lean:500:2: Unused tactic linter: `change
  ∀ (m : ℕ) (q r z : M6.Character.Vector m),
    M6.Character.character (q + r) z = M6.Character.character q z * M6.Character.character r z` does nothing

Note: This linter can be disabled with `set_option linter.unusedTactic false`
warning: M6FinalDependencies.lean:505:2: Unused tactic linter: `change
  ∀ (m : ℕ) (f : Fin m → ZMod 2), M6.Character.sign (∑ i, f i) = ∏ i, M6.Character.sign (f i)` does nothing

Note: This linter can be disabled with `set_option linter.unusedTactic false`
warning: M6FinalDependencies.lean:518:2: Unused tactic linter: `change
  ∀ (m : ℕ) (q z : M6.Character.Vector m), M6.Character.character q z = ∏ i, M6.Character.sign (q i * z i)` does nothing

Note: This linter can be disabled with `set_option linter.unusedTactic false`
warning: M6FinalDependencies.lean:531:8: `if_pos` has been deprecated: Use `ite_eq_left` instead
warning: M6FinalDependencies.lean:541:8: `if_neg` has been deprecated: Use `ite_eq_right` instead
warning: M6FinalDependencies.lean:543:4: `push_neg` has been deprecated. Prefer using `push Not` instead.
If you'd rather continue using `push_neg` in your project, you can implement it as follows:
```
open Lean.Parser.Tactic in
macro "push_neg" cfg:optConfig loc:(location)? : tactic =>
  `(tactic| push $cfg:optConfig Not $[$loc]?)
```
warning: M6FinalDependencies.lean:524:2: Unused tactic linter: `change
  ∀ (m : ℕ) (D : Submodule (ZMod 2) (M6.Character.Vector m)) (z : M6.Character.Vector m),
    M6.Character.characterSum D z = M6.Character.orthogonalIndicator D z` does nothing

Note: This linter can be disabled with `set_option linter.unusedTactic false`
warning: M6FinalDependencies.lean:564:2: Unused tactic linter: `change
  ∀ (m : ℕ) (w : Fin m → ZMod 2 → Polynomial ℤ) (q : M6.Character.Vector m),
    M6.Character.localTransform w q =
      ∑ z : M6.Character.Vector m, Polynomial.C (M6.Character.character q z) * ∏ i, w i (z i)` does nothing

Note: This linter can be disabled with `set_option linter.unusedTactic false`
warning: M6FinalDependencies.lean:574:2: Unused tactic linter: `change
  ∀ (m : ℕ) (D : Submodule (ZMod 2) (M6.Character.Vector m)) (w : Fin m → ZMod 2 → Polynomial ℤ),
    Polynomial.C ((M6.Character.subspaceWords D).card : ℤ) * M6.Character.weightedDual D w =
      M6.Character.weightedTransform D w` does nothing

Note: This linter can be disabled with `set_option linter.unusedTactic false`
warning: M6FinalDependencies.lean:594:2: Unused tactic linter: `change
  ∀ (m : ℕ) (i : Fin m) (s : ZMod 2),
    M6.Character.pinnedCharacterFactor (M6.Pinned.free m) i s =
      1 + Polynomial.C (M6.Character.sign s) * Polynomial.X` does nothing

Note: This linter can be disabled with `set_option linter.unusedTactic false`
warning: M6FinalDependencies.lean:603:2: Unused tactic linter: `change ∀ (m : ℕ) (v : M6.Character.Vector m), M6.Pinned.weight v = ∑ i, (v i).val` does nothing

Note: This linter can be disabled with `set_option linter.unusedTactic false`
warning: M6FinalDependencies.lean:622:37: `if_pos` has been deprecated: Use `ite_eq_left` instead
warning: M6FinalDependencies.lean:636:37: `if_neg` has been deprecated: Use `ite_eq_right` instead
warning: M6FinalDependencies.lean:642:70: Used `tac1 <;> tac2` where `(tac1; tac2)` would suffice

Note: This linter can be disabled with `set_option linter.unnecessarySeqFocus false`
warning: M6FinalDependencies.lean:618:2: Unused tactic linter: `change
  ∀ (m : ℕ) (P : M6.Pinned.Pins m) (v : M6.Character.Vector m),
    (∏ i, M6.Character.boundaryFactor P i (v i)) = M6.Character.pinnedMonomial P v` does nothing

Note: This linter can be disabled with `set_option linter.unusedTactic false`
warning: M6FinalDependencies.lean:645:2: Unused tactic linter: `change
  ∀ (m : ℕ) (D : Submodule (ZMod 2) (M6.Character.Vector m)) (P : M6.Pinned.Pins m),
    Polynomial.C ((M6.Character.subspaceWords D).card : ℤ) * M6.Pinned.enumerator (M6.Character.dualWords D) P =
      M6.Character.pinnedTransform D P` does nothing

Note: This linter can be disabled with `set_option linter.unusedTactic false`
warning: M6FinalDependencies.lean:684:12: `if_neg` has been deprecated: Use `ite_eq_right` instead
warning: M6FinalDependencies.lean:656:2: Unused tactic linter: `change ∀ (m : ℕ) (q : M6.Character.Vector m), _` does nothing

Note: This linter can be disabled with `set_option linter.unusedTactic false`
warning: M6FinalDependencies.lean:695:2: Unused tactic linter: `change ∀ (m : ℕ) (D : Submodule (ZMod 2) (M6.Character.Vector m)), _` does nothing

Note: This linter can be disabled with `set_option linter.unusedTactic false`
warning: M6FinalDependencies.lean:761:2: Unused tactic linter: `change
  ∀ (m : ℕ) (c : M6.Pinned.Pins m → ℤ) (P : M6.Pinned.Pins m) (i : Fin m),
    M6.Pinned.refines P (M6.Pinned.choose c P i).1 ∧
      (M6.Pinned.choose c P i).1 i ≠ none ∧ (M6.Pinned.choose c P i).2 ≤ 1` does nothing

Note: This linter can be disabled with `set_option linter.unusedTactic false`
warning: M6FinalDependencies.lean:785:61: This simp argument is unused:
  and_assoc

Hint: Omit it from the simp argument list.
  [apply] simp [Int.natCast_pos, Finset.card_pos, Finset.Nonempty]

Note: This linter can be disabled with `set_option linter.unusedSimpArgs false`
warning: M6FinalDependencies.lean:814:10: `dif_pos` has been deprecated: Use `dite_eq_left` instead
warning: M6FinalDependencies.lean:841:4: `Polynomial.finset_sum_coeff` has been deprecated: Use `Polynomial.finsetSum_coeff` instead
warning: M6FinalDependencies.lean:841:33: This simp argument is unused:
  Polynomial.coeff_X_pow

Hint: Omit it from the simp argument list.
  [apply] simp only [M6.Pinned.enumerator, M6.Pinned.count, Polynomial.finset_sum_coeff, Finset.card_eq_sum_ones,
    Nat.cast_sum, Nat.cast_one, Finset.sum_filter]

Note: This linter can be disabled with `set_option linter.unusedSimpArgs false`
warning: M6FinalDependencies.lean:842:43: This simp argument is unused:
  Nat.cast_one

Hint: Omit it from the simp argument list.
  [apply] simp only [M6.Pinned.enumerator, M6.Pinned.count, Polynomial.finset_sum_coeff, Polynomial.coeff_X_pow,
    Finset.card_eq_sum_ones, Nat.cast_sum, Finset.sum_filter]

Note: This linter can be disabled with `set_option linter.unusedSimpArgs false`
warning: M6FinalDependencies.lean:837:2: Unused tactic linter: `change
  ∀ (m : ℕ) (L : Finset (M6.Pinned.Vector m)) (P : M6.Pinned.Pins m) (d : ℕ),
    (M6.Pinned.enumerator L P).coeff d = M6.Pinned.count L P d` does nothing

Note: This linter can be disabled with `set_option linter.unusedTactic false`
warning: M6FinalDependencies.lean:853:2: Unused tactic linter: `change
  ∀ (m : ℕ) (c : M6.Pinned.Pins m → ℤ),
    M6.Pinned.partitions c →
      ∀ (P : M6.Pinned.Pins m) (xs : List (Fin m)), 0 < c P → 0 < c (M6.Pinned.recover c P xs).1` does nothing

Note: This linter can be disabled with `set_option linter.unusedTactic false`
warning: M6FinalDependencies.lean:878:2: Unused tactic linter: `change ∀ (m : ℕ) (v : M6.Pinned.Vector m), M6.Pinned.weight v ≤ m` does nothing

Note: This linter can be disabled with `set_option linter.unusedTactic false`
warning: M6FinalDependencies.lean:896:29: This simp argument is unused:
  M6.Pinned.enumerator

Hint: Omit it from the simp argument list.
  [apply] simp [M6.Pinned.count]

Note: This linter can be disabled with `set_option linter.unusedSimpArgs false`
warning: M6FinalDependencies.lean:901:35: This simp argument is unused:
  M6.Pinned.enumerator

Hint: Omit it from the simp argument list.
  [apply] simp_all [M6.Pinned.count, M6.Pinned.agrees_pin, Finset.filter_insert, Finset.sum_insert,
    Polynomial.coeff_sum, Polynomial.coeff_monomial]

Note: This linter can be disabled with `set_option linter.unusedSimpArgs false`
warning: M6FinalDependencies.lean:903:10: This simp argument is unused:
  Finset.sum_insert

Hint: Omit it from the simp argument list.
  [apply] simp_all [M6.Pinned.count, M6.Pinned.enumerator, M6.Pinned.agrees_pin, Finset.filter_insert,
    Polynomial.coeff_sum, Polynomial.coeff_monomial]

Note: This linter can be disabled with `set_option linter.unusedSimpArgs false`
warning: M6FinalDependencies.lean:903:29: This simp argument is unused:
  Polynomial.coeff_sum

Hint: Omit it from the simp argument list.
  [apply] simp_all [M6.Pinned.count, M6.Pinned.enumerator, M6.Pinned.agrees_pin, Finset.filter_insert,
    Finset.sum_insert, Polynomial.coeff_monomial]

Note: This linter can be disabled with `set_option linter.unusedSimpArgs false`
warning: M6FinalDependencies.lean:904:10: This simp argument is unused:
  Polynomial.coeff_monomial

Hint: Omit it from the simp argument list.
  [apply] simp_all [M6.Pinned.count, M6.Pinned.enumerator, M6.Pinned.agrees_pin, Finset.filter_insert,
    Finset.sum_insert, Polynomial.coeff_sum]

Note: This linter can be disabled with `set_option linter.unusedSimpArgs false`
warning: M6FinalDependencies.lean:888:2: Unused tactic linter: `change
  ∀ (m : ℕ) (L : Finset (M6.Pinned.Vector m)) (d : ℕ),
    M6.Pinned.partitions (fun P => M6.Pinned.count L P d)` does nothing

Note: This linter can be disabled with `set_option linter.unusedTactic false`
warning: M6FinalDependencies.lean:908:2: Unused tactic linter: `change
  ∀ (m : ℕ) (L : Finset (M6.Pinned.Vector m)),
    M6.Pinned.firstPositive m (M6.Pinned.enumerator L (M6.Pinned.free m)) = M6.Pinned.distance L` does nothing

Note: This linter can be disabled with `set_option linter.unusedTactic false`
warning: M6FinalDependencies.lean:964:29: This simp argument is unused:
  Prod.fst

Hint: Omit it from the simp argument list.
  [apply] simp only [hc, Prod.snd] at hcprop

Note: This linter can be disabled with `set_option linter.unusedSimpArgs false`
warning: M6FinalDependencies.lean:964:39: This simp argument is unused:
  Prod.snd

Hint: Omit it from the simp argument list.
  [apply] simp only [hc, Prod.fst] at hcprop

Note: This linter can be disabled with `set_option linter.unusedSimpArgs false`
warning: M6FinalDependencies.lean:965:29: This simp argument is unused:
  Prod.fst

Hint: Omit it from the simp argument list.
  [apply] simp only [hr, Prod.snd] at hrprop

Note: This linter can be disabled with `set_option linter.unusedSimpArgs false`
warning: M6FinalDependencies.lean:965:39: This simp argument is unused:
  Prod.snd

Hint: Omit it from the simp argument list.
  [apply] simp only [hr, Prod.fst] at hrprop

Note: This linter can be disabled with `set_option linter.unusedSimpArgs false`
warning: M6FinalDependencies.lean:966:52: This simp argument is unused:
  Prod.fst

Hint: Omit it from the simp argument list.
  [apply] simp only [M6.Pinned.recover, hc, hr, Prod.snd]

Note: This linter can be disabled with `set_option linter.unusedSimpArgs false`
warning: M6FinalDependencies.lean:966:62: This simp argument is unused:
  Prod.snd

Hint: Omit it from the simp argument list.
  [apply] simp only [M6.Pinned.recover, hc, hr, Prod.fst]

Note: This linter can be disabled with `set_option linter.unusedSimpArgs false`
warning: M6FinalDependencies.lean:937:2: Unused tactic linter: `change
  ∀ (m : ℕ) (c : M6.Pinned.Pins m → ℤ) (P : M6.Pinned.Pins m) (xs : List (Fin m)),
    M6.Pinned.refines P (M6.Pinned.recover c P xs).1 ∧
      (∀ i ∈ xs, (M6.Pinned.recover c P xs).1 i ≠ none) ∧ (M6.Pinned.recover c P xs).2 ≤ xs.length` does nothing

Note: This linter can be disabled with `set_option linter.unusedTactic false`
warning: M6FinalDependencies.lean:1069:2: Unused tactic linter: `change
  ∀ (m : ℕ) (LX LZ : Finset (M6.CSS.Vector m)) (J : M6.CSS.Vector m → M6.CSS.Vector m),
    Function.Involutive J →
      (∀ v, M6.Pinned.weight (J v) = M6.Pinned.weight v) →
        (∀ v, v ∈ LX ↔ J v ∈ LZ) → M6.Pinned.distance LX = M6.Pinned.distance LZ` does nothing

Note: This linter can be disabled with `set_option linter.unusedTactic false`
warning: M6FinalDependencies.lean:1107:42: Used `tac1 <;> tac2` where `(tac1; tac2)` would suffice

Note: This linter can be disabled with `set_option linter.unnecessarySeqFocus false`
warning: M6FinalDependencies.lean:1110:2: Unused tactic linter: `change
  ∀ (m : ℕ) (v : M6.CSS.Vector m),
    M6.CSS.weight (v, 0) = M6.Pinned.weight v ∧ M6.CSS.weight (0, v) = M6.Pinned.weight v` does nothing

Note: This linter can be disabled with `set_option linter.unusedTactic false`
warning: M6FinalDependencies.lean:1145:44: This simp argument is unused:
  hs

Hint: Omit it from the simp argument list.
  [apply] simp [M6.CSS.quantumDistance, hdef, hL, hne, hsne, hmin]

Note: This linter can be disabled with `set_option linter.unusedSimpArgs false`
warning: M6FinalDependencies.lean:1145:53: This simp argument is unused:
  hsne

Hint: Omit it from the simp argument list.
  [apply] simp [M6.CSS.quantumDistance, hdef, hL, hs, hne, hmin]

Note: This linter can be disabled with `set_option linter.unusedSimpArgs false`
warning: M6FinalDependencies.lean:1150:2: Unused tactic linter: `change
  ∀ (m : ℕ) (p : M6.CSS.Pauli m),
    M6.Pinned.weight p.1 ≤ M6.CSS.weight p ∧ M6.Pinned.weight p.2 ≤ M6.CSS.weight p` does nothing

Note: This linter can be disabled with `set_option linter.unusedTactic false`
warning: M6FinalDependencies.lean:1202:8: Try `simp at hpX` instead of `simpa using hpX`

Note: This linter can be disabled with `set_option linter.unnecessarySimpa false`
warning: M6FinalDependencies.lean:1203:8: Try `simp at hpZ` instead of `simpa using hpZ`

Note: This linter can be disabled with `set_option linter.unnecessarySimpa false`
warning: M6FinalDependencies.lean:1211:8: Try `simp at hu` instead of `simpa using hu`

Note: This linter can be disabled with `set_option linter.unnecessarySimpa false`
warning: M6FinalDependencies.lean:1223:6: Try `simp at hu` instead of `simpa using hu`

Note: This linter can be disabled with `set_option linter.unnecessarySimpa false`
warning: M6FinalDependencies.lean:1376:56: `dif_neg` has been deprecated: Use `dite_eq_right` instead
warning: M6FinalDependencies.lean:1418:18: Used `tac1 <;> tac2` where `(tac1; tac2)` would suffice

Note: This linter can be disabled with `set_option linter.unnecessarySeqFocus false`
warning: M6FinalDependencies.lean:1444:48: This simp argument is unused:
  Fintype.card_fun

Hint: Omit it from the simp argument list.
  [apply] simp [M6.Transfer.Input, M6.Transfer.Bit, ZMod.card]

Note: This linter can be disabled with `set_option linter.unusedSimpArgs false`
warning: M6FinalDependencies.lean:1569:10: `if_pos` has been deprecated: Use `ite_eq_left` instead
warning: M6FinalDependencies.lean:1572:12: `if_pos` has been deprecated: Use `ite_eq_left` instead
warning: M6FinalDependencies.lean:1573:10: `if_neg` has been deprecated: Use `ite_eq_right` instead
warning: M6FinalDependencies.lean:1575:6: `push_neg` has been deprecated. Prefer using `push Not` instead.
If you'd rather continue using `push_neg` in your project, you can implement it as follows:
```
open Lean.Parser.Tactic in
macro "push_neg" cfg:optConfig loc:(location)? : tactic =>
  `(tactic| push $cfg:optConfig Not $[$loc]?)
```
warning: M6FinalDependencies.lean:1578:12: `if_neg` has been deprecated: Use `ite_eq_right` instead
warning: M6FinalDependencies.lean:1636:2: Unused tactic linter: `change
  ∀ p q : Polynomial ℤ,
    M6.Transfer.polynomialMass (p + q) ≤ M6.Transfer.polynomialMass p + M6.Transfer.polynomialMass q` does nothing

Note: This linter can be disabled with `set_option linter.unusedTactic false`
warning: M6FinalDependencies.lean:1674:2: Unused tactic linter: `change
  ∀ (I : Type) (s : Finset I) (f : I → Polynomial ℤ),
    M6.Transfer.polynomialMass (∑ i ∈ s, f i) ≤ ∑ i ∈ s, M6.Transfer.polynomialMass (f i)` does nothing

Note: This linter can be disabled with `set_option linter.unusedTactic false`
warning: M6FinalDependencies.lean:1686:2: Unused tactic linter: `change
  ∀ p q : Polynomial ℤ,
    M6.Transfer.polynomialMass (p * q) ≤ M6.Transfer.polynomialMass p * M6.Transfer.polynomialMass q` does nothing

Note: This linter can be disabled with `set_option linter.unusedTactic false`
warning: M6FinalDependencies.lean:1705:2: Unused tactic linter: `change
  ∀ (R : ℕ) (W : M6.Transfer.Memory R → M6.Transfer.Bit → Polynomial ℤ) (v : M6.Transfer.Memory R → Polynomial ℤ),
    (∀ m t, M6.Transfer.polynomialMass (W m t) ≤ 4) →
      M6.Transfer.rowMass (M6.Transfer.propagate W v) ≤ 8 * M6.Transfer.rowMass v` does nothing

Note: This linter can be disabled with `set_option linter.unusedTactic false`
warning: M6FinalDependencies.lean:1750:2: Unused tactic linter: `change
  ∀ (R : ℕ) (W : ℕ → M6.Transfer.Memory R → M6.Transfer.Bit → Polynomial ℤ) (start : M6.Transfer.Memory R) (n : ℕ),
    (∀ i m t, M6.Transfer.polynomialMass (W i m t) ≤ 4) →
      M6.Transfer.rowMass (M6.Transfer.layers W start n) ≤ 8 ^ n` does nothing

Note: This linter can be disabled with `set_option linter.unusedTactic false`
warning: M6FinalDependencies.lean:1790:16: This simp argument is unused:
  nsmul_eq_mul

Hint: Omit it from the simp argument list.
  [apply] simp [hc]

Note: This linter can be disabled with `set_option linter.unusedSimpArgs false`
warning: M6FinalDependencies.lean:1766:2: Unused tactic linter: `change
  ∀ (R N : ℕ) (W : ℕ → M6.Transfer.Memory R → M6.Transfer.Bit → Polynomial ℤ) (d : ℕ),
    (∀ i m t, M6.Transfer.polynomialMass (W i m t) ≤ 4) →
      ((M6.Transfer.arrayTrace W N).coeff d).natAbs ≤ 2 ^ R * 8 ^ N` does nothing

Note: This linter can be disabled with `set_option linter.unusedTactic false`
warning: M6FinalDependencies.lean:1793:2: Unused tactic linter: `change
  ∀ R N : ℕ,
    Fintype.card (M6.Transfer.Memory R) * N * (M6.Transfer.scatterEventList R N).length =
      M6.Transfer.traceCoefficientOps R N` does nothing

Note: This linter can be disabled with `set_option linter.unusedTactic false`
warning: M6FinalDependencies.lean:1812:48: This simp argument is unused:
  Function.update_apply

Hint: Omit it from the simp argument list.
  [apply] simp [M6.Transfer.scatterUpdate, h, ha, Ne.symm ha]

Note: This linter can be disabled with `set_option linter.unusedSimpArgs false`
warning: M6FinalDependencies.lean:1830:8: `if_neg` has been deprecated: Use `ite_eq_right` instead
warning: M6FinalDependencies.lean:1830:19: `if_neg` has been deprecated: Use `ite_eq_right` instead
warning: M6FinalDependencies.lean:1830:30: `if_neg` has been deprecated: Use `ite_eq_right` instead
warning: M6FinalDependencies.lean:1837:24: This simp argument is unused:
  Polynomial.coeff_mul_C

Hint: Omit it from the simp argument list.
  [apply] simp

Note: This linter can be disabled with `set_option linter.unusedSimpArgs false`
warning: M6FinalDependencies.lean:1815:2: Unused tactic linter: `change ∀ (p q : Polynomial ℤ) (d : ℕ), q.natDegree ≤ 2 → _` does nothing

Note: This linter can be disabled with `set_option linter.unusedTactic false`
warning: M6FinalDependencies.lean:1864:4: `Polynomial.finset_sum_coeff` has been deprecated: Use `Polynomial.finsetSum_coeff` instead
warning: M6FinalDependencies.lean:1870:29: `if_true` has been deprecated: Use `ite_true` instead
warning: M6FinalDependencies.lean:1876:17: `if_pos` has been deprecated: Use `ite_eq_left` instead
warning: M6FinalDependencies.lean:1905:12: `if_pos` has been deprecated: Use `ite_eq_left` instead
warning: M6FinalDependencies.lean:1909:18: This simp argument is unused:
  eq_comm

Hint: Omit it from the simp argument list.
  [apply] simp [hm]

Note: This linter can be disabled with `set_option linter.unusedSimpArgs false`
warning: M6FinalDependencies.lean:1923:6: `Polynomial.finset_sum_coeff` has been deprecated: Use `Polynomial.finsetSum_coeff` instead
warning: M6FinalDependencies.lean:1935:41: `Polynomial.finset_sum_coeff` has been deprecated: Use `Polynomial.finsetSum_coeff` instead
warning: M6FinalDependencies.lean:1963:32: `Polynomial.finset_sum_coeff` has been deprecated: Use `Polynomial.finsetSum_coeff` instead
warning: M6FinalDependencies.lean:1947:47: This simp argument is unused:
  Ne.symm hv

Hint: Omit it from the simp argument list.
  [apply] simp [Polynomial.coeff_monomial, hv]

Note: This linter can be disabled with `set_option linter.unusedSimpArgs false`
warning: M6FinalDependencies.lean:1960:43: This simp argument is unused:
  Ne.symm hv

Hint: Omit it from the simp argument list.
  [apply] simp [Polynomial.coeff_monomial, hv]

Note: This linter can be disabled with `set_option linter.unusedSimpArgs false`
warning: M6FinalDependencies.lean:1932:2: Unused tactic linter: `change M6.Transfer.scalarTracePolynomial W N = M6.Transfer.arrayTrace W N` does nothing

Note: This linter can be disabled with `set_option linter.unusedTactic false`
warning: M6FinalDependencies.lean:1974:44: `if_pos` has been deprecated: Use `ite_eq_left` instead
warning: M6FinalDependencies.lean:2052:31: This simp argument is unused:
  Polynomial.sum

Hint: Omit it from the simp argument list.
  [apply] simp [M6.Normalize.divide, Polynomial.coeff_sum, Polynomial.coeff_monomial, hd]

Note: This linter can be disabled with `set_option linter.unusedSimpArgs false`
warning: M6FinalDependencies.lean:2052:47: This simp argument is unused:
  Polynomial.coeff_sum

Hint: Omit it from the simp argument list.
  [apply] simp [M6.Normalize.divide, Polynomial.sum, Polynomial.coeff_monomial, hd]

Note: This linter can be disabled with `set_option linter.unusedSimpArgs false`
warning: M6FinalDependencies.lean:2052:69: This simp argument is unused:
  Polynomial.coeff_monomial

Hint: Omit it from the simp argument list.
  [apply] simp [M6.Normalize.divide, Polynomial.sum, Polynomial.coeff_sum, hd]

Note: This linter can be disabled with `set_option linter.unusedSimpArgs false`
warning: M6FinalDependencies.lean:2054:31: This simp argument is unused:
  Polynomial.sum

Hint: Omit it from the simp argument list.
  [apply] simp [M6.Normalize.divide, Polynomial.coeff_sum, Polynomial.coeff_monomial, hd, hz]

Note: This linter can be disabled with `set_option linter.unusedSimpArgs false`
warning: M6FinalDependencies.lean:2054:47: This simp argument is unused:
  Polynomial.coeff_sum

Hint: Omit it from the simp argument list.
  [apply] simp [M6.Normalize.divide, Polynomial.sum, Polynomial.coeff_monomial, hd, hz]

Note: This linter can be disabled with `set_option linter.unusedSimpArgs false`
warning: M6FinalDependencies.lean:2054:69: This simp argument is unused:
  Polynomial.coeff_monomial

Hint: Omit it from the simp argument list.
  [apply] simp [M6.Normalize.divide, Polynomial.sum, Polynomial.coeff_sum, hd, hz]

Note: This linter can be disabled with `set_option linter.unusedSimpArgs false`
warning: M6FinalDependencies.lean:2049:2: Unused tactic linter: `change
  ∀ (k : ℤ) (p : Polynomial ℤ) (d : ℕ), (M6.Normalize.divide k p).coeff d = p.coeff d / k` does nothing

Note: This linter can be disabled with `set_option linter.unusedTactic false`
warning: M6FinalDependencies.lean:2057:2: Unused tactic linter: `change ∀ (k : ℤ) (p : Polynomial ℤ) (d : ℕ), k ∣ (Polynomial.C k * p).coeff d` does nothing

Note: This linter can be disabled with `set_option linter.unusedTactic false`
warning: M6FinalDependencies.lean:2063:2: Unused tactic linter: `change
  ∀ (k : ℤ) (p : Polynomial ℤ) (n : ℕ),
    (∀ d, n < d → p.coeff d = 0) → ∀ d, n < d → (M6.Normalize.divide k p).coeff d = 0` does nothing

Note: This linter can be disabled with `set_option linter.unusedTactic false`
warning: M6FinalDependencies.lean:2073:8: This simp argument is unused:
  Int.mul_ediv_cancel_left

Hint: Omit it from the simp argument list.
  [apply] simp [hk]

Note: This linter can be disabled with `set_option linter.unusedSimpArgs false`
warning: M6FinalDependencies.lean:2068:2: Unused tactic linter: `change
  ∀ (k : ℤ) (p : Polynomial ℤ), k ≠ 0 → M6.Normalize.divide k (Polynomial.C k * p) = p` does nothing

Note: This linter can be disabled with `set_option linter.unusedTactic false`
warning: M6FinalDependencies.lean:2085:62: This simp argument is unused:
  h₂

Hint: Omit it from the simp argument list.
  [apply] simp [M6.Flatten.flatten, M6.ActualTransfer.rightIndex, h₁]

Note: This linter can be disabled with `set_option linter.unusedSimpArgs false`
warning: M6FinalDependencies.lean:2266:6: Unused tactic linter: `change (L' a = b ↔ L a = b.val)` does nothing

Note: This linter can be disabled with `set_option linter.unusedTactic false`
warning: M6FinalDependencies.lean:2447:33: try 'simp' instead of 'simpa'

Note: This linter can be disabled with `set_option linter.unnecessarySimpa false`
warning: M6FinalDependencies.lean:2486:33: try 'simp' instead of 'simpa'

Note: This linter can be disabled with `set_option linter.unnecessarySimpa false`
warning: M6FinalDependencies.lean:2584:4: Try `simp at hmem` instead of `simpa using hmem`

Note: This linter can be disabled with `set_option linter.unnecessarySimpa false`
warning: M6FinalDependencies.lean:2642:35: Used `tac1 <;> tac2` where `(tac1; tac2)` would suffice

Note: This linter can be disabled with `set_option linter.unnecessarySeqFocus false`
warning: M6FinalDependencies.lean:2689:2: Unused tactic linter: `change
  ∀ R : ℕ, Filter.Tendsto (fun N : ℕ => (N : ℝ) ^ 3 * (4 : ℝ) ^ R / (4 : ℝ) ^ N) Filter.atTop (nhds 0)` does nothing

Note: This linter can be disabled with `set_option linter.unusedTactic false`
warning: M6FinalDependencies.lean:2695:2: Unused tactic linter: `change M6.FixedSpan.recipe.Monic ∧ M6.FixedSpan.recipe.natDegree = 2` does nothing

Note: This linter can be disabled with `set_option linter.unusedTactic false`
warning: M6FinalDependencies.lean:2702:2: Unused tactic linter: `change ∀ N : ℕ, 3 ∣ N → M6.FixedSpan.recipe ∣ M6.Cyclic.modulus N` does nothing

Note: This linter can be disabled with `set_option linter.unusedTactic false`
warning: M6FinalDependencies.lean:2729:2: Unused tactic linter: `change M6.FixedSpan.recipe.support = {0, 1, 2}` does nothing

Note: This linter can be disabled with `set_option linter.unusedTactic false`
warning: M6FinalDependencies.lean:2737:2: Unused tactic linter: `change
  ∀ R : ℕ, Filter.Tendsto (fun N : ℕ => (N : ℝ) ^ 4 * (4 : ℝ) ^ R / (4 : ℝ) ^ N) Filter.atTop (nhds 0)` does nothing

Note: This linter can be disabled with `set_option linter.unusedTactic false`
warning: M6FinalDependencies.lean:2743:2: Unused tactic linter: `change
  ∀ N : ℕ,
    3 ∣ N →
      M6.Cyclic.signature M6.FixedSpan.recipe M6.FixedSpan.recipe (M6.Cyclic.modulus N) =
        M6.FixedSpan.recipe` does nothing

Note: This linter can be disabled with `set_option linter.unusedTactic false`
warning: M6FinalDependencies.lean:2768:2: Unused tactic linter: `change
  ∀ (a b : M6.Final.BP), a.coeff 0 = 1 → b.coeff 0 = 1 → M6.ActualTransfer.span a b = 0 → a = 1 ∧ b = 1` does nothing

Note: This linter can be disabled with `set_option linter.unusedTactic false`
warning: M6FinalDependencies.lean:2782:41: `if_true` has been deprecated: Use `ite_true` instead
warning: M6FinalDependencies.lean:2783:42: This simp argument is unused:
  M6.ActualTransfer.window

Hint: Omit it from the simp argument list.
  [apply] simp [M6.ActualTransfer.boundaryWeight, M6.Character.boundaryFactor, M6.Pinned.free]

Note: This linter can be disabled with `set_option linter.unusedSimpArgs false`
warning: M6FinalDependencies.lean:2803:2: Used `tac1 <;> tac2` where `(tac1; tac2)` would suffice

Note: This linter can be disabled with `set_option linter.unnecessarySeqFocus false`
warning: M6FinalDependencies.lean:2814:2: Unused tactic linter: `change ∀ N : ℕ, M6.Cyclic.signature 1 1 (M6.Cyclic.modulus N) = 1` does nothing

Note: This linter can be disabled with `set_option linter.unusedTactic false`
warning: M6FinalDependencies.lean:2822:2: Try this: 
  haveI̵

The goal is a proposition, so `have` is preferred over `haveI`.
The difference between `have` and `haveI` is that `haveI` inlines the value.
But this is not relevant for proofs because of proof irrelevance.

Note: This linter can be disabled with `set_option linter.style.haveILetI false`
warning: M6FinalDependencies.lean:2823:2: Try this: 
  letI̵

The goal is a proposition, so `let` is preferred over `letI`.
The difference between `let` and `letI` is that `letI` inlines the value.
But this is not relevant for proofs because of proof irrelevance.

Note: This linter can be disabled with `set_option linter.style.haveILetI false`
warning: M6FinalDependencies.lean:2819:2: Unused tactic linter: `change
  ∀ (N : ℕ) (W : ℕ → M6.Transfer.Memory 0 → M6.Transfer.Bit → Polynomial ℤ) (p : Polynomial ℤ),
    (∀ i m n, M6.Transfer.edgeMatrix (W i) m n = p) → M6.Transfer.arrayTrace W N = p ^ N` does nothing

Note: This linter can be disabled with `set_option linter.unusedTactic false`
warning: M6FinalDependencies.lean:2874:2: Unused tactic linter: `change
  ∀ R N : ℕ, 0 < N → M6.Transfer.addressLocations R N ≤ 2 ^ (M6.Transfer.addressBits R N)` does nothing

Note: This linter can be disabled with `set_option linter.unusedTactic false`
warning: M6FinalDependencies.lean:2897:34: this tactic is never executed

Note: This linter can be disabled with `set_option linter.unreachableTactic false`
warning: M6FinalDependencies.lean:2897:34: Unused tactic linter: `nlinarith` does nothing

Note: This linter can be disabled with `set_option linter.unusedTactic false`
warning: M6FinalDependencies.lean:2902:45: This simp argument is unused:
  Fintype.card_fun

Hint: Omit it from the simp argument list.
  [apply] simp [M6.Transfer.Memory, M6.Transfer.Bit, ZMod.card]

Note: This linter can be disabled with `set_option linter.unusedSimpArgs false`
warning: M6FinalDependencies.lean:2900:2: Unused tactic linter: `change ∀ R : ℕ, Fintype.card (M6.Transfer.Memory R) = 2 ^ R` does nothing

Note: This linter can be disabled with `set_option linter.unusedTactic false`
warning: M6FinalDependencies.lean:2905:2: Unused tactic linter: `change ∀ R N : ℕ, R < N → M6.Transfer.traceStorageModel R N ≤ 128 * N ^ 2 * 2 ^ R` does nothing

Note: This linter can be disabled with `set_option linter.unusedTactic false`
warning: M6FinalDependencies.lean:2940:2: Unused tactic linter: `change ∀ R N : ℕ, M6.Transfer.traceCoefficientOps R N = 6 * N * (2 * N + 1) * 4 ^ R` does nothing

Note: This linter can be disabled with `set_option linter.unusedTactic false`
warning: M6FinalDependencies.lean:2951:2: Unused tactic linter: `change ∀ R N : ℕ, R < N → M6.Transfer.traceWorkModel R N ≤ 4096 * N ^ 3 * 4 ^ R` does nothing

Note: This linter can be disabled with `set_option linter.unusedTactic false`
warning: M6FinalDependencies.lean:3013:26: This simp argument is unused:
  M6.Transfer.state_count

Hint: Omit it from the simp argument list.
  [apply] simp

Note: This linter can be disabled with `set_option linter.unusedSimpArgs false`
warning: M6FinalDependencies.lean:3018:2: Unused tactic linter: `change
  ∀ (p : Polynomial ℤ) (L : ℕ), (∑ d : Fin L, (p.coeff d.val).natAbs) ≤ M6.Transfer.polynomialMass p` does nothing

Note: This linter can be disabled with `set_option linter.unusedTactic false`
warning: M6FinalDependencies.lean:3041:2: Unused tactic linter: `change
  ∀ (R N : ℕ) (v : M6.Transfer.Memory R → Polynomial ℤ),
    M6.Transfer.arrayMass (M6.Transfer.encodeCoefficients (N := N) v) ≤ M6.Transfer.rowMass v` does nothing

Note: This linter can be disabled with `set_option linter.unusedTactic false`
warning: M6FinalDependencies.lean:3069:57: This simp argument is unused:
  mul_left_comm

Hint: Omit it from the simp argument list.
  [apply] simp [M6.Transfer.Bit, ← Finset.mul_sum, mul_comm, mul_assoc]

Note: This linter can be disabled with `set_option linter.unusedSimpArgs false`
warning: M6FinalDependencies.lean:3069:72: This simp argument is unused:
  mul_assoc

Hint: Omit it from the simp argument list.
  [apply] simp [M6.Transfer.Bit, ← Finset.mul_sum, mul_comm, mul_left_comm]

Note: This linter can be disabled with `set_option linter.unusedSimpArgs false`
warning: M6FinalDependencies.lean:3069:83: Used `tac1 <;> tac2` where `(tac1; tac2)` would suffice

Note: This linter can be disabled with `set_option linter.unnecessarySeqFocus false`
warning: M6FinalDependencies.lean:3051:2: Unused tactic linter: `change
  ∀ (R N : ℕ) (W : M6.Transfer.Memory R → M6.Transfer.Bit → Polynomial ℤ) (input : M6.Transfer.CoefficientArray R N),
    (∀ m t, M6.Transfer.polynomialMass (W m t) ≤ 4) →
      M6.Transfer.eventMass W input ≤ 8 * M6.Transfer.arrayMass input` does nothing

Note: This linter can be disabled with `set_option linter.unusedTactic false`
warning: M6FinalDependencies.lean:3126:2: Unused tactic linter: `change ∀ R N : ℕ, 2 ^ R * 8 ^ N < 2 ^ (M6.Transfer.coefficientBits R N - 1)` does nothing

Note: This linter can be disabled with `set_option linter.unusedTactic false`
warning: M6FinalDependencies.lean:3154:42: This simp argument is unused:
  M6.Transfer.state_count

Hint: Omit it from the simp argument list.
  [apply] simp [M6.Transfer.scatterEventList, M6.Transfer.ScatterEvent, Fintype.card_prod, M6.Transfer.Bit, mul_assoc,
    mul_comm, mul_left_comm]

Note: This linter can be disabled with `set_option linter.unusedSimpArgs false`
warning: M6FinalDependencies.lean:3155:6: This simp argument is unused:
  mul_assoc

Hint: Omit it from the simp argument list.
  [apply] simp [M6.Transfer.scatterEventList, M6.Transfer.ScatterEvent, Fintype.card_prod, M6.Transfer.Bit,
    M6.Transfer.state_count, mul_comm, mul_left_comm]

Note: This linter can be disabled with `set_option linter.unusedSimpArgs false`
warning: M6FinalDependencies.lean:3155:42: Used `tac1 <;> tac2` where `(tac1; tac2)` would suffice

Note: This linter can be disabled with `set_option linter.unnecessarySeqFocus false`
warning: M6FinalDependencies.lean:3135:2: Unused tactic linter: `change ∀ R N : ℕ, R < N → M6.Transfer.actualTraceStorage R N ≤ 4096 * N ^ 2 * 2 ^ R` does nothing

Note: This linter can be disabled with `set_option linter.unusedTactic false`
warning: M6FinalDependencies.lean:3176:2: Unused tactic linter: `change ∀ R N : ℕ, R < N → M6.Transfer.actualTraceWork R N ≤ 16384 * N ^ 3 * 4 ^ R` does nothing

Note: This linter can be disabled with `set_option linter.unusedTactic false`
warning: M6FinalDependencies.lean:3231:4: Used `tac1 <;> tac2` where `(tac1; tac2)` would suffice

Note: This linter can be disabled with `set_option linter.unnecessarySeqFocus false`
warning: M6FinalDependencies.lean:3215:2: Unused tactic linter: `change
  ∀ R N : ℕ, R < N → M6.Transfer.actualTraceStorage R N < 2 ^ (M6.Transfer.actualAddressBits R N)` does nothing

Note: This linter can be disabled with `set_option linter.unusedTactic false`
warning: M6FinalDependencies.lean:3316:33: This simp argument is unused:
  M6.Transfer.actualAddressBits

Hint: Omit it from the simp argument list.
  [apply] simp only [M6.Transfer.pairedQueryStorage, M6.Transfer.queryCoefficientBits, M6.Transfer.coefficientBits,
    M6.Transfer.PostEvent, Fintype.card_prod, Fintype.card_fin]

Note: This linter can be disabled with `set_option linter.unusedSimpArgs false`
warning: M6FinalDependencies.lean:3317:4: This simp argument is unused:
  M6.Transfer.PostEvent

Hint: Omit it from the simp argument list.
  [apply] simp only [M6.Transfer.pairedQueryStorage, M6.Transfer.queryCoefficientBits, M6.Transfer.coefficientBits,
    M6.Transfer.actualAddressBits, Fintype.card_prod, Fintype.card_fin]

Note: This linter can be disabled with `set_option linter.unusedSimpArgs false`
warning: M6FinalDependencies.lean:3317:27: This simp argument is unused:
  Fintype.card_prod

Hint: Omit it from the simp argument list.
  [apply] simp only [M6.Transfer.pairedQueryStorage, M6.Transfer.queryCoefficientBits, M6.Transfer.coefficientBits,
    M6.Transfer.actualAddressBits, M6.Transfer.PostEvent, Fintype.card_fin]

Note: This linter can be disabled with `set_option linter.unusedSimpArgs false`
warning: M6FinalDependencies.lean:3317:46: This simp argument is unused:
  Fintype.card_fin

Hint: Omit it from the simp argument list.
  [apply] simp only [M6.Transfer.pairedQueryStorage, M6.Transfer.queryCoefficientBits, M6.Transfer.coefficientBits,
    M6.Transfer.actualAddressBits, M6.Transfer.PostEvent, Fintype.card_prod]

Note: This linter can be disabled with `set_option linter.unusedSimpArgs false`
warning: M6FinalDependencies.lean:3320:4: this tactic is never executed

Note: This linter can be disabled with `set_option linter.unreachableTactic false`
warning: M6FinalDependencies.lean:3324:4: this tactic is never executed

Note: This linter can be disabled with `set_option linter.unreachableTactic false`
warning: M6FinalDependencies.lean:3300:2: Unused tactic linter: `change ∀ R N : ℕ, R < N → M6.Transfer.pairedQueryStorage R N ≤ 8192 * N ^ 2 * 2 ^ R` does nothing

Note: This linter can be disabled with `set_option linter.unusedTactic false`
warning: M6FinalDependencies.lean:3320:4: Unused tactic linter: `simp only [M6.Transfer.actualTraceStorage, M6.Transfer.traceStorageModel,
  M6.Transfer.coefficientBits, M6.Transfer.actualAddressBits, M6.Transfer.addressBits, M6.Transfer.CoefficientAddress,
  Fintype.card_prod, Fintype.card_fin, M6.Transfer.state_count]` does nothing

Note: This linter can be disabled with `set_option linter.unusedTactic false`
warning: M6FinalDependencies.lean:3324:4: Unused tactic linter: `nlinarith` does nothing

Note: This linter can be disabled with `set_option linter.unusedTactic false`
warning: M6FinalDependencies.lean:3341:6: This simp argument is unused:
  M6.Transfer.actualAddressBits

Hint: Omit it from the simp argument list.
  [apply] simp [M6.Transfer.postWork, M6.Transfer.PostEvent, M6.Transfer.queryCoefficientBits,
    M6.Transfer.coefficientBits, M6.Transfer.addressBits]

Note: This linter can be disabled with `set_option linter.unusedSimpArgs false`
warning: M6FinalDependencies.lean:3341:37: This simp argument is unused:
  M6.Transfer.addressBits

Hint: Omit it from the simp argument list.
  [apply] simp [M6.Transfer.postWork, M6.Transfer.PostEvent, M6.Transfer.queryCoefficientBits,
    M6.Transfer.coefficientBits, M6.Transfer.actualAddressBits]

Note: This linter can be disabled with `set_option linter.unusedSimpArgs false`
warning: M6FinalDependencies.lean:3342:4: Used `tac1 <;> tac2` where `(tac1; tac2)` would suffice

Note: This linter can be disabled with `set_option linter.unnecessarySeqFocus false`
warning: M6FinalDependencies.lean:3327:2: Unused tactic linter: `change ∀ R N : ℕ, R < N → M6.Transfer.pairedQueryWork R N ≤ 40000 * N ^ 3 * 4 ^ R` does nothing

Note: This linter can be disabled with `set_option linter.unusedTactic false`
warning: M6FinalDependencies.lean:3349:31: This simp argument is unused:
  M6.Transfer.Bit

Hint: Omit it from the simp argument list.
  [apply] simp [M6.Transfer.PostEvent, Fintype.card_prod]

Note: This linter can be disabled with `set_option linter.unusedSimpArgs false`
warning: M6FinalDependencies.lean:3349:67: Used `tac1 <;> tac2` where `(tac1; tac2)` would suffice

Note: This linter can be disabled with `set_option linter.unnecessarySeqFocus false`
warning: M6FinalDependencies.lean:3347:2: Unused tactic linter: `change ∀ N : ℕ, Fintype.card (M6.Transfer.PostEvent N) = 4 * (2 * N + 1)` does nothing

Note: This linter can be disabled with `set_option linter.unusedTactic false`
warning: M6FinalDependencies.lean:3365:34: This simp argument is unused:
  M6.Transfer.pinMaintenanceWork

Hint: Omit it from the simp argument list.
  [apply] simp [M6.Transfer.distanceWork, M6.Transfer.PostEvent, M6.Transfer.queryCoefficientBits,
    M6.Transfer.coefficientBits, M6.Transfer.actualAddressBits, M6.Transfer.addressBits]

Note: This linter can be disabled with `set_option linter.unusedSimpArgs false`
warning: M6FinalDependencies.lean:3366:4: This simp argument is unused:
  M6.Transfer.PostEvent

Hint: Omit it from the simp argument list.
  [apply] simp [M6.Transfer.distanceWork, M6.Transfer.pinMaintenanceWork, M6.Transfer.queryCoefficientBits,
    M6.Transfer.coefficientBits, M6.Transfer.actualAddressBits, M6.Transfer.addressBits]

Note: This linter can be disabled with `set_option linter.unusedSimpArgs false`
warning: M6FinalDependencies.lean:3366:27: This simp argument is unused:
  M6.Transfer.queryCoefficientBits

Hint: Omit it from the simp argument list.
  [apply] simp [M6.Transfer.distanceWork, M6.Transfer.pinMaintenanceWork, M6.Transfer.PostEvent,
    M6.Transfer.coefficientBits, M6.Transfer.actualAddressBits, M6.Transfer.addressBits]

Note: This linter can be disabled with `set_option linter.unusedSimpArgs false`
warning: M6FinalDependencies.lean:3367:4: This simp argument is unused:
  M6.Transfer.coefficientBits

Hint: Omit it from the simp argument list.
  [apply] simp [M6.Transfer.distanceWork, M6.Transfer.pinMaintenanceWork, M6.Transfer.PostEvent,
    M6.Transfer.queryCoefficientBits, M6.Transfer.actualAddressBits, M6.Transfer.addressBits]

Note: This linter can be disabled with `set_option linter.unusedSimpArgs false`
warning: M6FinalDependencies.lean:3367:33: This simp argument is unused:
  M6.Transfer.actualAddressBits

Hint: Omit it from the simp argument list.
  [apply] simp [M6.Transfer.distanceWork, M6.Transfer.pinMaintenanceWork, M6.Transfer.PostEvent,
    M6.Transfer.queryCoefficientBits, M6.Transfer.coefficientBits, M6.Transfer.addressBits]

Note: This linter can be disabled with `set_option linter.unusedSimpArgs false`
warning: M6FinalDependencies.lean:3368:4: This simp argument is unused:
  M6.Transfer.addressBits

Hint: Omit it from the simp argument list.
  [apply] simp [M6.Transfer.distanceWork, M6.Transfer.pinMaintenanceWork, M6.Transfer.PostEvent,
    M6.Transfer.queryCoefficientBits, M6.Transfer.coefficientBits, M6.Transfer.actualAddressBits]

Note: This linter can be disabled with `set_option linter.unusedSimpArgs false`
warning: M6FinalDependencies.lean:3369:2: Used `tac1 <;> tac2` where `(tac1; tac2)` would suffice

Note: This linter can be disabled with `set_option linter.unnecessarySeqFocus false`
warning: M6FinalDependencies.lean:3352:2: Unused tactic linter: `change
  ∀ R N e : ℕ, R < N → e ≤ 180 * (N + 1) ^ 3 → M6.Transfer.distanceWork R N e ≤ 50000 * N ^ 3 * 4 ^ R` does nothing

Note: This linter can be disabled with `set_option linter.unusedTactic false`
warning: M6FinalDependencies.lean:3384:39: This simp argument is unused:
  M6.Transfer.queryCoefficientBits

Hint: Omit it from the simp argument list.
  [apply] simp only [M6.Transfer.solveStorage, M6.Transfer.coefficientBits, M6.Transfer.actualAddressBits,
    M6.Transfer.PostEvent, Fintype.card_prod, Fintype.card_fin]

Note: This linter can be disabled with `set_option linter.unusedSimpArgs false`
warning: M6FinalDependencies.lean:3385:4: This simp argument is unused:
  M6.Transfer.coefficientBits

Hint: Omit it from the simp argument list.
  [apply] simp only [M6.Transfer.solveStorage, M6.Transfer.queryCoefficientBits, M6.Transfer.actualAddressBits,
    M6.Transfer.PostEvent, Fintype.card_prod, Fintype.card_fin]

Note: This linter can be disabled with `set_option linter.unusedSimpArgs false`
warning: M6FinalDependencies.lean:3385:33: This simp argument is unused:
  M6.Transfer.actualAddressBits

Hint: Omit it from the simp argument list.
  [apply] simp only [M6.Transfer.solveStorage, M6.Transfer.queryCoefficientBits, M6.Transfer.coefficientBits,
    M6.Transfer.PostEvent, Fintype.card_prod, Fintype.card_fin]

Note: This linter can be disabled with `set_option linter.unusedSimpArgs false`
warning: M6FinalDependencies.lean:3386:4: This simp argument is unused:
  M6.Transfer.PostEvent

Hint: Omit it from the simp argument list.
  [apply] simp only [M6.Transfer.solveStorage, M6.Transfer.queryCoefficientBits, M6.Transfer.coefficientBits,
    M6.Transfer.actualAddressBits, Fintype.card_prod, Fintype.card_fin]

Note: This linter can be disabled with `set_option linter.unusedSimpArgs false`
warning: M6FinalDependencies.lean:3386:27: This simp argument is unused:
  Fintype.card_prod

Hint: Omit it from the simp argument list.
  [apply] simp only [M6.Transfer.solveStorage, M6.Transfer.queryCoefficientBits, M6.Transfer.coefficientBits,
    M6.Transfer.actualAddressBits, M6.Transfer.PostEvent, Fintype.card_fin]

Note: This linter can be disabled with `set_option linter.unusedSimpArgs false`
warning: M6FinalDependencies.lean:3386:46: This simp argument is unused:
  Fintype.card_fin

Hint: Omit it from the simp argument list.
  [apply] simp only [M6.Transfer.solveStorage, M6.Transfer.queryCoefficientBits, M6.Transfer.coefficientBits,
    M6.Transfer.actualAddressBits, M6.Transfer.PostEvent, Fintype.card_prod]

Note: This linter can be disabled with `set_option linter.unusedSimpArgs false`
warning: M6FinalDependencies.lean:3372:2: Unused tactic linter: `change
  ∀ R N slots : ℕ,
    R < N → slots ≤ 512 * (N + 1) ^ 2 → M6.Transfer.solveStorage R N slots ≤ 16384 * N ^ 2 * 2 ^ R` does nothing

Note: This linter can be disabled with `set_option linter.unusedTactic false`
warning: M6FinalDependencies.lean:3425:33: This simp argument is unused:
  M6.Transfer.distanceWork

Hint: Omit it from the simp argument list.
  [apply] simp [M6.Transfer.witnessWork, M6.Transfer.pinMaintenanceWork, M6.Transfer.queryCoefficientBits,
    M6.Transfer.coefficientBits, M6.Transfer.actualAddressBits, M6.Transfer.addressBits]

Note: This linter can be disabled with `set_option linter.unusedSimpArgs false`
warning: M6FinalDependencies.lean:3427:33: This simp argument is unused:
  M6.Transfer.actualAddressBits

Hint: Omit it from the simp argument list.
  [apply] simp [M6.Transfer.witnessWork, M6.Transfer.distanceWork, M6.Transfer.pinMaintenanceWork,
    M6.Transfer.queryCoefficientBits, M6.Transfer.coefficientBits, M6.Transfer.addressBits]

Note: This linter can be disabled with `set_option linter.unusedSimpArgs false`
warning: M6FinalDependencies.lean:3428:4: This simp argument is unused:
  M6.Transfer.addressBits

Hint: Omit it from the simp argument list.
  [apply] simp [M6.Transfer.witnessWork, M6.Transfer.distanceWork, M6.Transfer.pinMaintenanceWork,
    M6.Transfer.queryCoefficientBits, M6.Transfer.coefficientBits, M6.Transfer.actualAddressBits]

Note: This linter can be disabled with `set_option linter.unusedSimpArgs false`
warning: M6FinalDependencies.lean:3429:2: Used `tac1 <;> tac2` where `(tac1; tac2)` would suffice

Note: This linter can be disabled with `set_option linter.unnecessarySeqFocus false`
warning: M6FinalDependencies.lean:3390:2: Unused tactic linter: `change
  ∀ R N e k : ℕ,
    R < N → e ≤ 180 * (N + 1) ^ 3 → k ≤ 2 * N → M6.Transfer.witnessWork R N e k ≤ 200000 * N ^ 4 * 4 ^ R` does nothing

Note: This linter can be disabled with `set_option linter.unusedTactic false`
warning: M6FinalDependencies.lean:3435:6: `Polynomial.finset_sum_coeff` has been deprecated: Use `Polynomial.finsetSum_coeff` instead
warning: M6FinalDependencies.lean:3467:13: `Polynomial.finset_sum_coeff` has been deprecated: Use `Polynomial.finsetSum_coeff` instead
warning: M6FinalDependencies.lean:3494:2: Unused tactic linter: `change
  ∀ (R N : ℕ) (z w : ℤ) (j k : ℕ),
    z.natAbs ≤ 2 ^ R * 8 ^ N →
      w.natAbs ≤ 2 ^ R * 8 ^ N →
        (z / (2 : ℤ) ^ j - w / (2 : ℤ) ^ k).natAbs < 2 ^ (M6.Transfer.queryCoefficientBits R N - 1)` does nothing

Note: This linter can be disabled with `set_option linter.unusedTactic false`
warning: M6FinalDependencies.lean:3543:2: Unused tactic linter: `change ∀ p : M6.Euclid.BP, (p ≠ 0 → p.Monic) ∧ normalize p = p` does nothing

Note: This linter can be disabled with `set_option linter.unusedTactic false`
warning: M6FinalDependencies.lean:3562:67: This simp argument is unused:
  add_assoc

Hint: Omit it from the simp argument list.
  [apply] simp [M6.Euclid.cancel, sub_eq_add_neg, add_comm, add_left_comm]

Note: This linter can be disabled with `set_option linter.unusedSimpArgs false`
warning: M6FinalDependencies.lean:3559:2: Unused tactic linter: `change ∀ p q : M6.Euclid.BP, M6.Euclid.cancel p q % q = p % q` does nothing

Note: This linter can be disabled with `set_option linter.unusedTactic false`
warning: M6FinalDependencies.lean:3565:2: Unused tactic linter: `change
  ∀ (N : ℕ) (p q : M6.Euclid.BP),
    M6.Euclid.rank p ≤ N + 1 →
      M6.Euclid.rank q ≤ N + 1 → M6.Euclid.dense N p = M6.Euclid.dense N q → p = q` does nothing

Note: This linter can be disabled with `set_option linter.unusedTactic false`
warning: M6FinalDependencies.lean:3590:2: Unused tactic linter: `change
  ∀ (width : ℕ) (p : M6.Euclid.BP),
    M6.Euclid.rank p ≤ width → M6.Euclid.scanRank width p = M6.Euclid.rank p` does nothing

Note: This linter can be disabled with `set_option linter.unusedTactic false`
warning: M6FinalDependencies.lean:3623:2: Unused tactic linter: `change
  ∀ p q : M6.Euclid.BP,
    (M6.Euclid.rank p < M6.Euclid.rank q ↔ p.degree < q.degree) ∧
      (M6.Euclid.rank p ≤ M6.Euclid.rank q ↔ p.degree ≤ q.degree)` does nothing

Note: This linter can be disabled with `set_option linter.unusedTactic false`
warning: M6FinalDependencies.lean:3646:39: This simp argument is unused:
  Nat.add_assoc

Hint: Omit it from the simp argument list.
  [apply] simp [ih, Nat.mul_add, Nat.add_comm, Nat.add_left_comm]

Note: This linter can be disabled with `set_option linter.unusedSimpArgs false`
warning: M6FinalDependencies.lean:3636:2: Unused tactic linter: `change
  ∀ (fuel : ℕ) (p q : M6.Euclid.BP),
    (M6.Euclid.remainderAux fuel p q).passes = 2 * (M6.Euclid.remainderAux fuel p q).cancellations + 1` does nothing

Note: This linter can be disabled with `set_option linter.unusedTactic false`
warning: M6FinalDependencies.lean:3649:2: Unused tactic linter: `change
  ∀ width : ℕ,
    M6.Euclid.scanCost width = width * (6 * width + 4) ∧
      (0 < width → M6.Euclid.scanCost width ≤ 10 * width ^ 2)` does nothing

Note: This linter can be disabled with `set_option linter.unusedTactic false`
warning: M6FinalDependencies.lean:3670:2: Unused tactic linter: `change
  ∀ p q : M6.Euclid.BP,
    p ≠ 0 → q ≠ 0 → q.degree ≤ p.degree → M6.Euclid.rank (M6.Euclid.cancel p q) < M6.Euclid.rank p` does nothing

Note: This linter can be disabled with `set_option linter.unusedTactic false`
warning: M6FinalDependencies.lean:3684:32: This simp argument is unused:
  mul_comm

Hint: Omit it from the simp argument list.
  [apply] simp [M6.Euclid.cancel, hl, mul_left_comm, mul_assoc]

Note: This linter can be disabled with `set_option linter.unusedSimpArgs false`
warning: M6FinalDependencies.lean:3684:42: This simp argument is unused:
  mul_left_comm

Hint: Omit it from the simp argument list.
  [apply] simp [M6.Euclid.cancel, hl, mul_comm, mul_assoc]

Note: This linter can be disabled with `set_option linter.unusedSimpArgs false`
warning: M6FinalDependencies.lean:3684:57: This simp argument is unused:
  mul_assoc

Hint: Omit it from the simp argument list.
  [apply] simp [M6.Euclid.cancel, hl, mul_comm, mul_left_comm]

Note: This linter can be disabled with `set_option linter.unusedSimpArgs false`
warning: M6FinalDependencies.lean:3679:2: Unused tactic linter: `change ∀ (N : ℕ) (p q : M6.Euclid.BP), p ≠ 0 → _` does nothing

Note: This linter can be disabled with `set_option linter.unusedTactic false`
warning: M6FinalDependencies.lean:3702:136: Used `tac1 <;> tac2` where `(tac1; tac2)` would suffice

Note: This linter can be disabled with `set_option linter.unnecessarySeqFocus false`
warning: M6FinalDependencies.lean:3692:2: Unused tactic linter: `change
  ∀ (fuel : ℕ) (p q : M6.Euclid.BP),
    (M6.Euclid.euclidAux fuel p q).passes =
      2 * (M6.Euclid.euclidAux fuel p q).cancellations + 3 * (M6.Euclid.euclidAux fuel p q).rounds + 1` does nothing

Note: This linter can be disabled with `set_option linter.unusedTactic false`
warning: M6FinalDependencies.lean:3705:2: Unused tactic linter: `change ∀ p q : M6.Euclid.BP, EuclideanDomain.gcd q p = GCDMonoid.gcd p q` does nothing

Note: This linter can be disabled with `set_option linter.unusedTactic false`
warning: M6FinalDependencies.lean:3720:59: this tactic is never executed

Note: This linter can be disabled with `set_option linter.unreachableTactic false`
warning: M6FinalDependencies.lean:3718:2: Unused tactic linter: `change
  ∀ p q : M6.Euclid.BP,
    (M6.Euclid.euclid p q).passes =
      2 * (M6.Euclid.euclid p q).cancellations + 3 * (M6.Euclid.euclid p q).rounds + 2` does nothing

Note: This linter can be disabled with `set_option linter.unusedTactic false`
warning: M6FinalDependencies.lean:3720:59: Unused tactic linter: `omega` does nothing

Note: This linter can be disabled with `set_option linter.unusedTactic false`
warning: M6FinalDependencies.lean:3723:2: Unused tactic linter: `change
  ∀ (fuel : ℕ) (p q : M6.Euclid.BP),
    M6.Euclid.rank p ≤ fuel →
      (M6.Euclid.remainderAux fuel p q).value = p % q ∧
        (M6.Euclid.remainderAux fuel p q).cancellations + M6.Euclid.rank (M6.Euclid.remainderAux fuel p q).value ≤
          M6.Euclid.rank p` does nothing

Note: This linter can be disabled with `set_option linter.unusedTactic false`
warning: M6FinalDependencies.lean:3755:2: Unused tactic linter: `change
  ∀ (fuel : ℕ) (p q : M6.Euclid.BP) (width : ℕ),
    M6.Euclid.rank p ≤ width → M6.Euclid.rank q ≤ width → M6.Euclid.remainderSafe fuel p q width` does nothing

Note: This linter can be disabled with `set_option linter.unusedTactic false`
warning: M6FinalDependencies.lean:3777:2: Unused tactic linter: `change
  ∀ p q : M6.Euclid.BP,
    (M6.Euclid.remainder p q).value = p % q ∧
      (M6.Euclid.remainder p q).cancellations + M6.Euclid.rank (M6.Euclid.remainder p q).value ≤ M6.Euclid.rank p ∧
        (q ≠ 0 → M6.Euclid.rank (M6.Euclid.remainder p q).value < M6.Euclid.rank q)` does nothing

Note: This linter can be disabled with `set_option linter.unusedTactic false`
warning: M6FinalDependencies.lean:3799:82: This simp argument is unused:
  (M6.Euclid.binary_normalization p).2

Hint: Omit it from the simp argument list.
  [apply] simp [M6.Euclid.euclidAux, M6.Euclid.rank, EuclideanDomain.gcd_zero_left]

Note: This linter can be disabled with `set_option linter.unusedSimpArgs false`
warning: M6FinalDependencies.lean:3789:2: Unused tactic linter: `change
  ∀ (fuel : ℕ) (p q : M6.Euclid.BP),
    M6.Euclid.rank q < fuel →
      (M6.Euclid.euclidAux fuel p q).value = EuclideanDomain.gcd q p ∧
        (M6.Euclid.euclidAux fuel p q).cancellations + M6.Euclid.rank (M6.Euclid.euclidAux fuel p q).value ≤
            M6.Euclid.rank p + M6.Euclid.rank q ∧
          (M6.Euclid.euclidAux fuel p q).rounds ≤ M6.Euclid.rank q` does nothing

Note: This linter can be disabled with `set_option linter.unusedTactic false`
warning: M6FinalDependencies.lean:3818:6: try 'simp' instead of 'simpa'

Note: This linter can be disabled with `set_option linter.unnecessarySimpa false`
warning: M6FinalDependencies.lean:3822:8: try 'simp' instead of 'simpa'

Note: This linter can be disabled with `set_option linter.unnecessarySimpa false`
warning: M6FinalDependencies.lean:3813:2: Unused tactic linter: `change
  ∀ (fuel : ℕ) (p q : M6.Euclid.BP),
    M6.Euclid.rank (M6.Euclid.euclidAux fuel p q).value ≤ max (M6.Euclid.rank p) (M6.Euclid.rank q)` does nothing

Note: This linter can be disabled with `set_option linter.unusedTactic false`
warning: M6FinalDependencies.lean:3830:2: Unused tactic linter: `change
  ∀ (fuel : ℕ) (p q : M6.Euclid.BP) (width : ℕ),
    M6.Euclid.rank p ≤ width → M6.Euclid.rank q ≤ width → M6.Euclid.euclidSafe fuel p q width` does nothing

Note: This linter can be disabled with `set_option linter.unusedTactic false`
warning: M6FinalDependencies.lean:3850:2: Unused tactic linter: `change
  ∀ p q : M6.Euclid.BP,
    (M6.Euclid.euclid p q).value = GCDMonoid.gcd p q ∧
      (M6.Euclid.euclid p q).cancellations ≤ M6.Euclid.rank p + M6.Euclid.rank q ∧
        (M6.Euclid.euclid p q).rounds ≤ M6.Euclid.rank q` does nothing

Note: This linter can be disabled with `set_option linter.unusedTactic false`
warning: M6FinalDependencies.lean:3859:2: Unused tactic linter: `change
  ∀ (N : ℕ) (p q : M6.Euclid.BP),
    p.natDegree ≤ N →
      q.natDegree ≤ N →
        M6.Euclid.bitCost N p q ≤ 90 * (N + 1) ^ 3 ∧
          M6.Euclid.euclidSafe (M6.Euclid.rank q + 1) p q (N + 1)` does nothing

Note: This linter can be disabled with `set_option linter.unusedTactic false`
warning: M6FinalDependencies.lean:3885:2: Unused tactic linter: `change
  ∀ (N : ℕ) (a b M : M6.Euclid.BP),
    a.natDegree ≤ N →
      b.natDegree ≤ N →
        M.natDegree ≤ N →
          (M6.Euclid.preprocess a b M).value = GCDMonoid.gcd (GCDMonoid.gcd a b) M ∧
            M6.Euclid.preprocessBitCost N a b M ≤ 180 * (N + 1) ^ 3` does nothing

Note: This linter can be disabled with `set_option linter.unusedTactic false`
warning: M6FinalDependencies.lean:4240:2: Unused tactic linter: `change
  ∀ (width v : ℕ), v ≤ 32 * width → v < 2 ^ (M6.EuclidStorage.registerBits width)` does nothing

Note: This linter can be disabled with `set_option linter.unusedTactic false`
warning: M6FinalDependencies.lean:4252:150: Used `tac1 <;> tac2` where `(tac1; tac2)` would suffice

Note: This linter can be disabled with `set_option linter.unnecessarySeqFocus false`
warning: M6FinalDependencies.lean:4249:2: Unused tactic linter: `change
  ∀ N : ℕ,
    M6.EuclidStorage.polynomialSlots.length = 4 ∧
      M6.EuclidStorage.controlSlots.length = 16 ∧
        M6.EuclidStorage.actualPreprocessStorage N ≤ 512 * (N + 1) ^ 2` does nothing

Note: This linter can be disabled with `set_option linter.unusedTactic false`
warning: M6FinalDependencies.lean:4268:41: This simp argument is unused:
  Nat.add_left_comm

Hint: Omit it from the simp argument list.
  [apply] simp_all [Nat.add_assoc, Nat.add_comm]

Note: This linter can be disabled with `set_option linter.unusedSimpArgs false`
warning: M6FinalDependencies.lean:4287:60: This simp argument is unused:
  List.mem_singleton

Hint: Omit it from the simp argument list.
  [apply] simp only [M6.EuclidStorage.controlValues, List.mem_cons, List.not_mem_nil, or_false, M6.Euclid.rank] at hv

Note: This linter can be disabled with `set_option linter.unusedSimpArgs false`
warning: M6FinalDependencies.lean:4283:2: Unused tactic linter: `change
  ∀ (width : ℕ) (s : M6.EuclidStorage.Slots) (fuel c e t : ℕ),
    M6.EuclidStorage.slotsFit width s →
      fuel ≤ 32 * width →
        c ≤ 32 * width →
          e ≤ 32 * width →
            t ≤ 32 * width →
              ∀ v ∈ M6.EuclidStorage.controlValues s fuel c e t,
                v < 2 ^ M6.EuclidStorage.registerBits width` does nothing

Note: This linter can be disabled with `set_option linter.unusedTactic false`
warning: M6FinalDependencies.lean:4312:14: `if_false` has been deprecated: Use `ite_false` instead
warning: M6FinalDependencies.lean:4359:35: This simp argument is unused:
  ite_true

Hint: Omit it from the simp argument list.
  [apply] simp only [hw, hq, hd, ite_false, false_or, or_false, false_and, and_false, true_and, and_true,
    not_false_eq_true]

Note: This linter can be disabled with `set_option linter.unusedSimpArgs false`
warning: M6FinalDependencies.lean:4359:56: This simp argument is unused:
  false_or

Hint: Omit it from the simp argument list.
  [apply] simp only [hw, hq, hd, ite_true, ite_false, or_false, false_and, and_false, true_and, and_true,
    not_false_eq_true]

Note: This linter can be disabled with `set_option linter.unusedSimpArgs false`
warning: M6FinalDependencies.lean:4360:14: This simp argument is unused:
  false_and

Hint: Omit it from the simp argument list.
  [apply] simp only [hw, hq, hd, ite_true, ite_false, false_or, or_false, and_false, true_and, and_true,
    not_false_eq_true]

Note: This linter can be disabled with `set_option linter.unusedSimpArgs false`
warning: M6FinalDependencies.lean:4360:25: This simp argument is unused:
  and_false

Hint: Omit it from the simp argument list.
  [apply] simp only [hw, hq, hd, ite_true, ite_false, false_or, or_false, false_and, true_and, and_true,
    not_false_eq_true]

Note: This linter can be disabled with `set_option linter.unusedSimpArgs false`
warning: M6FinalDependencies.lean:4360:36: This simp argument is unused:
  true_and

Hint: Omit it from the simp argument list.
  [apply] simp only [hw, hq, hd, ite_true, ite_false, false_or, or_false, false_and, and_false, and_true,
    not_false_eq_true]

Note: This linter can be disabled with `set_option linter.unusedSimpArgs false`
warning: M6FinalDependencies.lean:4360:46: This simp argument is unused:
  and_true

Hint: Omit it from the simp argument list.
  [apply] simp only [hw, hq, hd, ite_true, ite_false, false_or, or_false, false_and, and_false, true_and,
    not_false_eq_true]

Note: This linter can be disabled with `set_option linter.unusedSimpArgs false`
warning: M6FinalDependencies.lean:4360:56: This simp argument is unused:
  not_false_eq_true

Hint: Omit it from the simp argument list.
  [apply] simp only [hw, hq, hd, ite_true, ite_false, false_or, or_false, false_and, and_false, true_and, and_true]

Note: This linter can be disabled with `set_option linter.unusedSimpArgs false`
warning: M6FinalDependencies.lean:4407:46: This simp argument is unused:
  hp

Hint: Omit it from the simp argument list.
  [apply] simp only [M6.EuclidStorage.slotsFit, hq', hsaved, hwork, hcancel, hpasses, M6.Euclid.remainder, Nat.zero_add,
    Nat.add_zero, hz] at hs ⊢

Note: This linter can be disabled with `set_option linter.unusedSimpArgs false`
warning: M6FinalDependencies.lean:4408:35: This simp argument is unused:
  M6.Euclid.remainder

Hint: Omit it from the simp argument list.
  [apply] simp only [M6.EuclidStorage.slotsFit, hp, hq', hsaved, hwork, hcancel, hpasses, Nat.zero_add, Nat.add_zero,
    hz] at hs ⊢

Note: This linter can be disabled with `set_option linter.unusedSimpArgs false`
warning: M6FinalDependencies.lean:4409:24: This simp argument is unused:
  Nat.add_zero

Hint: Omit it from the simp argument list.
  [apply] simp only [M6.EuclidStorage.slotsFit, hp, hq', hsaved, hwork, hcancel, hpasses, M6.Euclid.remainder,
    Nat.zero_add, hz] at hs ⊢

Note: This linter can be disabled with `set_option linter.unusedSimpArgs false`
warning: M6FinalDependencies.lean:4409:38: This simp argument is unused:
  hz

Hint: Omit it from the simp argument list.
  [apply] simp only [M6.EuclidStorage.slotsFit, hp, hq', hsaved, hwork, hcancel, hpasses, M6.Euclid.remainder,
    Nat.zero_add, Nat.add_zero] at hs ⊢

Note: This linter can be disabled with `set_option linter.unusedSimpArgs false`
warning: M6FinalDependencies.lean:4417:37: This simp argument is unused:
  M6.Euclid.remainder

Hint: Omit it from the simp argument list.
  [apply] simp only [M6.EuclidStorage.slotsFit, hp, hq', hsaved, hwork, hcancel, hpasses, Nat.zero_add, Nat.add_zero,
    hz] at *

Note: This linter can be disabled with `set_option linter.unusedSimpArgs false`
warning: M6FinalDependencies.lean:4418:26: This simp argument is unused:
  Nat.add_zero

Hint: Omit it from the simp argument list.
  [apply] simp only [M6.EuclidStorage.slotsFit, hp, hq', hsaved, hwork, hcancel, hpasses, M6.Euclid.remainder,
    Nat.zero_add, hz] at *

Note: This linter can be disabled with `set_option linter.unusedSimpArgs false`
warning: M6FinalDependencies.lean:4467:18: This simp argument is unused:
  Nat.add_zero

Hint: Omit it from the simp argument list.
  [apply] simp only [M6.EuclidStorage.toRun, M6.EuclidStorage.offset, Nat.zero_add] at hv hc he ht

Note: This linter can be disabled with `set_option linter.unusedSimpArgs false`
warning: M6FinalDependencies.lean:4473:24: This simp argument is unused:
  Nat.add_assoc

Hint: Omit it from the simp argument list.
  [apply] simp [M6.Euclid.preprocess, M6.EuclidStorage.offset, hs, hv, hc, he, ht, Nat.add_left_comm, Nat.add_comm]

Note: This linter can be disabled with `set_option linter.unusedSimpArgs false`
warning: M6FinalDependencies.lean:4473:39: This simp argument is unused:
  Nat.add_left_comm

Hint: Omit it from the simp argument list.
  [apply] simp [M6.Euclid.preprocess, M6.EuclidStorage.offset, hs, hv, hc, he, ht, Nat.add_assoc, Nat.add_comm]

Note: This linter can be disabled with `set_option linter.unusedSimpArgs false`
warning: M6FinalDependencies.lean:4473:58: This simp argument is unused:
  Nat.add_comm

Hint: Omit it from the simp argument list.
  [apply] simp [M6.Euclid.preprocess, M6.EuclidStorage.offset, hs, hv, hc, he, ht, Nat.add_assoc, Nat.add_left_comm]

Note: This linter can be disabled with `set_option linter.unusedSimpArgs false`
warning: M6FinalDependencies.lean:4514:18: This simp argument is unused:
  Nat.add_zero

Hint: Omit it from the simp argument list.
  [apply] simp only [M6.EuclidStorage.toRun, M6.EuclidStorage.offset, Nat.zero_add] at hv hc he ht

Note: This linter can be disabled with `set_option linter.unusedSimpArgs false`
warning: M6FinalDependencies.lean:4549:2: Unused tactic linter: `change
  ∀ R N slots : ℕ,
    R < N →
      slots ≤ 512 * (N + 1) ^ 2 →
        M6.Transfer.solveStorage R N slots < 2 ^ (M6.Transfer.actualAddressBits R N)` does nothing

Note: This linter can be disabled with `set_option linter.unusedTactic false`
warning: M6FinalDependencies.lean:4576:2: Unused tactic linter: `change ∀ R N : ℕ, _` does nothing

Note: This linter can be disabled with `set_option linter.unusedTactic false`
warning: M6FinalDependencies.lean:4660:4: this tactic is never executed

Note: This linter can be disabled with `set_option linter.unreachableTactic false`
warning: M6FinalDependencies.lean:4661:4: this tactic is never executed

Note: This linter can be disabled with `set_option linter.unreachableTactic false`
warning: M6FinalDependencies.lean:4669:4: this tactic is never executed

Note: This linter can be disabled with `set_option linter.unreachableTactic false`
warning: M6FinalDependencies.lean:4670:4: this tactic is never executed

Note: This linter can be disabled with `set_option linter.unreachableTactic false`
warning: M6FinalDependencies.lean:4660:4: Unused tactic linter: `have hd := M6.Final.actual_distance_work` does nothing

Note: This linter can be disabled with `set_option linter.unusedTactic false`
warning: M6FinalDependencies.lean:4661:4: Unused tactic linter: `have hd := M6.actual_distance_work` does nothing

Note: This linter can be disabled with `set_option linter.unusedTactic false`
warning: M6FinalDependencies.lean:4669:4: Unused tactic linter: `have hw := M6.Final.actual_witness_work` does nothing

Note: This linter can be disabled with `set_option linter.unusedTactic false`
warning: M6FinalDependencies.lean:4670:4: Unused tactic linter: `have hw := M6.actual_witness_work` does nothing

Note: This linter can be disabled with `set_option linter.unusedTactic false`
warning: M6FinalDependencies.lean:4676:2: Unused tactic linter: `change M6.Final.FixedSpanCorrect` does nothing

Note: This linter can be disabled with `set_option linter.unusedTactic false`
warning: M6FinalDependencies.lean:4705:2: Unused tactic linter: `change M6.Final.ZeroSpanCorrect` does nothing

Note: This linter can be disabled with `set_option linter.unusedTactic false`
✔ [8852/8905] Built M7ScalarWork (18s)
⚠ [8853/8905] Built M7PrefixOrbitAccepted (21s)
warning: M7PrefixOrbitAccepted.lean:10:4: Unused tactic linter: `have hcards := M7.Action.support_cards N c g` does nothing

Note: This linter can be disabled with `set_option linter.unusedTactic false`
warning: M7PrefixOrbitAccepted.lean:10:4: this tactic is never executed

Note: This linter can be disabled with `set_option linter.unreachableTactic false`
info: M7PrefixOrbitAccepted.lean:128:0: 'M7.PrefixOrbit.class_action' depends on axioms: [propext, Classical.choice, Quot.sound]
info: M7PrefixOrbitAccepted.lean:129:0: 'M7.PrefixOrbit.gcd_bridge' depends on axioms: [propext, Classical.choice, Quot.sound]
info: M7PrefixOrbitAccepted.lean:130:0: 'M7.PrefixOrbit.prefix_anchors' depends on axioms: [propext, Classical.choice, Quot.sound]
info: M7PrefixOrbitAccepted.lean:131:0: 'M7.PrefixOrbit.membership' depends on axioms: [propext, Classical.choice, Quot.sound]
info: M7PrefixOrbitAccepted.lean:132:0: 'M7.PrefixOrbit.emitted_class_valid' depends on axioms: [propext, Classical.choice, Quot.sound]
info: M7PrefixOrbitAccepted.lean:133:0: 'M7.PrefixOrbit.source_count' depends on axioms: [propext, Classical.choice, Quot.sound]
info: M7PrefixOrbitAccepted.lean:134:0: 'M7.PrefixOrbit.residual_eq' depends on axioms: [propext, Classical.choice, Quot.sound]
info: M7PrefixOrbitAccepted.lean:135:0: 'M7.PrefixOrbit.residual_card' depends on axioms: [propext, Classical.choice, Quot.sound]
info: M7PrefixOrbitAccepted.lean:136:0: 'M7.PrefixOrbit.residual_positive' depends on axioms: [propext, Classical.choice, Quot.sound]
✔ [8854/8905] Built M7RawCoverage (22s)
✔ [8855/8905] Built M6FinalReady (22s)
✔ [8856/8905] Built M7RecoveryInstance (33s)
⚠ [8857/8905] Built M7ScalarWorkAccepted (36s)
warning: M7ScalarWorkAccepted.lean:6:94: Used `tac1 <;> tac2` where `(tac1; tac2)` would suffice

Note: This linter can be disabled with `set_option linter.unnecessarySeqFocus false`
warning: M7ScalarWorkAccepted.lean:10:2: Unused tactic linter: `change M7.ScalarWork.term D W k ≤ 128 * N ^ 4` does nothing

Note: This linter can be disabled with `set_option linter.unusedTactic false`
warning: M7ScalarWorkAccepted.lean:86:32: This simp argument is unused:
  nsmul_eq_mul

Hint: Omit it from the simp argument list.
  [apply] simp [Finset.sum_const]

Note: This linter can be disabled with `set_option linter.unusedSimpArgs false`
warning: M7ScalarWorkAccepted.lean:28:2: Unused tactic linter: `change M7.ScalarWork.prefixWork N w F A B WA WB ≤ _` does nothing

Note: This linter can be disabled with `set_option linter.unusedTactic false`
warning: M7ScalarWorkAccepted.lean:70:4: Unused tactic linter: `change 2 ^ R.card ≤ 2 ^ M7.ArithmeticLoops.factorCount N` does nothing

Note: This linter can be disabled with `set_option linter.unusedTactic false`
warning: M7ScalarWorkAccepted.lean:110:30: This simp argument is unused:
  nsmul_eq_mul

Hint: Omit it from the simp argument list.
  [apply] simp [Finset.sum_const]

Note: This linter can be disabled with `set_option linter.unusedSimpArgs false`
warning: M7ScalarWorkAccepted.lean:100:2: Unused tactic linter: `change M7.ScalarWork.sector N w E A B WA WB ≤ _` does nothing

Note: This linter can be disabled with `set_option linter.unusedTactic false`
info: M7ScalarWorkAccepted.lean:114:0: 'M7.ScalarWork.mask_positions' depends on axioms: [propext, Classical.choice, Quot.sound]
info: M7ScalarWorkAccepted.lean:115:0: 'M7.ScalarWork.term_bound' depends on axioms: [propext, Classical.choice, Quot.sound]
info: M7ScalarWorkAccepted.lean:116:0: 'M7.ScalarWork.prefix_bound' depends on axioms: [propext, Classical.choice, Quot.sound]
info: M7ScalarWorkAccepted.lean:117:0: 'M7.ScalarWork.sector_bound' depends on axioms: [propext, Classical.choice, Quot.sound]
⚠ [8858/8905] Built M7RawCoverageAccepted (38s)
warning: M7RawCoverageAccepted.lean:110:4: Unused tactic linter: `exact ⟨_, M7.CanonicalOuter.realizer_inverse c⟩` does nothing

Note: This linter can be disabled with `set_option linter.unusedTactic false`
warning: M7RawCoverageAccepted.lean:110:4: this tactic is never executed

Note: This linter can be disabled with `set_option linter.unreachableTactic false`
info: M7RawCoverageAccepted.lean:111:0: 'M7.RawCoverage.root_within' depends on axioms: [propext, Classical.choice, Quot.sound]
info: M7RawCoverageAccepted.lean:112:0: 'M7.RawCoverage.root_membership' depends on axioms: [propext, Classical.choice, Quot.sound]
info: M7RawCoverageAccepted.lean:113:0: 'M7.RawCoverage.translate_signature' depends on axioms: [propext, Classical.choice, Quot.sound]
info: M7RawCoverageAccepted.lean:114:0: 'M7.RawCoverage.translate_supports' depends on axioms: [propext, Classical.choice, Quot.sound]
info: M7RawCoverageAccepted.lean:115:0: 'M7.RawCoverage.raw_anchor' depends on axioms: [propext, Classical.choice, Quot.sound]
info: M7RawCoverageAccepted.lean:116:0: 'M7.RawCoverage.remaining_coverage' depends on axioms: [propext, Classical.choice, Quot.sound]
✔ [8859/8905] Built M7Transport (39s)
⚠ [8860/8905] Built M6FinalSealAccepted (45s)
warning: M6FinalSealAccepted.lean:11:2: Unused tactic linter: `change M6.Final.OriginalM6` does nothing

Note: This linter can be disabled with `set_option linter.unusedTactic false`
info: M6FinalSealAccepted.lean:15:0: 'M6.Final.recipe_correct' depends on axioms: [propext, Classical.choice, Quot.sound]
info: M6FinalSealAccepted.lean:16:0: 'M6.Final.storage_correct' depends on axioms: [propext, Classical.choice, Quot.sound]
info: M6FinalSealAccepted.lean:17:0: 'M6.Final.original_m6' depends on axioms: [propext, Classical.choice, Quot.sound]
⚠ [8861/8905] Built M7RecoveryInstanceAccepted (52s)
warning: M7RecoveryInstanceAccepted.lean:15:33: Unused tactic linter: `exact hB.2` does nothing

Note: This linter can be disabled with `set_option linter.unusedTactic false`
warning: M7RecoveryInstanceAccepted.lean:15:33: this tactic is never executed

Note: This linter can be disabled with `set_option linter.unreachableTactic false`
warning: M7RecoveryInstanceAccepted.lean:92:25: Unused tactic linter: `exact hB.2` does nothing

Note: This linter can be disabled with `set_option linter.unusedTactic false`
warning: M7RecoveryInstanceAccepted.lean:92:25: this tactic is never executed

Note: This linter can be disabled with `set_option linter.unreachableTactic false`
info: M7RecoveryInstanceAccepted.lean:132:0: 'M7.RecoveryInstance.count_card' depends on axioms: [propext, Classical.choice, Quot.sound]
info: M7RecoveryInstanceAccepted.lean:133:0: 'M7.RecoveryInstance.count_partition' depends on axioms: [propext, Classical.choice, Quot.sound]
info: M7RecoveryInstanceAccepted.lean:134:0: 'M7.RecoveryInstance.positive_path' depends on axioms: [propext, Classical.choice, Quot.sound]
info: M7RecoveryInstanceAccepted.lean:135:0: 'M7.RecoveryInstance.fresh_leaf' depends on axioms: [propext, Classical.choice, Quot.sound]
info: M7RecoveryInstanceAccepted.lean:136:0: 'M7.RecoveryInstance.insert_good' depends on axioms: [propext, Classical.choice, Quot.sound]
info: M7RecoveryInstanceAccepted.lean:137:0: 'M7.RecoveryInstance.root_zero' depends on axioms: [propext, Classical.choice, Quot.sound]
info: M7RecoveryInstanceAccepted.lean:138:0: 'M7.RecoveryInstance.strict_decrease' depends on axioms: [propext, Classical.choice, Quot.sound]
⚠ [8862/8905] Built M7TransportAccepted (45s)
warning: M7TransportAccepted.lean:30:26: This simp argument is unused:
  Bool.true_eq_false

Hint: Omit it from the simp argument list.
  [apply] simp only [M7.Transport.Xmap, M7.Transport.BX, M7.Transport.CX, M7.Action.act, Bool.false_eq_true, reduceIte,
    M7.Transport.affine_indicator]

Note: This linter can be disabled with `set_option linter.unusedSimpArgs false`
warning: M7TransportAccepted.lean:42:6: This simp argument is unused:
  Bool.false_eq_true

Hint: Omit it from the simp argument list.
  [apply] simp only [M7.Transport.Xmap, M7.Transport.BX, M7.Transport.CX, M7.Action.act, Bool.true_eq_false, reduceIte,
    M7.Transport.affine_indicator]

Note: This linter can be disabled with `set_option linter.unusedSimpArgs false`
warning: M7TransportAccepted.lean:42:26: This simp argument is unused:
  Bool.true_eq_false

Hint: Omit it from the simp argument list.
  [apply] simp only [M7.Transport.Xmap, M7.Transport.BX, M7.Transport.CX, M7.Action.act, Bool.false_eq_true, reduceIte,
    M7.Transport.affine_indicator]

Note: This linter can be disabled with `set_option linter.unusedSimpArgs false`
warning: M7TransportAccepted.lean:60:2: Unused tactic linter: `change
  (M7.Transport.LX (M7.Action.act g c)).image M6.Pinned.weight =
    (M7.Transport.LX c).image M6.Pinned.weight` does nothing

Note: This linter can be disabled with `set_option linter.unusedTactic false`
warning: M7TransportAccepted.lean:129:6: Try `simp at hm` instead of `simpa using hm`

Note: This linter can be disabled with `set_option linter.unnecessarySimpa false`
info: M7TransportAccepted.lean:161:0: 'M7.Transport.affine_indicator' depends on axioms: [propext, Classical.choice, Quot.sound]
info: M7TransportAccepted.lean:162:0: 'M7.Transport.action_isometry' depends on axioms: [propext, Classical.choice, Quot.sound]
info: M7TransportAccepted.lean:163:0: 'M7.Transport.x_logical' depends on axioms: [propext, Classical.choice, Quot.sound]
info: M7TransportAccepted.lean:164:0: 'M7.Transport.weight_sets' depends on axioms: [propext, Classical.choice, Quot.sound]
info: M7TransportAccepted.lean:165:0: 'M7.Transport.distance_invariant' depends on axioms: [propext, Classical.choice, Quot.sound]
info: M7TransportAccepted.lean:166:0: 'M7.Transport.z_logical' depends on axioms: [propext, Classical.choice, Quot.sound]
info: M7TransportAccepted.lean:167:0: 'M7.Transport.actual_witness' depends on axioms: [propext, Classical.choice, Quot.sound]
✔ [8863/8905] Built M7DefaultQuery (45s)
⚠ [8864/8905] Built M7CompactGenerationAccepted (136s)
info: M7CompactGenerationAccepted.lean:11:18: Try this:
  [apply] exact CanonicalOuter.realizer_correct N
    (ResiduePrefix.decodePair N
      (PrefixBits.A N (DescentTrace.endpoint [] (DescentTrace.trace (residual w E bases) [] (PrefixBits.depth N))),
        PrefixBits.B N (DescentTrace.endpoint [] (DescentTrace.trace (residual w E bases) [] (PrefixBits.depth N)))))
info: M7CompactGenerationAccepted.lean:11:18: Try this:
  [apply] exact CanonicalOuter.realizer_inverse N
    (ResiduePrefix.decodePair N
      (PrefixBits.A N (DescentTrace.endpoint [] (DescentTrace.trace (residual w E bases) [] (PrefixBits.depth N))),
        PrefixBits.B N (DescentTrace.endpoint [] (DescentTrace.trace (residual w E bases) [] (PrefixBits.depth N)))))
warning: M7CompactGenerationAccepted.lean:27:8: this tactic is never executed

Note: This linter can be disabled with `set_option linter.unreachableTactic false`
warning: M7CompactGenerationAccepted.lean:28:8: this tactic is never executed

Note: This linter can be disabled with `set_option linter.unreachableTactic false`
warning: M7CompactGenerationAccepted.lean:29:8: this tactic is never executed

Note: This linter can be disabled with `set_option linter.unreachableTactic false`
warning: M7CompactGenerationAccepted.lean:30:8: this tactic is never executed

Note: This linter can be disabled with `set_option linter.unreachableTactic false`
warning: M7CompactGenerationAccepted.lean:31:8: this tactic is never executed

Note: This linter can be disabled with `set_option linter.unreachableTactic false`
warning: M7CompactGenerationAccepted.lean:32:8: this tactic is never executed

Note: This linter can be disabled with `set_option linter.unreachableTactic false`
warning: M7CompactGenerationAccepted.lean:33:8: this tactic is never executed

Note: This linter can be disabled with `set_option linter.unreachableTactic false`
warning: M7CompactGenerationAccepted.lean:27:8: Unused tactic linter: `exact M7.CanonicalOuter.realizer_correct c` does nothing

Note: This linter can be disabled with `set_option linter.unusedTactic false`
warning: M7CompactGenerationAccepted.lean:28:8: Unused tactic linter: `exact M7.CanonicalOuter.realizer_action N c` does nothing

Note: This linter can be disabled with `set_option linter.unusedTactic false`
warning: M7CompactGenerationAccepted.lean:29:8: Unused tactic linter: `exact M7.CanonicalOuter.realizer_action c` does nothing

Note: This linter can be disabled with `set_option linter.unusedTactic false`
warning: M7CompactGenerationAccepted.lean:30:8: Unused tactic linter: `exact M7.CanonicalOuter.realizes N c` does nothing

Note: This linter can be disabled with `set_option linter.unusedTactic false`
warning: M7CompactGenerationAccepted.lean:31:8: Unused tactic linter: `exact M7.CanonicalOuter.realizes c` does nothing

Note: This linter can be disabled with `set_option linter.unusedTactic false`
warning: M7CompactGenerationAccepted.lean:32:8: Unused tactic linter: `unfold M7.CanonicalOuter.realizer` does nothing

Note: This linter can be disabled with `set_option linter.unusedTactic false`
warning: M7CompactGenerationAccepted.lean:33:8: Unused tactic linter: `exact Classical.choose_spec _` does nothing

Note: This linter can be disabled with `set_option linter.unusedTactic false`
info: M7CompactGenerationAccepted.lean:47:4: Try this:
  [apply] exact ActualOrbit.stabilizer_positive N (emission w E bases).representative
warning: M7CompactGenerationAccepted.lean:73:45: `if_pos` has been deprecated: Use `ite_eq_left` instead
warning: M7CompactGenerationAccepted.lean:79:46: `if_neg` has been deprecated: Use `ite_eq_right` instead
warning: M7CompactGenerationAccepted.lean:94:45: `if_pos` has been deprecated: Use `ite_eq_left` instead
warning: M7CompactGenerationAccepted.lean:96:45: `if_neg` has been deprecated: Use `ite_eq_right` instead
warning: M7CompactGenerationAccepted.lean:111:45: `if_pos` has been deprecated: Use `ite_eq_left` instead
info: M7CompactGenerationAccepted.lean:124:0: 'M7.CompactGeneration.emission_action' depends on axioms: [propext, Classical.choice, Quot.sound]
info: M7CompactGenerationAccepted.lean:125:0: 'M7.CompactGeneration.emission_signature' depends on axioms: [propext, Classical.choice, Quot.sound]
info: M7CompactGenerationAccepted.lean:126:0: 'M7.CompactGeneration.emission_stabilizer' depends on axioms: [propext, Classical.choice, Quot.sound]
info: M7CompactGenerationAccepted.lean:127:0: 'M7.CompactGeneration.emission_trace' depends on axioms: [propext, Classical.choice, Quot.sound]
info: M7CompactGenerationAccepted.lean:128:0: 'M7.CompactGeneration.run_contains' depends on axioms: [propext, Classical.choice, Quot.sound]
info: M7CompactGenerationAccepted.lean:129:0: 'M7.CompactGeneration.run_fold' depends on axioms: [propext, Classical.choice, Quot.sound]
info: M7CompactGenerationAccepted.lean:130:0: 'M7.CompactGeneration.run_length' depends on axioms: [propext, Classical.choice, Quot.sound]
info: M7CompactGenerationAccepted.lean:131:0: 'M7.CompactGeneration.stop' depends on axioms: [propext, Classical.choice, Quot.sound]
✔ [8865/8905] Built M7ClosedSolve (24s)
✔ [8866/8905] Built M7GlobalQuery (26s)
⚠ [8867/8905] Built M7DefaultQueryAccepted (29s)
warning: M7DefaultQueryAccepted.lean:11:2: Unused tactic linter: `change M7.Selection.select _ _ _ _ = _` does nothing

Note: This linter can be disabled with `set_option linter.unusedTactic false`
info: M7DefaultQueryAccepted.lean:109:0: 'M7.DefaultQuery.empty_objectives' depends on axioms: [propext, Classical.choice, Quot.sound]
info: M7DefaultQueryAccepted.lean:110:0: 'M7.DefaultQuery.literal_fiber' depends on axioms: [propext, Classical.choice, Quot.sound]
info: M7DefaultQueryAccepted.lean:111:0: 'M7.DefaultQuery.noLogical_policy' depends on axioms: [propext, Classical.choice, Quot.sound]
info: M7DefaultQueryAccepted.lean:112:0: 'M7.DefaultQuery.presentation_exact' depends on axioms: [propext, Classical.choice, Quot.sound]
info: M7DefaultQueryAccepted.lean:113:0: 'M7.DefaultQuery.sector_modes' depends on axioms: [propext, Classical.choice, Quot.sound]
info: M7DefaultQueryAccepted.lean:114:0: 'M7.DefaultQuery.strict_dominator' depends on axioms: [propext, Classical.choice, Quot.sound]
info: M7DefaultQueryAccepted.lean:115:0: 'M7.DefaultQuery.winners_exact' depends on axioms: [propext, Classical.choice, Quot.sound]
info: M7DefaultQueryAccepted.lean:116:0: 'M7.DefaultQuery.invalid_rejection' depends on axioms: [propext, Classical.choice, Quot.sound]
✔ [8868/8905] Built M7CompactCorrectness (16s)
✔ [8869/8905] Built M7GenerationCalls (20s)
✔ [8870/8905] Built M7CompactStorage (20s)
ℹ [8871/8905] Built M7ClosedSolveAccepted (15s)
info: M7ClosedSolveAccepted.lean:12:0: 'M7.ClosedSolve.closed_pointwise' depends on axioms: [propext, Classical.choice, Quot.sound]
✔ [8872/8905] Built M7QueryCertificate (21s)
✔ [8873/8905] Built M7QueryRebase (22s)
⚠ [8874/8905] Built M7GlobalQueryAccepted (24s)
warning: M7GlobalQueryAccepted.lean:79:6: Try `simp at hx` instead of `simpa using hx`

Note: This linter can be disabled with `set_option linter.unnecessarySimpa false`
warning: M7GlobalQueryAccepted.lean:141:6: this tactic is never executed

Note: This linter can be disabled with `set_option linter.unreachableTactic false`
warning: M7GlobalQueryAccepted.lean:142:6: this tactic is never executed

Note: This linter can be disabled with `set_option linter.unreachableTactic false`
warning: M7GlobalQueryAccepted.lean:141:6: Unused tactic linter: `exact hsep y.1 x.1 y.2 x.2 hy.2` does nothing

Note: This linter can be disabled with `set_option linter.unusedTactic false`
warning: M7GlobalQueryAccepted.lean:142:6: Unused tactic linter: `exact hsep y.1 y.2 x.1 x.2 hy.2` does nothing

Note: This linter can be disabled with `set_option linter.unusedTactic false`
info: M7GlobalQueryAccepted.lean:147:0: 'M7.GlobalQuery.empty_objectives' depends on axioms: [propext, Classical.choice, Quot.sound]
info: M7GlobalQueryAccepted.lean:148:0: 'M7.GlobalQuery.presentation_sound' depends on axioms: [propext, Classical.choice, Quot.sound]
info: M7GlobalQueryAccepted.lean:149:0: 'M7.GlobalQuery.strict_dominator' depends on axioms: [propext, Classical.choice, Quot.sound]
info: M7GlobalQueryAccepted.lean:150:0: 'M7.GlobalQuery.winners_exact' depends on axioms: [propext, Classical.choice, Quot.sound]
info: M7GlobalQueryAccepted.lean:151:0: 'M7.GlobalQuery.invalid_rejection' depends on axioms: [propext, Classical.choice, Quot.sound]
info: M7GlobalQueryAccepted.lean:152:0: 'M7.GlobalQuery.winning_classes' depends on axioms: [propext, Classical.choice, Quot.sound]
info: M7GlobalQueryAccepted.lean:153:0: 'M7.GlobalQuery.winning_fiber' depends on axioms: [propext, Classical.choice, Quot.sound]
info: M7GlobalQueryAccepted.lean:154:0: 'M7.GlobalQuery.same_class_presentation' depends on axioms: [propext, Classical.choice, Quot.sound]
info: M7GlobalQueryAccepted.lean:155:0: 'M7.GlobalQuery.physical_presentation' depends on axioms: [propext, Classical.choice, Quot.sound]
✔ [8875/8905] Built M7QuerySectors (22s)
⚠ [8876/8905] Built M7CompactCorrectnessAccepted (21s)
warning: M7CompactCorrectnessAccepted.lean:16:30: this tactic is never executed

Note: This linter can be disabled with `set_option linter.unreachableTactic false`
warning: M7CompactCorrectnessAccepted.lean:16:30: Unused tactic linter: `exact ih _ _ rfl` does nothing

Note: This linter can be disabled with `set_option linter.unusedTactic false`
warning: M7CompactCorrectnessAccepted.lean:23:6: Try `simp at he` instead of `simpa using he`

Note: This linter can be disabled with `set_option linter.unnecessarySimpa false`
warning: M7CompactCorrectnessAccepted.lean:27:6: Unused tactic linter: `all_goals
  first
  | contradiction
  | skip` does nothing

Note: This linter can be disabled with `set_option linter.unusedTactic false`
warning: M7CompactCorrectnessAccepted.lean:53:6: Try `simp at he` instead of `simpa using he`

Note: This linter can be disabled with `set_option linter.unnecessarySimpa false`
warning: M7CompactCorrectnessAccepted.lean:65:45: `if_pos` has been deprecated: Use `ite_eq_left` instead
warning: M7CompactCorrectnessAccepted.lean:102:6: Try `simp at he` instead of `simpa using he`

Note: This linter can be disabled with `set_option linter.unnecessarySimpa false`
warning: M7CompactCorrectnessAccepted.lean:108:45: `if_pos` has been deprecated: Use `ite_eq_left` instead
warning: M7CompactCorrectnessAccepted.lean:109:10: `if_neg` has been deprecated: Use `ite_eq_right` instead
warning: M7CompactCorrectnessAccepted.lean:118:8: Try `simp at he` instead of `simpa using he`

Note: This linter can be disabled with `set_option linter.unnecessarySimpa false`
warning: M7CompactCorrectnessAccepted.lean:109:10: This simp argument is unused:
  if_neg (not_le.mpr hp)

Hint: Omit it from the simp argument list.
  [apply] simp only [M7.CompactGeneration.run, if_pos hp, List.mem_cons] at he

Note: This linter can be disabled with `set_option linter.unusedSimpArgs false`
warning: M7CompactCorrectnessAccepted.lean:146:46: `if_pos` has been deprecated: Use `ite_eq_left` instead
warning: M7CompactCorrectnessAccepted.lean:171:45: `if_pos` has been deprecated: Use `ite_eq_left` instead
warning: M7CompactCorrectnessAccepted.lean:222:47: `if_pos` has been deprecated: Use `ite_eq_left` instead
info: M7CompactCorrectnessAccepted.lean:244:0: 'M7.CompactCorrectness.residual_eq' depends on axioms: [propext, Classical.choice, Quot.sound]
info: M7CompactCorrectnessAccepted.lean:245:0: 'M7.CompactCorrectness.emission_eq' depends on axioms: [propext, Classical.choice, Quot.sound]
info: M7CompactCorrectnessAccepted.lean:246:0: 'M7.CompactCorrectness.initial' depends on axioms: [propext, Classical.choice, Quot.sound]
info: M7CompactCorrectnessAccepted.lean:247:0: 'M7.CompactCorrectness.run_cache' depends on axioms: [propext, Classical.choice, Quot.sound]
info: M7CompactCorrectnessAccepted.lean:248:0: 'M7.CompactCorrectness.run_disjoint' depends on axioms: [propext, Classical.choice, Quot.sound]
info: M7CompactCorrectnessAccepted.lean:249:0: 'M7.CompactCorrectness.run_good' depends on axioms: [propext, Classical.choice, Quot.sound]
info: M7CompactCorrectnessAccepted.lean:250:0: 'M7.CompactCorrectness.run_leaves' depends on axioms: [propext, Classical.choice, Quot.sound]
info: M7CompactCorrectnessAccepted.lean:251:0: 'M7.CompactCorrectness.run_nodup' depends on axioms: [propext, Classical.choice, Quot.sound]
info: M7CompactCorrectnessAccepted.lean:252:0: 'M7.CompactCorrectness.run_records' depends on axioms: [propext, Classical.choice, Quot.sound]
info: M7CompactCorrectnessAccepted.lean:253:0: 'M7.CompactCorrectness.run_zero' depends on axioms: [propext, Classical.choice, Quot.sound]
info: M7CompactCorrectnessAccepted.lean:254:0: 'M7.CompactCorrectness.generate_exact' depends on axioms: [propext, Classical.choice, Quot.sound]
info: M7CompactCorrectnessAccepted.lean:255:0: 'M7.CompactCorrectness.generate_card' depends on axioms: [propext, Classical.choice, Quot.sound]
info: M7CompactCorrectnessAccepted.lean:256:0: 'M7.CompactCorrectness.generate_coverage' depends on axioms: [propext, Classical.choice, Quot.sound]
⚠ [8877/8905] Built M7CompactStorageAccepted (25s)
warning: M7CompactStorageAccepted.lean:30:17: Used `tac1 <;> tac2` where `(tac1; tac2)` would suffice

Note: This linter can be disabled with `set_option linter.unnecessarySeqFocus false`
warning: M7CompactStorageAccepted.lean:50:2: Unused tactic linter: `change
  ∀ (N : ℕ) (F G : M5.BinaryPolynomial),
    F.natDegree ≤ N →
      G.natDegree ≤ N →
        M7.CompactStorage.polynomialBits N F = M7.CompactStorage.polynomialBits N G → F = G` does nothing

Note: This linter can be disabled with `set_option linter.unusedTactic false`
info: M7CompactStorageAccepted.lean:135:0: 'M7.CompactStorage.emission_valid' depends on axioms: [propext, Classical.choice, Quot.sound]
info: M7CompactStorageAccepted.lean:136:0: 'M7.CompactStorage.field_bounds' depends on axioms: [propext, Classical.choice, Quot.sound]
info: M7CompactStorageAccepted.lean:137:0: 'M7.CompactStorage.polynomial_injective' depends on axioms: [propext, Classical.choice, Quot.sound]
info: M7CompactStorageAccepted.lean:138:0: 'M7.CompactStorage.storage_bounds' depends on axioms: [propext, Classical.choice, Quot.sound]
info: M7CompactStorageAccepted.lean:139:0: 'M7.CompactStorage.support_value_injective' depends on axioms: [propext, Classical.choice, Quot.sound]
info: M7CompactStorageAccepted.lean:140:0: 'M7.CompactStorage.encode_core' depends on axioms: [propext, Classical.choice, Quot.sound]
info: M7CompactStorageAccepted.lean:141:0: 'M7.CompactStorage.unit_table_recovery' depends on axioms: [propext, Classical.choice, Quot.sound]
⚠ [8878/8905] Built M7GenerationCallsAccepted (26s)
warning: M7GenerationCallsAccepted.lean:4:2: Unused tactic linter: `change
  ∀ (c : List Bool → ℤ) (p : List Bool) (n : ℕ), (M7.GenerationCalls.traceMeasured c p n).2 = 2 * n` does nothing

Note: This linter can be disabled with `set_option linter.unusedTactic false`
warning: M7GenerationCallsAccepted.lean:12:2: Unused tactic linter: `change
  ∀ (c : List Bool → ℤ) (p : List Bool) (n : ℕ),
    (M7.GenerationCalls.traceMeasured c p n).1 = M7.DescentTrace.trace c p n` does nothing

Note: This linter can be disabled with `set_option linter.unusedTactic false`
warning: M7GenerationCallsAccepted.lean:42:51: `if_pos` has been deprecated: Use `ite_eq_left` instead
warning: M7GenerationCallsAccepted.lean:44:24: This simp argument is unused:
  Nat.add_left_comm

Hint: Omit it from the simp argument list.
  [apply] simp [hr, hc, M7.GenerationCalls.emission_count, Nat.mul_add, Nat.add_comm, Nat.add_assoc]

Note: This linter can be disabled with `set_option linter.unusedSimpArgs false`
warning: M7GenerationCallsAccepted.lean:44:43: This simp argument is unused:
  Nat.add_assoc

Hint: Omit it from the simp argument list.
  [apply] simp [hr, hc, M7.GenerationCalls.emission_count, Nat.mul_add, Nat.add_comm, Nat.add_left_comm]

Note: This linter can be disabled with `set_option linter.unusedSimpArgs false`
warning: M7GenerationCallsAccepted.lean:80:51: `if_pos` has been deprecated: Use `ite_eq_left` instead
info: M7GenerationCallsAccepted.lean:105:0: 'M7.GenerationCalls.trace_count' depends on axioms: [propext]
info: M7GenerationCallsAccepted.lean:106:0: 'M7.GenerationCalls.emission_count' depends on axioms: [propext, Classical.choice, Quot.sound]
info: M7GenerationCallsAccepted.lean:107:0: 'M7.GenerationCalls.run_count' depends on axioms: [propext, Classical.choice, Quot.sound]
info: M7GenerationCallsAccepted.lean:108:0: 'M7.GenerationCalls.trace_projection' depends on axioms: [propext]
info: M7GenerationCallsAccepted.lean:109:0: 'M7.GenerationCalls.emission_projection' depends on axioms: [propext, Classical.choice, Quot.sound]
info: M7GenerationCallsAccepted.lean:110:0: 'M7.GenerationCalls.run_projection' depends on axioms: [propext, Classical.choice, Quot.sound]
info: M7GenerationCallsAccepted.lean:111:0: 'M7.GenerationCalls.run_orbit_bound' depends on axioms: [propext, Classical.choice, Quot.sound]
info: M7GenerationCallsAccepted.lean:112:0: 'M7.GenerationCalls.generate_count' depends on axioms: [propext, Classical.choice, Quot.sound]
✔ [8879/8905] Built M7QualityTable (24s)
✔ [8880/8905] Built M7LabelReplay (24s)
✔ [8881/8905] Built M7StreamingIndices (22s)
⚠ [8882/8905] Built M7QuerySectorsAccepted (27s)
warning: M7QuerySectorsAccepted.lean:10:4: Try `simp at hc` instead of `simpa using hc`

Note: This linter can be disabled with `set_option linter.unnecessarySimpa false`
warning: M7QuerySectorsAccepted.lean:23:4: This simp argument is unused:
  Multiset.mem_map

Hint: Omit it from the simp argument list.
  [apply] simp only [M7.QuerySectors.allSectors, Finset.mem_image, Multiset.mem_toFinset, Multiset.mem_powerset] at hF

Note: This linter can be disabled with `set_option linter.unusedSimpArgs false`
info: M7QuerySectorsAccepted.lean:66:0: 'M7.QuerySectors.all_complete' depends on axioms: [propext, Classical.choice, Quot.sound]
info: M7QuerySectorsAccepted.lean:67:0: 'M7.QuerySectors.all_sound' depends on axioms: [propext, Classical.choice, Quot.sound]
info: M7QuerySectorsAccepted.lean:68:0: 'M7.QuerySectors.all_membership' depends on axioms: [propext, Classical.choice, Quot.sound]
info: M7QuerySectorsAccepted.lean:69:0: 'M7.QuerySectors.effective_valid' depends on axioms: [propext, Classical.choice, Quot.sound]
info: M7QuerySectorsAccepted.lean:70:0: 'M7.QuerySectors.signature_allowed' depends on axioms: [propext, Classical.choice, Quot.sound]
⚠ [8883/8905] Built M7QueryRebaseAccepted (30s)
warning: M7QueryRebaseAccepted.lean:22:6: This simp argument is unused:
  M7.Action.left_inverse

Hint: Omit it from the simp argument list.
  [apply] simp [M7.QueryRebase.undo, M7.QueryRebase.reparam, M7.Action.associative, M7.Action.right_inverse,
    M7.Action.right_identity]

Note: This linter can be disabled with `set_option linter.unusedSimpArgs false`
warning: M7QueryRebaseAccepted.lean:27:29: This simp argument is unused:
  M7.Action.right_inverse

Hint: Omit it from the simp argument list.
  [apply] simp [M7.QueryRebase.undo, M7.QueryRebase.reparam, M7.Action.associative, M7.Action.left_inverse,
    M7.Action.right_identity]

Note: This linter can be disabled with `set_option linter.unusedSimpArgs false`
info: M7QueryRebaseAccepted.lean:160:0: 'M7.QueryRebase.realize_reparam' depends on axioms: [propext, Classical.choice, Quot.sound]
info: M7QueryRebaseAccepted.lean:161:0: 'M7.QueryRebase.reparameterization' depends on axioms: [propext, Quot.sound]
info: M7QueryRebaseAccepted.lean:162:0: 'M7.QueryRebase.sector_base' depends on axioms: [propext, Classical.choice, Quot.sound]
info: M7QueryRebaseAccepted.lean:163:0: 'M7.QueryRebase.feasible_objective' depends on axioms: [propext, Classical.choice, Quot.sound]
info: M7QueryRebaseAccepted.lean:164:0: 'M7.QueryRebase.winners_reparam' depends on axioms: [propext, Classical.choice, Quot.sound]
info: M7QueryRebaseAccepted.lean:165:0: 'M7.QueryRebase.winner_images' depends on axioms: [propext, Classical.choice, Quot.sound]
info: M7QueryRebaseAccepted.lean:166:0: 'M7.QueryRebase.presentation_images' depends on axioms: [propext, Classical.choice, Quot.sound]
info: M7QueryRebaseAccepted.lean:167:0: 'M7.QueryRebase.winning_classes' depends on axioms: [propext, Classical.choice, Quot.sound]
✔ [8884/8905] Built M7OverfullBoundary (28s)
✔ [8885/8905] Built M7GenerationReplay (28s)
✔ [8886/8905] Built M7GeneratedFamily (28s)
⚠ [8887/8905] Built M7QueryCertificateAccepted (32s)
warning: M7QueryCertificateAccepted.lean:20:2: Unused tactic linter: `change
  ((∀ x, x ∈ P → x ∈ W ∧ M7.QueryCertificate.isLeast bases x) ∧
      (∀ x, x ∈ W → M7.QueryCertificate.isLeast bases x → x ∈ P)) ↔
    ∀ x, x ∈ P ↔ x ∈ W ∧ M7.QueryCertificate.isLeast bases x` does nothing

Note: This linter can be disabled with `set_option linter.unusedTactic false`
warning: M7QueryCertificateAccepted.lean:45:47: This simp argument is unused:
  hd

Hint: Omit it from the simp argument list.
  [apply] simp [hf, hw]

Note: This linter can be disabled with `set_option linter.unusedSimpArgs false`
warning: M7QueryCertificateAccepted.lean:68:26: `dif_pos` has been deprecated: Use `dite_eq_left` instead
warning: M7QueryCertificateAccepted.lean:101:6: This simp argument is unused:
  (M7.ActualPresentation.leastAction_spec N (bases x.1) (M7.GlobalQuery.realize bases x)).1

Hint: Omit it from the simp argument list.
  [apply] simp [M7.QueryCertificate.allPresentations, M7.GlobalQuery.present, M7.QueryCertificate.isLeast,
    M7.GlobalQuery.realize]

Note: This linter can be disabled with `set_option linter.unusedSimpArgs false`
info: M7QueryCertificateAccepted.lean:133:0: 'M7.QueryCertificate.invalid_rule' depends on axioms: [propext, Classical.choice, Quot.sound]
info: M7QueryCertificateAccepted.lean:134:0: 'M7.QueryCertificate.presentation_pass_spec' depends on axioms: [propext, Classical.choice, Quot.sound]
info: M7QueryCertificateAccepted.lean:135:0: 'M7.QueryCertificate.winner_pass_spec' depends on axioms: [propext, Classical.choice, Quot.sound]
info: M7QueryCertificateAccepted.lean:136:0: 'M7.QueryCertificate.winner_pass_complete' depends on axioms: [propext, Classical.choice, Quot.sound]
info: M7QueryCertificateAccepted.lean:137:0: 'M7.QueryCertificate.check_complete' depends on axioms: [propext, Classical.choice, Quot.sound]
info: M7QueryCertificateAccepted.lean:138:0: 'M7.QueryCertificate.winner_pass_sound' depends on axioms: [propext, Classical.choice, Quot.sound]
info: M7QueryCertificateAccepted.lean:139:0: 'M7.QueryCertificate.check_sound' depends on axioms: [propext, Classical.choice, Quot.sound]
info: M7QueryCertificateAccepted.lean:140:0: 'M7.QueryCertificate.check_exact' depends on axioms: [propext, Classical.choice, Quot.sound]
⚠ [8888/8905] Built M7QualityTableAccepted (23s)
warning: M7QualityTableAccepted.lean:10:19: This simp argument is unused:
  ZMod.natCast_zmod_val

Hint: Omit it from the simp argument list.
  [apply] simp [M7.QualityTable.placedScores, M7.QualityTable.read, M7.QualityTable.leftTable,
    M7.QualityTable.rightTable, ZMod.val_lt]

Note: This linter can be disabled with `set_option linter.unusedSimpArgs false`
warning: M7QualityTableAccepted.lean:26:17: This simp argument is unused:
  hs

Hint: Omit it from the simp argument list.
  [apply] simp only [Option.map_some]

Note: This linter can be disabled with `set_option linter.unusedSimpArgs false`
info: M7QualityTableAccepted.lean:46:0: 'M7.QualityTable.array_scores' depends on axioms: [propext, Classical.choice, Quot.sound]
info: M7QualityTableAccepted.lean:47:0: 'M7.QualityTable.solve_distance' depends on axioms: [propext, Classical.choice, Quot.sound]
info: M7QualityTableAccepted.lean:48:0: 'M7.QualityTable.cache_action' depends on axioms: [propext, Classical.choice, Quot.sound]
⚠ [8889/8905] Built M7StreamingIndicesAccepted (17s)
warning: M7StreamingIndicesAccepted.lean:4:2: Unused tactic linter: `change
  ∀ (n : ℕ) (p : Fin n → Bool) (i fuel : ℕ),
    M7.StreamingIndices.allFinFrom n p i fuel = true ↔
      ∀ j : Fin n, i ≤ j.val → j.val < i + fuel → p j = true` does nothing

Note: This linter can be disabled with `set_option linter.unusedTactic false`
warning: M7StreamingIndicesAccepted.lean:47:44: This simp argument is unused:
  ZMod.natCast_zmod_val

Hint: Omit it from the simp argument list.
  [apply] simp [M7.StreamingIndices.decodeRecord]

Note: This linter can be disabled with `set_option linter.unusedSimpArgs false`
warning: M7StreamingIndicesAccepted.lean:49:44: This simp argument is unused:
  ZMod.natCast_zmod_val

Hint: Omit it from the simp argument list.
  [apply] simp [M7.StreamingIndices.decodeRecord]

Note: This linter can be disabled with `set_option linter.unusedSimpArgs false`
warning: M7StreamingIndicesAccepted.lean:52:2: Unused tactic linter: `change
  ∀ (n : ℕ) (p : Fin n → Bool), M7.StreamingIndices.allFin n p = true ↔ ∀ j : Fin n, p j = true` does nothing

Note: This linter can be disabled with `set_option linter.unusedTactic false`
info: M7StreamingIndicesAccepted.lean:94:0: 'M7.StreamingIndices.cursor_interval' depends on axioms: [propext, Quot.sound]
info: M7StreamingIndicesAccepted.lean:95:0: 'M7.StreamingIndices.all_fin' depends on axioms: [propext, Quot.sound]
info: M7StreamingIndicesAccepted.lean:96:0: 'M7.StreamingIndices.record_surjective' depends on axioms: [propext, Classical.choice, Quot.sound]
info: M7StreamingIndicesAccepted.lean:97:0: 'M7.StreamingIndices.all_records' depends on axioms: [propext, Classical.choice, Quot.sound]
info: M7StreamingIndicesAccepted.lean:98:0: 'M7.StreamingIndices.all_indices' depends on axioms: [propext, Classical.choice, Quot.sound]
info: M7StreamingIndicesAccepted.lean:99:0: 'M7.StreamingIndices.stream_winners' depends on axioms: [propext, Classical.choice, Quot.sound]
⚠ [8890/8905] Built M7LabelReplayAccepted (26s)
warning: M7LabelReplayAccepted.lean:24:64: This simp argument is unused:
  Nat.add_comm

Hint: Omit it from the simp argument list.
  [apply] simp [M7.LabelReplay.endpoint, M7.LabelReplay.queryCount]

Note: This linter can be disabled with `set_option linter.unusedSimpArgs false`
info: M7LabelReplayAccepted.lean:44:0: 'M7.LabelReplay.check_sound' depends on axioms: [propext, Classical.choice, Quot.sound]
info: M7LabelReplayAccepted.lean:45:0: 'M7.LabelReplay.checked_physical_answer' depends on axioms: [propext, Classical.choice, Quot.sound]
info: M7LabelReplayAccepted.lean:46:0: 'M7.LabelReplay.self_check' depends on axioms: [propext, Classical.choice, Quot.sound]
info: M7LabelReplayAccepted.lean:47:0: 'M7.LabelReplay.trace_recover' depends on axioms: [propext, Classical.choice, Quot.sound]
⚠ [8891/8905] Built M7GenerationReplayAccepted (29s)
warning: M7GenerationReplayAccepted.lean:50:2: Unused tactic linter: `change M7.GenerationReplay.stepPass w E bases e = true ↔ _` does nothing

Note: This linter can be disabled with `set_option linter.unusedTactic false`
warning: M7GenerationReplayAccepted.lean:109:30: This simp argument is unused:
  Finset.mem_filter

Hint: Omit it from the simp argument list.
  [apply] simp only [M7.RecoveryInstance.remaining, M7.OrbitResidual.remaining, Finset.mem_sdiff] at hf

Note: This linter can be disabled with `set_option linter.unusedSimpArgs false`
warning: M7GenerationReplayAccepted.lean:133:45: `if_pos` has been deprecated: Use `ite_eq_left` instead
warning: M7GenerationReplayAccepted.lean:134:10: `if_neg` has been deprecated: Use `ite_eq_right` instead
warning: M7GenerationReplayAccepted.lean:135:54: `if_true` has been deprecated: Use `ite_true` instead
warning: M7GenerationReplayAccepted.lean:122:44: This simp argument is unused:
  M7.GenerationReplay.replay

Hint: Omit it from the simp argument list.
  [apply] simp_all [M7.CompactGeneration.run, not_le_of_gt hpos]

Note: This linter can be disabled with `set_option linter.unusedSimpArgs false`
warning: M7GenerationReplayAccepted.lean:123:10: This simp argument is unused:
  not_le_of_gt hpos

Hint: Omit it from the simp argument list.
  [apply] simp_all [M7.CompactGeneration.run, M7.GenerationReplay.replay]

Note: This linter can be disabled with `set_option linter.unusedSimpArgs false`
warning: M7GenerationReplayAccepted.lean:125:10: This simp argument is unused:
  le_of_not_gt hpos

Hint: Omit it from the simp argument list.
  [apply] simp_all [M7.CompactGeneration.run, M7.GenerationReplay.replay]

Note: This linter can be disabled with `set_option linter.unusedSimpArgs false`
warning: M7GenerationReplayAccepted.lean:134:10: This simp argument is unused:
  if_neg (not_le_of_gt hpos)

Hint: Omit it from the simp argument list.
  [apply] simp only [M7.CompactGeneration.run, if_pos hpos] at hzero ⊢

Note: This linter can be disabled with `set_option linter.unusedSimpArgs false`
info: M7GenerationReplayAccepted.lean:190:0: 'M7.GenerationReplay.fresh_nodup' depends on axioms: [propext, Classical.choice, Quot.sound]
info: M7GenerationReplayAccepted.lean:191:0: 'M7.GenerationReplay.replay_terminal_fold' depends on axioms: [propext, Classical.choice, Quot.sound]
info: M7GenerationReplayAccepted.lean:192:0: 'M7.GenerationReplay.step_exact' depends on axioms: [propext, Classical.choice, Quot.sound]
info: M7GenerationReplayAccepted.lean:193:0: 'M7.GenerationReplay.replay_sound' depends on axioms: [propext, Classical.choice, Quot.sound]
info: M7GenerationReplayAccepted.lean:194:0: 'M7.GenerationReplay.checked_coverage' depends on axioms: [propext, Classical.choice, Quot.sound]
info: M7GenerationReplayAccepted.lean:195:0: 'M7.GenerationReplay.run_replay' depends on axioms: [propext, Classical.choice, Quot.sound]
info: M7GenerationReplayAccepted.lean:196:0: 'M7.GenerationReplay.generate_checked' depends on axioms: [propext, Classical.choice, Quot.sound]
⚠ [8892/8905] Built M7OverfullBoundaryAccepted (34s)
warning: M7OverfullBoundaryAccepted.lean:45:6: Try `simp at hc` instead of `simpa using hc`

Note: This linter can be disabled with `set_option linter.unnecessarySimpa false`
info: M7OverfullBoundaryAccepted.lean:52:0: 'M7.OverfullBoundary.class_impossible' depends on axioms: [propext, Classical.choice, Quot.sound]
info: M7OverfullBoundaryAccepted.lean:53:0: 'M7.OverfullBoundary.empty_root' depends on axioms: [propext, Classical.choice, Quot.sound]
info: M7OverfullBoundaryAccepted.lean:54:0: 'M7.OverfullBoundary.empty_generate' depends on axioms: [propext, Classical.choice, Quot.sound]
info: M7OverfullBoundaryAccepted.lean:55:0: 'M7.OverfullBoundary.overfull_generate' depends on axioms: [propext, Classical.choice, Quot.sound]
✔ [8893/8905] Built M7StreamingCost (45s)
⚠ [8894/8905] Built M7StreamingCostAccepted (41s)
warning: M7StreamingCostAccepted.lean:12:48: `dif_pos` has been deprecated: Use `dite_eq_left` instead
warning: M7StreamingCostAccepted.lean:18:2: Unused tactic linter: `change
  ∀ (n : ℕ) (p : Fin n → M7.StreamingCost.Eval) (i fuel : ℕ),
    (M7.StreamingCost.allFinFrom n p i fuel).result =
      M7.StreamingIndices.allFinFrom n (fun j => (p j).result) i fuel` does nothing

Note: This linter can be disabled with `set_option linter.unusedTactic false`
warning: M7StreamingCostAccepted.lean:40:29: This simp argument is unused:
  Nat.mul_left_comm

Hint: Omit it from the simp argument list.
  [apply] simp [M7.StreamingCost.recordCount, ZMod.card_units_eq_totient, pow_two, Nat.mul_comm, Nat.mul_assoc]

Note: This linter can be disabled with `set_option linter.unusedSimpArgs false`
warning: M7StreamingCostAccepted.lean:111:22: this tactic is never executed

Note: This linter can be disabled with `set_option linter.unreachableTactic false`
warning: M7StreamingCostAccepted.lean:111:22: Unused tactic linter: `(split_ifs <;> simp)` does nothing

Note: This linter can be disabled with `set_option linter.unusedTactic false`
info: M7StreamingCostAccepted.lean:129:0: 'M7.StreamingCost.cursor_bound' depends on axioms: [propext, Classical.choice, Quot.sound]
info: M7StreamingCostAccepted.lean:130:0: 'M7.StreamingCost.cursor_projection' depends on axioms: [propext]
info: M7StreamingCostAccepted.lean:131:0: 'M7.StreamingCost.record_bound' depends on axioms: [propext, Classical.choice, Quot.sound]
info: M7StreamingCostAccepted.lean:132:0: 'M7.StreamingCost.index_bound' depends on axioms: [propext, Classical.choice, Quot.sound]
info: M7StreamingCostAccepted.lean:133:0: 'M7.StreamingCost.record_cardinality' depends on axioms: [propext, Classical.choice, Quot.sound]
info: M7StreamingCostAccepted.lean:134:0: 'M7.StreamingCost.record_projection' depends on axioms: [propext, Classical.choice, Quot.sound]
info: M7StreamingCostAccepted.lean:135:0: 'M7.StreamingCost.index_projection' depends on axioms: [propext, Classical.choice, Quot.sound]
info: M7StreamingCostAccepted.lean:136:0: 'M7.StreamingCost.stream_projection_bound' depends on axioms: [propext, Classical.choice, Quot.sound]
info: M7StreamingCostAccepted.lean:137:0: 'M7.StreamingCost.scan_bound' depends on axioms: [propext, Classical.choice, Quot.sound]
⚠ [8895/8905] Built M7GeneratedFamilyAccepted (106s)
warning: M7GeneratedFamilyAccepted.lean:50:6: this tactic is never executed

Note: This linter can be disabled with `set_option linter.unreachableTactic false`
warning: M7GeneratedFamilyAccepted.lean:50:12: this tactic is never executed

Note: This linter can be disabled with `set_option linter.unreachableTactic false`
warning: M7GeneratedFamilyAccepted.lean:50:6: Unused tactic linter: `symm` does nothing

Note: This linter can be disabled with `set_option linter.unusedTactic false`
warning: M7GeneratedFamilyAccepted.lean:50:12: Unused tactic linter: `apply M7.CompactGeneration.run_fold` does nothing

Note: This linter can be disabled with `set_option linter.unusedTactic false`
warning: M7GeneratedFamilyAccepted.lean:91:70: this tactic is never executed

Note: This linter can be disabled with `set_option linter.unreachableTactic false`
warning: M7GeneratedFamilyAccepted.lean:91:70: Unused tactic linter: `omega` does nothing

Note: This linter can be disabled with `set_option linter.unusedTactic false`
info: M7GeneratedFamilyAccepted.lean:99:4: Try this:
  [apply] exact Action.act_compose N g h b
info: M7GeneratedFamilyAccepted.lean:103:4: Try this:
  [apply] exact Action.act_inverse N g b
info: M7GeneratedFamilyAccepted.lean:155:0: 'M7.GeneratedFamily.family_injective' depends on axioms: [propext, Classical.choice, Quot.sound]
info: M7GeneratedFamilyAccepted.lean:156:0: 'M7.GeneratedFamily.family_meets' depends on axioms: [propext, Classical.choice, Quot.sound]
info: M7GeneratedFamilyAccepted.lean:157:0: 'M7.GeneratedFamily.family_range' depends on axioms: [propext, Classical.choice, Quot.sound]
info: M7GeneratedFamilyAccepted.lean:158:0: 'M7.GeneratedFamily.family_good' depends on axioms: [propext, Classical.choice, Quot.sound]
info: M7GeneratedFamilyAccepted.lean:159:0: 'M7.GeneratedFamily.family_anchored' depends on axioms: [propext, Classical.choice, Quot.sound]
info: M7GeneratedFamilyAccepted.lean:160:0: 'M7.GeneratedFamily.family_complete' depends on axioms: [propext, Classical.choice, Quot.sound]
info: M7GeneratedFamilyAccepted.lean:161:0: 'M7.GeneratedFamily.family_separated' depends on axioms: [propext, Classical.choice, Quot.sound]
✔ [8896/8905] Built M7GeneratedLabels (25s)
✔ [8897/8905] Built M7FinalSelector (27s)
ℹ [8898/8905] Built M7GeneratedLabelsAccepted (13s)
info: M7GeneratedLabelsAccepted.lean:41:0: 'M7.GeneratedLabels.arrays' depends on axioms: [propext, Classical.choice, Quot.sound]
info: M7GeneratedLabelsAccepted.lean:42:0: 'M7.GeneratedLabels.cache' depends on axioms: [propext, Classical.choice, Quot.sound]
info: M7GeneratedLabelsAccepted.lean:43:0: 'M7.GeneratedLabels.pointwise' depends on axioms: [propext, Classical.choice, Quot.sound]
info: M7GeneratedLabelsAccepted.lean:44:0: 'M7.GeneratedLabels.witness' depends on axioms: [propext, Classical.choice, Quot.sound]
⚠ [8899/8905] Built M7FinalSelectorAccepted (17s)
warning: M7FinalSelectorAccepted.lean:15:30: This simp argument is unused:
  M7.Action.act_identity

Hint: Omit it from the simp argument list.
  [apply] simp only [M7.GlobalQuery.feasible, M7.FinalSelector.RawFeasible, M7.FinalSelector.realize,
    M7.GlobalQuery.realize, M7.DefaultQuery.feasible, M7.QueryRebase.sector_base, hc, true_and, and_true]

Note: This linter can be disabled with `set_option linter.unusedSimpArgs false`
warning: M7FinalSelectorAccepted.lean:16:46: This simp argument is unused:
  and_true

Hint: Omit it from the simp argument list.
  [apply] simp only [M7.GlobalQuery.feasible, M7.FinalSelector.RawFeasible, M7.FinalSelector.realize,
    M7.GlobalQuery.realize, M7.DefaultQuery.feasible, M7.Action.act_identity, M7.QueryRebase.sector_base, hc, true_and]

Note: This linter can be disabled with `set_option linter.unusedSimpArgs false`
warning: M7FinalSelectorAccepted.lean:67:8: Try `simp at hx` instead of `simpa using hx`

Note: This linter can be disabled with `set_option linter.unnecessarySimpa false`
warning: M7FinalSelectorAccepted.lean:75:8: Try `simp at hm` instead of `simpa using hm`

Note: This linter can be disabled with `set_option linter.unnecessarySimpa false`
info: M7FinalSelectorAccepted.lean:181:0: 'M7.FinalSelector.index_feasible' depends on axioms: [propext, Classical.choice, Quot.sound]
info: M7FinalSelectorAccepted.lean:182:0: 'M7.FinalSelector.invalid_rejection' depends on axioms: [propext, Classical.choice, Quot.sound]
info: M7FinalSelectorAccepted.lean:183:0: 'M7.FinalSelector.raw_realizable' depends on axioms: [propext, Classical.choice, Quot.sound]
info: M7FinalSelectorAccepted.lean:184:0: 'M7.FinalSelector.empty_exact' depends on axioms: [propext, Classical.choice, Quot.sound]
info: M7FinalSelectorAccepted.lean:185:0: 'M7.FinalSelector.winner_exact' depends on axioms: [propext, Classical.choice, Quot.sound]
info: M7FinalSelectorAccepted.lean:186:0: 'M7.FinalSelector.raw_output' depends on axioms: [propext, Classical.choice, Quot.sound]
info: M7FinalSelectorAccepted.lean:187:0: 'M7.FinalSelector.presentation_exact' depends on axioms: [propext, Classical.choice, Quot.sound]
info: M7FinalSelectorAccepted.lean:188:0: 'M7.FinalSelector.strict_dominator' depends on axioms: [propext, Classical.choice, Quot.sound]
✔ [8900/8905] Built M7FinalResources (17s)
✔ [8901/8905] Built M7FinalReplay (15s)
ℹ [8902/8905] Built M7FinalResourcesAccepted (18s)
info: M7FinalResourcesAccepted.lean:69:0: 'M7.FinalResources.comparison' depends on axioms: [propext, Classical.choice, Quot.sound]
info: M7FinalResourcesAccepted.lean:70:0: 'M7.FinalResources.generation' depends on axioms: [propext, Classical.choice, Quot.sound]
info: M7FinalResourcesAccepted.lean:71:0: 'M7.FinalResources.label_work' depends on axioms: [propext, Classical.choice, Quot.sound]
info: M7FinalResourcesAccepted.lean:72:0: 'M7.FinalResources.storage' depends on axioms: [propext, Classical.choice, Quot.sound]
info: M7FinalResourcesAccepted.lean:73:0: 'M7.FinalResources.witness_work' depends on axioms: [propext, Classical.choice, Quot.sound]
info: M7FinalResourcesAccepted.lean:74:0: 'M7.FinalResources.word_width' depends on axioms: [propext, Classical.choice, Quot.sound]
⚠ [8903/8905] Built M7FinalReplayAccepted (20s)
warning: M7FinalReplayAccepted.lean:5:35: `if_neg` has been deprecated: Use `ite_eq_right` instead
warning: M7FinalReplayAccepted.lean:48:6: this tactic is never executed

Note: This linter can be disabled with `set_option linter.unreachableTactic false`
warning: M7FinalReplayAccepted.lean:51:6: this tactic is never executed

Note: This linter can be disabled with `set_option linter.unreachableTactic false`
warning: M7FinalReplayAccepted.lean:48:6: Unused tactic linter: `have hn : -(1 : M5.BinaryPolynomial) = 1 :=
  by
  have h : -(1 : ZMod 2) = 1 := by decide
  simpa only [map_neg, map_one] using congrArg (Polynomial.C : ZMod 2 → M5.BinaryPolynomial) h` does nothing

Note: This linter can be disabled with `set_option linter.unusedTactic false`
warning: M7FinalReplayAccepted.lean:51:6: Unused tactic linter: `simpa [M6.Cyclic.modulus, sub_eq_add_neg, hn] using
  (Polynomial.monic_X_pow_sub_C (1 : ZMod 2) (NeZero.ne N))` does nothing

Note: This linter can be disabled with `set_option linter.unusedTactic false`
info: M7FinalReplayAccepted.lean:124:0: 'M7.FinalReplay.invalid_rejection' depends on axioms: [propext, Classical.choice, Quot.sound]
info: M7FinalReplayAccepted.lean:125:0: 'M7.FinalReplay.parts' depends on axioms: [propext, Classical.choice, Quot.sound]
info: M7FinalReplayAccepted.lean:126:0: 'M7.FinalReplay.checked_sets' depends on axioms: [propext, Classical.choice, Quot.sound]
info: M7FinalReplayAccepted.lean:127:0: 'M7.FinalReplay.exists_certificate' depends on axioms: [propext, Classical.choice, Quot.sound]
info: M7FinalReplayAccepted.lean:128:0: 'M7.FinalReplay.physical_labels' depends on axioms: [propext, Classical.choice, Quot.sound]
info: M7FinalReplayAccepted.lean:129:0: 'M7.FinalReplay.raw_presentations' depends on axioms: [propext, Classical.choice, Quot.sound]
info: M7FinalReplayAccepted.lean:130:0: 'M7.FinalReplay.raw_winners' depends on axioms: [propext, Classical.choice, Quot.sound]
✔ [8904/8905] Built M7Final (34s)
Build completed successfully (8905 jobs).
